0.0,0.0,0.0,0.0,0.0,5000.0
0.0,0.538410692229749,0.538410692229749,0.538410692229749,0.538410692229749,5000.0
0.0,0.0,0.538410692229749,0.538410692229749,0.0,5000.0
0.0,0.538410692229749,0.538410692229749,0.538410692229749,0.538410692229749,5000.0
0.0,0.0,0.0,0.0,0.0,5000.0
0.0,0.0,0.538410692229749,0.538410692229749,0.0,5000.0
0.0,0.0,0.0,0.0,0.0,5000.0
0.0,0.0,0.0,0.538410692229749,0.0,5000.0
0.0,0.0,0.0,0.0,0.0,5000.0
0.0,0.0,0.0,0.0,0.0,5000.0
0.0,0.0,0.0,0.0,0.0,5000.0
0.0,0.0,0.0,0.0,0.0,5000.0
0.0,0.0,0.0,0.0,0.0,5000.0
0.0,0.0,0.0,0.0,0.0,5000.0
0.0,0.0,0.0,0.0,0.0,5000.0
0.0,0.0,0.0,0.0,0.0,5000.0
0.0,0.0,0.0,0.0,0.0,5000.0
0.0,0.0,0.0,0.0,0.0,5000.0
0.0,0.0,0.0,0.0,0.0,5000.0
0.0,0.0,0.0,0.0,0.0,5000.0
0.0,0.0,0.0,0.0,0.0,5000.0
0.0,0.0,0.0,0.0,0.0,5000.0
0.0,0.0,0.0,0.0,0.0,5000.0
0.0,0.0,0.0,0.0,0.0,5000.0
0.0,0.0,0.0,0.0,0.0,5000.0
0.0,0.0,0.0,0.0,0.0,5000.0
0.0,0.0,0.0,0.0,0.0,5000.0
0.0,0.0,0.0,0.0,0.0,5000.0
0.0,0.0,0.0,0.0,0.0,5000.0
0.0,0.0,0.0,0.0,0.0,5000.0
0.0,0.0,0.0,0.0,0.0,5000.0
0.0,0.0,0.0,0.0,0.0,5000.0
0.0,0.0,0.0,0.0,0.0,5000.0
0.0,0.0,0.0,0.0,0.0,5000.0
0.0,0.0,0.0,0.0,0.0,5000.0
0.0,0.0,0.0,0.0,0.0,5000.0
0.0,0.0,0.0,0.0,0.0,5000.0
0.0,0.0,0.0,0.0,0.0,5000.0
0.0,0.0,0.0,0.0,0.0,5000.0
0.0,0.0,0.0,0.0,0.0,5000.0
0.0,0.0,0.0,0.0,0.0,5000.0
0.0,0.0,0.0,0.0,0.0,5000.0
0.0,0.0,0.0,0.0,0.0,5000.0
0.0,0.0,0.0,0.0,0.0,5000.0
0.0,0.0,0.0,0.0,0.0,5000.0
0.0,0.0,0.0,0.0,0.0,5000.0
0.0,0.0,0.0,0.0,0.0,5000.0
0.0,0.0,0.0,0.0,0.0,5000.0
0.0,0.0,0.0,0.0,0.0,5000.0
0.0,0.538410692229749,0.538410692229749,0.538410692229749,0.538410692229749,5000.0
0.0,0.538410692229749,0.538410692229749,0.538410692229749,0.538410692229749,5000.0
0.0,0.538410692229749,0.23354186513839922,0.3141663362818709,0.538410692229749,5000.0
0.0,0.538410692229749,0.538410692229749,0.538410692229749,0.538410692229749,5000.0
0.0,0.538410692229749,0.2031722616477311,0.2695700165180839,0.538410692229749,5000.0
0.0,0.538410692229749,0.538410692229749,0.538410692229749,0.538410692229749,5000.0
0.0,0.538410692229749,0.14523224573614643,0.538410692229749,0.538410692229749,5000.0
0.0,0.0,0.0,0.0,0.0,5000.0
0.0,0.0,0.0,0.0,0.0,5000.0
0.0,0.0,0.0,0.0,0.0,5000.0
0.0,0.0,0.0,0.0,0.0,5000.0
0.0,0.0,0.0,0.0,0.0,5000.0
0.0,0.0,0.0,0.0,0.0,5000.0
0.0,0.0,0.0,0.0,0.0,5000.0
0.0,0.538410692229749,0.538410692229749,0.22128058109548426,0.538410692229749,5000.0
0.0,0.538410692229749,0.23654276124054205,0.3580310746625498,0.19356214167595487,5000.0
0.0,0.538410692229749,0.19695913205557386,0.5384106922290357,0.5384106922297178,5000.0
0.0,0.538410692229749,0.23373417595878115,0.12754874229445182,0.538410692229749,5000.0
0.0,1.0,1.6994141755053533,0.5977868736036551,0.31107163744488864,5000.0
0.0,1.0761079590138252,1.699414175505126,0.5166852914921898,0.21934737190337913,5000.0
0.0,0.8667629839555957,1.6994141755048986,0.548596702974591,0.28321020081318016,5000.0
0.0,0.8643675219700526,1.699414175505126,0.47617419359455393,0.538410692229661,5000.0
0.0,0.2671963627444711,0.2652056301176643,0.3938179748460266,0.2533663288295979,5000.0
0.0,0.538410692229749,0.24640878484480072,0.362773306063002,0.1712570211735283,5000.0
0.0,0.538410692229749,0.20522681870273493,0.309212642331818,0.22700991112448995,5000.0
0.0,0.275002760163261,0.2457970711064565,0.3644091901686364,0.25524076600911927,5000.0
0.0,0.0,0.0,0.0,0.0,5000.0
0.0,0.0,0.0,0.0,0.0,5000.0
0.0,0.0,0.0,0.0,0.0,5000.0
0.0,0.0,0.0,0.0,0.0,5000.0
0.0,0.0,0.0,0.0,0.0,5000.0
0.0,0.0,0.0,0.0,0.0,5000.0
0.0,0.0,0.0,0.0,0.0,5000.0
0.0,0.0,0.0,0.0,0.0,5000.0
0.0,0.0,0.0,0.0,0.0,5000.0
0.0,0.0,0.0,0.0,0.0,5000.0
0.0,0.0,0.538410692229749,0.538410692229749,0.0,5000.0
0.0,0.538410692229749,0.538410692229749,0.538410692229749,0.538410692229749,5000.0
0.0,0.0,0.538410692229749,0.538410692229749,0.0,5000.0
0.0,0.0,0.0,0.0,0.538410692229749,5000.0
0.0,0.0,0.0,0.0,0.538410692229749,5000.0
0.0,0.0,0.0,0.0,0.0,5000.0
0.0,0.0,0.0,0.0,0.0,5000.0
0.0,0.0,0.0,390.84456966508185,1000.0000000000001,5000.0
0.0,0.0,0.0,3.038963576790595,1000.0000000000001,5000.0
0.0,0.538410692229749,0.24670108737235855,0.5384106922294905,0.5384106922292631,5000.0
0.0,0.538410692229749,0.538410692229749,0.5384106922297178,0.5384106922290357,5000.0
0.0,0.538410692229749,0.538410692229749,0.538410692229749,0.538410692229749,5000.0
0.0,0.538410692229749,0.538410692229749,0.538410692229749,0.538410692229749,5000.0
0.0,0.0,0.0,0.0,0.0,5000.0
0.0,0.0,0.0,0.0,0.0,5000.0
0.0,0.0,0.0,0.0,0.0,5000.0
0.0,0.0,0.0,0.0,0.0,5000.0
0.0,0.0,0.0,0.0,0.0,5000.0
0.0,0.0,0.0,0.0,0.0,5000.0
0.0,0.0,0.0,0.0,0.0,5000.0
0.0,0.0,0.0,0.0,0.0,5000.0
0.0,0.0,0.0,0.0,0.0,5000.0
0.0,0.0,0.0,0.0,0.0,5000.0
0.0,0.0,0.0,0.0,0.0,5000.0
0.0,0.0,0.0,0.0,0.0,5000.0
0.0,0.0,0.0,0.3655940631747919,1000.0000000000001,5000.0
0.0,0.538410692229749,0.538410692229749,0.538410692229749,0.538410692229749,5000.0
0.0,0.0,0.0,0.0,0.0,5000.0
0.0,0.0,0.0,0.0,0.0,5000.0
0.0,0.0,0.0,0.0,0.0,5000.0
0.0,0.0,0.0,0.0,0.0,5000.0
0.0,0.0,0.0,0.0,0.0,5000.0
0.0,0.0,0.0,0.0,0.0,5000.0
0.0,0.0,0.0,0.0,0.0,5000.0
0.0,0.0,0.0,0.0,0.0,5000.0
0.0,0.0,0.0,0.0,0.0,5000.0
0.0,0.0,0.0,0.0,0.0,5000.0
0.0,0.0,0.0,0.0,0.0,5000.0
0.0,0.0,0.0,0.0,0.538410692229749,5000.0
0.0,0.0,0.0,0.0,0.538410692229749,5000.0
0.0,0.0,0.0,5.649266321768208,1000.0000000000001,5000.0
0.0,0.0,0.0,0.0,0.0,5000.0
0.0,0.0,0.0,0.0,0.0,5000.0
0.0,0.0,0.0,0.0,0.0,5000.0
0.0,0.0,0.0,0.0,0.0,5000.0
0.0,0.0,0.0,0.0,0.538410692229749,5000.0
0.0,0.0,0.0,0.0,0.0,5000.0
0.0,0.0,0.0,0.0,0.0,5000.0
0.0,0.0,0.0,0.0,0.0,5000.0
0.0,0.0,0.0,0.0,0.0,5000.0
0.0,0.0,0.538410692229749,0.538410692229749,0.538410692229749,5000.0
0.0,0.538410692229749,0.538410692229749,0.538410692229749,0.538410692229749,5000.0
0.0,0.0,0.538410692229749,0.538410692229749,0.538410692229749,5000.0
0.0,0.538410692229749,0.538410692229749,0.538410692229749,0.538410692229749,5000.0
0.0,0.538410692229749,0.538410692229749,0.538410692229749,0.0,5000.0
0.0,0.538410692229749,0.538410692229749,0.0,0.0,5000.0
0.0,0.538410692229749,0.538410692229749,0.538410692229749,0.538410692229749,5000.0
0.0,0.538410692229749,0.538410692229749,0.538410692229749,0.538410692229749,5000.0
0.0,0.538410692229749,0.538410692229749,0.538410692229749,0.0,5000.0
0.0,0.538410692229749,0.538410692229749,0.538410692229749,0.0,5000.0
0.0,0.538410692229749,0.538410692229749,0.538410692229749,0.0,5000.0
0.0,0.538410692229749,0.538410692229749,0.538410692229749,0.538410692229749,5000.0
0.0,0.538410692229749,0.538410692229749,0.538410692229749,0.538410692229749,5000.0
0.0,0.538410692229749,0.538410692229749,0.538410692229749,0.538410692229749,5000.0
0.0,0.538410692229749,0.538410692229749,0.538410692229749,0.0,5000.0
0.0,0.538410692229749,0.538410692229749,0.538410692229749,0.0,5000.0
0.0,0.538410692229749,0.538410692229749,0.538410692229749,0.538410692229749,5000.0
0.0,0.538410692229749,0.538410692229749,0.538410692229749,0.0,5000.0
0.0,0.538410692229749,0.538410692229749,0.538410692229749,0.0,5000.0
0.0,0.538410692229749,0.538410692229749,0.538410692229749,0.0,5000.0
0.0,0.538410692229749,0.538410692229749,0.538410692229749,0.0,5000.0
0.0,0.538410692229749,0.538410692229749,0.538410692229749,0.0,5000.0
0.0,0.0,0.0,0.0,0.0,5000.0
0.0,0.0,0.0,0.0,0.0,5000.0
0.0,0.0,0.0,0.0,0.0,5000.0
0.0,0.0,0.0,0.0,0.0,5000.0
0.0,0.0,0.0,0.0,0.0,5000.0
0.0,0.0,0.0,0.0,0.0,5000.0
0.0,0.0,0.0,0.0,0.0,5000.0
0.0,0.0,0.0,0.0,0.0,5000.0
0.0,0.0,0.0,0.0,0.0,5000.0
0.0,0.0,0.0,0.0,0.0,5000.0
0.0,0.0,0.0,0.0,0.538410692229749,5000.0
0.0,0.0,0.0,0.0,0.0,5000.0
0.0,0.0,0.0,0.0,0.0,5000.0
0.0,0.0,0.0,0.0,0.0,5000.0
0.0,0.0,0.0,0.0,0.0,5000.0
0.0,0.0,0.0,0.0,0.0,5000.0
0.0,0.538410692229749,0.538410692229749,0.538410692229749,0.538410692229749,5000.0
0.0,0.538410692229749,0.538410692229749,0.538410692229749,0.538410692229749,5000.0
0.0,0.0,0.0,0.0,0.0,5000.0
0.0,0.0,0.0,0.0,0.0,5000.0
0.0,0.0,0.0,0.0,0.0,5000.0
0.0,0.0,0.0,0.0,0.0,5000.0
0.0,0.538410692229749,0.538410692229749,0.538410692229749,0.538410692229749,5000.0
0.0,0.538410692229749,0.538410692229749,0.538410692229749,0.538410692229749,5000.0
0.0,0.538410692229749,0.538410692229749,0.5384106922292631,0.5384106922293768,5000.0
0.0,0.538410692229749,0.538410692229749,0.538410692229749,0.538410692229749,5000.0
0.0,0.538410692229749,0.538410692229749,0.538410692229749,0.538410692229749,5000.0
0.0,0.0,0.0,0.0,0.0,5000.0
0.0,0.0,0.0,0.0,0.0,5000.0
0.0,0.0,0.0,0.0,0.0,5000.0
0.0,0.0,0.0,0.0,0.0,5000.0
0.0,0.0,0.0,0.0,0.0,5000.0
0.0,0.0,0.0,0.0,0.0,5000.0
0.0,0.0,0.0,0.0,0.0,5000.0
0.0,0.0,0.0,0.0,0.0,5000.0
0.0,0.0,0.0,0.0,0.0,5000.0
0.0,0.0,0.0,0.0,0.0,5000.0
0.0,0.0,0.0,0.0,0.0,5000.0
0.0,0.0,0.0,0.0,0.0,5000.0
0.0,0.0,0.0,0.0,0.0,5000.0
0.0,0.0,0.0,0.0,0.0,5000.0
0.0,0.0,0.0,0.0,0.0,5000.0
0.0,0.538410692229749,0.538410692229749,0.538410692229749,0.538410692229749,5000.0
0.0,0.0,0.0,0.0,0.0,5000.0
0.0,0.0,0.0,0.0,0.0,5000.0
0.0,0.0,0.0,0.0,0.0,5000.0
0.0,0.0,0.0,0.0,0.0,5000.0
0.0,0.0,0.0,0.0,0.0,5000.0
0.0,0.0,0.0,0.0,0.0,5000.0
0.0,0.0,0.0,0.0,0.0,5000.0
0.0,0.0,0.0,0.0,0.0,5000.0
0.0,0.538410692229749,0.538410692229749,0.538410692229749,0.0,5000.0
0.0,0.538410692229749,0.538410692229749,0.538410692229749,0.538410692229749,5000.0
0.0,0.538410692229749,0.538410692229749,0.538410692229749,0.0,5000.0
0.0,0.0,0.0,0.0,0.0,5000.0
0.0,0.0,0.0,0.0,0.0,5000.0
0.0,0.0,0.0,0.0,0.0,5000.0
0.0,0.0,0.0,0.0,0.0,5000.0
0.0,0.0,0.0,0.0,0.0,5000.0
0.0,0.0,0.0,0.0,0.0,5000.0
0.0,0.0,0.0,0.0,0.0,5000.0
0.0,0.0,0.0,0.0,0.0,5000.0
0.0,0.0,0.0,0.0,0.0,5000.0
0.0,0.0,0.0,0.0,0.0,5000.0
0.0,0.0,0.0,0.0,0.0,5000.0
0.0,0.538410692229749,0.538410692229749,0.538410692229749,0.538410692229749,5000.0
0.0,0.538410692229749,0.538410692229749,0.0,0.0,5000.0
0.0,0.0,0.0,0.0,0.0,5000.0
0.0,0.0,0.0,0.0,0.0,5000.0
0.0,0.538410692229749,0.538410692229749,0.0,0.0,5000.0
0.0,0.538410692229749,0.538410692229749,0.0,0.0,5000.0
0.0,0.538410692229749,0.538410692229749,0.538410692229749,0.0,5000.0
0.0,0.538410692229749,0.538410692229749,0.0,0.0,5000.0
0.0,0.538410692229749,0.538410692229749,0.0,0.0,5000.0
0.0,0.538410692229749,0.538410692229749,0.538410692229749,0.538410692229749,5000.0
0.0,0.538410692229749,0.538410692229749,0.538410692229749,0.0,5000.0
0.0,0.538410692229749,0.538410692229749,0.538410692229749,0.0,5000.0
0.0,0.538410692229749,0.538410692229749,0.538410692229749,0.5384106922294905,5000.0
0.0,0.538410692229749,0.538410692229749,0.538410692229749,0.0,5000.0
0.0,0.538410692229749,0.538410692229749,0.538410692229749,0.538410692229749,5000.0
0.0,0.0,0.0,0.0,0.0,5000.0
0.0,0.0,0.0,0.0,0.0,5000.0
0.0,0.0,0.0,0.0,0.0,5000.0
0.0,0.0,0.0,0.0,0.0,5000.0
0.0,0.0,0.0,0.0,0.0,5000.0
0.0,0.538410692229749,0.538410692229749,0.538410692229749,0.538410692229749,5000.0
0.0,0.538410692229749,0.538410692229749,0.538410692229749,0.538410692229749,5000.0
0.0,0.538410692229749,0.538410692229749,0.538410692229749,0.538410692229749,5000.0
0.0,0.0,0.0,0.0,0.0,5000.0
0.0,0.0,0.0,0.0,0.0,5000.0
0.0,0.0,0.0,0.0,0.0,5000.0
0.0,0.0,0.0,0.0,0.0,5000.0
0.0,0.0,0.0,0.0,0.0,5000.0
0.0,0.0,0.0,0.0,0.0,5000.0
0.0,0.0,0.0,0.0,0.0,5000.0
0.0,0.0,0.0,0.0,0.0,5000.0
0.0,0.0,0.0,0.0,0.0,5000.0
0.0,0.0,0.0,0.0,0.0,5000.0
0.0,0.538410692229749,0.538410692229749,0.0,0.0,5000.0
0.0,0.538410692229749,0.538410692229749,0.538410692229749,0.0,5000.0
0.0,0.538410692229749,0.538410692229749,0.0,0.0,5000.0
0.0,0.0,0.0,0.0,0.0,5000.0
0.0,0.0,0.0,0.0,0.0,5000.0
0.0,0.0,0.0,0.0,0.0,5000.0
0.0,0.0,0.0,0.0,0.0,5000.0
0.0,0.0,0.0,0.0,0.0,5000.0
0.0,0.0,0.0,0.0,0.0,5000.0
0.0,0.0,0.0,0.0,0.0,5000.0
0.0,0.538410692229749,0.538410692229749,0.0,0.0,5000.0
0.0,0.538410692229749,0.538410692229749,0.538410692229749,0.0,5000.0
0.0,0.0,0.0,0.0,0.0,5000.0
0.0,0.0,0.0,0.0,0.0,5000.0
0.0,0.0,0.0,0.0,0.0,5000.0
0.0,0.0,0.0,0.0,0.0,5000.0
0.0,0.0,0.0,0.0,0.0,5000.0
0.0,0.0,0.0,0.0,0.0,5000.0
0.0,0.0,0.0,0.0,0.0,5000.0
0.0,0.0,0.0,0.0,0.0,5000.0
0.0,0.0,0.0,0.0,0.0,5000.0
0.0,0.0,0.0,0.0,0.0,5000.0
0.0,0.0,0.0,0.0,0.0,5000.0
0.0,0.0,0.0,0.0,0.0,5000.0
0.0,0.0,0.0,0.0,0.0,5000.0
0.0,0.0,0.0,0.0,0.0,5000.0
0.0,0.0,0.0,0.0,0.0,5000.0
0.0,0.0,0.0,0.0,0.0,5000.0
0.0,0.0,0.0,0.0,0.0,5000.0
0.0,0.0,0.0,0.0,0.0,5000.0
0.0,0.0,0.0,0.0,0.0,5000.0
0.0,0.0,0.0,0.0,0.0,5000.0
0.0,0.0,0.0,0.0,0.0,5000.0
0.0,0.0,0.0,0.0,0.0,5000.0
0.0,0.0,0.0,0.0,0.0,5000.0
0.0,0.0,0.0,0.0,0.0,5000.0
0.0,0.0,0.0,0.0,0.0,5000.0
0.0,0.0,0.0,0.0,0.0,5000.0
0.0,0.0,0.0,0.0,0.0,5000.0
0.0,0.538410692229749,0.538410692229749,0.0,0.0,5000.0
0.0,0.0,0.0,0.0,0.0,5000.0
0.0,0.0,0.0,0.0,0.0,5000.0
0.0,0.0,0.0,0.0,0.0,5000.0
0.0,0.0,0.0,0.0,0.0,5000.0
0.0,0.0,0.0,0.0,0.0,5000.0
0.0,0.0,0.0,0.0,0.0,5000.0
0.0,0.0,0.0,0.0,0.0,5000.0
0.0,0.0,0.0,0.0,0.0,5000.0
0.0,0.538410692229749,0.538410692229749,0.0,0.0,5000.0
0.0,0.538410692229749,0.538410692229749,0.0,0.0,5000.0
0.0,0.538410692229749,0.538410692229749,0.0,0.0,5000.0
0.0,0.0,0.0,0.0,0.0,5000.0
0.0,0.0,0.0,0.0,0.0,5000.0
0.0,0.538410692229749,0.538410692229749,0.0,0.0,5000.0
0.0,0.538410692229749,0.538410692229749,0.0,0.0,5000.0
0.0,0.0,0.0,0.0,0.0,5000.0
0.0,0.538410692229749,0.538410692229749,0.0,0.0,5000.0
0.0,0.0,0.0,0.0,0.0,5000.0
0.0,0.0,0.0,0.0,0.0,5000.0
0.0,0.0,0.0,0.0,0.0,5000.0
0.0,0.0,0.0,0.0,0.0,5000.0
0.0,0.0,0.0,0.0,0.0,5000.0
0.0,0.0,0.0,0.0,0.0,5000.0
0.0,0.538410692229749,0.538410692229749,0.0,0.0,5000.0
0.0,0.0,0.0,0.0,0.0,5000.0
0.0,0.0,0.0,0.0,0.0,5000.0
0.0,0.0,0.0,0.0,0.0,5000.0
0.0,0.0,0.0,0.0,0.0,5000.0
0.0,0.0,0.0,0.0,0.0,5000.0
0.0,0.0,0.0,0.0,0.0,5000.0
0.0,0.538410692229749,0.538410692229749,0.0,0.0,5000.0
0.0,0.538410692229749,0.538410692229749,0.0,0.0,5000.0
0.0,0.0,0.0,0.0,0.0,5000.0
0.0,0.0,0.0,0.0,0.0,5000.0
0.0,0.0,0.0,0.0,0.0,5000.0
0.0,0.0,0.0,0.0,0.0,5000.0
0.0,0.0,0.0,0.0,0.0,5000.0
0.0,0.0,0.0,0.0,0.0,5000.0
0.0,0.0,0.0,0.0,0.0,5000.0
0.0,0.0,0.0,0.0,0.0,5000.0
0.0,0.0,0.0,0.0,0.0,5000.0
0.0,0.0,0.0,0.0,0.0,5000.0
0.0,0.538410692229749,0.538410692229749,0.0,0.0,5000.0
0.0,0.538410692229749,0.538410692229749,0.0,0.0,5000.0
0.0,0.538410692229749,0.538410692229749,0.538410692229749,0.0,5000.0
0.0,0.538410692229749,0.538410692229749,0.0,0.0,5000.0
0.0,0.538410692229749,0.538410692229749,0.0,0.0,5000.0
0.0,0.0,0.0,0.0,0.0,5000.0
0.0,0.0,0.0,0.0,0.0,5000.0
0.0,0.0,0.0,0.0,0.0,5000.0
0.0,0.0,0.0,0.0,0.0,5000.0
0.0,0.538410692229749,0.538410692229749,0.538410692228922,0.0,5000.0
0.0,0.0,0.0,0.0,0.0,5000.0
0.0,0.0,0.0,0.0,0.0,5000.0
0.0,0.0,0.0,0.0,0.0,5000.0
0.0,0.0,0.0,0.0,0.0,5000.0
0.0,0.0,0.0,0.0,0.0,5000.0
0.0,0.0,0.0,0.0,0.0,5000.0
0.0,0.0,0.0,0.0,0.0,5000.0
0.0,0.0,0.0,0.0,0.0,5000.0
0.0,0.538410692229749,0.538410692229749,0.5384106922293768,0.0,5000.0
0.0,0.538410692229749,0.538410692229749,0.538410692229749,0.0,5000.0
0.0,0.538410692229749,0.538410692229749,0.538410692229749,0.538410692229749,5000.0
0.0,0.538410692229749,0.538410692229749,0.5384106922297178,0.7691581317567844,5000.0
0.0,0.538410692229749,0.538410692229749,0.5384106922294905,0.0,5000.0
0.0,0.0,0.0,0.0,0.0,5000.0
0.0,0.0,0.0,0.0,0.0,5000.0
0.0,0.538410692229749,0.538410692229749,0.0,0.0,5000.0
0.0,0.0,0.0,0.0,0.0,5000.0
0.0,0.538410692229749,0.538410692229749,0.0,0.0,5000.0
0.0,0.0,0.0,0.0,0.0,5000.0
0.0,0.0,0.0,0.0,0.0,5000.0
0.0,0.0,0.0,0.0,0.0,5000.0
0.0,0.0,0.0,0.0,0.0,5000.0
0.0,0.0,0.0,0.0,0.0,5000.0
0.0,0.0,0.0,0.0,0.0,5000.0
0.0,0.0,0.0,0.0,0.0,5000.0
0.0,0.0,0.0,0.0,0.0,5000.0
0.0,0.0,0.0,0.0,0.0,5000.0
0.0,0.0,0.0,0.0,0.0,5000.0
0.0,0.0,0.0,0.0,0.0,5000.0
0.0,0.0,0.0,0.0,0.0,5000.0
0.0,0.0,0.0,0.0,0.0,5000.0
0.0,0.0,0.0,0.0,0.0,5000.0
0.0,0.0,0.0,0.0,0.0,5000.0
0.0,0.0,0.0,0.0,0.0,5000.0
0.0,0.0,0.0,0.0,0.0,5000.0
0.0,0.0,0.0,0.0,0.0,5000.0
0.0,0.0,0.0,0.0,0.0,5000.0
0.0,0.538410692229749,0.538410692229749,0.0,0.0,5000.0
0.0,0.0,0.0,0.0,0.0,5000.0
0.0,0.538410692229749,0.538410692229749,0.0,0.0,5000.0
0.0,0.538410692229749,0.538410692229749,0.538410692229749,0.0,5000.0
0.0,0.538410692229749,0.538410692229749,0.538410692229749,0.0,5000.0
0.0,0.0,0.0,0.0,0.0,5000.0
0.0,0.0,0.0,0.0,0.0,5000.0
0.0,0.0,0.0,0.0,0.0,5000.0
0.0,0.538410692229749,0.538410692229749,0.0,0.0,5000.0
0.0,0.538410692229749,0.538410692229749,0.0,0.0,5000.0
0.0,0.538410692229749,0.538410692229749,0.0,0.0,5000.0
0.0,0.538410692229749,0.538410692229749,0.538410692229749,0.538410692229749,5000.0
0.0,0.538410692229749,0.538410692229749,0.538410692229749,0.0,5000.0
0.0,0.538410692229749,0.538410692229749,0.0,0.0,5000.0
0.0,0.538410692229749,0.538410692229749,0.0,0.0,5000.0
0.0,0.538410692229749,0.538410692229749,0.0,0.0,5000.0
0.0,0.0,0.0,0.0,0.0,5000.0
0.0,0.0,0.0,0.0,0.0,5000.0
0.0,0.0,0.0,0.0,0.0,5000.0
0.0,0.0,0.0,0.0,0.0,5000.0
0.0,0.0,0.0,0.0,0.0,5000.0
0.0,0.538410692229749,0.538410692229749,0.0,0.0,5000.0
0.0,0.0,0.0,0.0,0.0,5000.0
0.0,0.538410692229749,0.538410692229749,0.0,0.0,5000.0
0.0,0.538410692229749,0.538410692229749,0.0,0.0,5000.0
0.0,0.0,0.0,0.0,0.0,5000.0
0.0,0.0,0.0,0.0,0.0,5000.0
0.0,0.0,0.0,0.0,0.0,5000.0
0.0,0.538410692229749,0.538410692229749,0.0,0.0,5000.0
0.0,0.0,0.0,0.0,0.0,5000.0
0.0,0.0,0.0,0.0,0.0,5000.0
0.0,0.0,0.0,0.0,0.0,5000.0
0.0,0.0,0.0,0.0,0.0,5000.0
0.0,0.0,0.0,0.0,0.0,5000.0
0.0,0.538410692229749,0.538410692229749,0.0,0.0,5000.0
0.0,0.538410692229749,0.538410692229749,0.0,0.0,5000.0
0.0,0.538410692229749,0.538410692229749,0.538410692229749,0.538410692229749,5000.0
0.0,0.538410692229749,0.538410692229749,0.538410692229749,0.538410692229749,5000.0
0.0,0.538410692229749,0.538410692229749,0.538410692229749,0.0,5000.0
0.0,0.0,0.0,0.0,0.0,5000.0
0.0,0.0,0.0,0.0,0.0,5000.0
0.0,0.0,0.0,0.0,0.0,5000.0
0.0,0.0,0.0,0.0,0.0,5000.0
0.0,0.0,0.0,0.0,0.0,5000.0
0.0,0.538410692229749,0.538410692229749,0.0,0.0,5000.0
0.0,0.0,0.0,0.0,0.0,5000.0
0.0,0.0,0.0,0.0,0.0,5000.0
0.0,0.538410692229749,0.538410692229749,0.0,0.0,5000.0
0.0,0.538410692229749,0.538410692229749,0.0,0.0,5000.0
0.0,0.538410692229749,0.538410692229749,0.0,0.0,5000.0
0.0,0.0,0.0,0.0,0.0,5000.0
0.0,0.0,0.0,0.0,0.0,5000.0
0.6994141755057419,1.6994141755048986,1000.0,0.538410692229749,0.0,5000.0
0.0,0.538410692229749,0.538410692229749,0.0,0.0,5000.0
0.0,0.538410692229749,0.538410692229749,0.0,0.0,5000.0
0.0,0.538410692229749,0.538410692229749,0.0,0.0,5000.0
0.0,0.538410692229749,0.538410692229749,0.0,0.0,5000.0
0.0,0.538410692229749,0.538410692229749,0.538410692229749,0.0,5000.0
0.0,0.538410692229749,0.538410692229749,0.0,0.0,5000.0
0.0,0.538410692229749,0.538410692229749,0.0,0.0,5000.0
0.0,0.538410692229749,0.538410692229749,0.0,0.0,5000.0
0.0,0.0,0.0,0.0,0.0,5000.0
0.0,0.0,0.0,0.0,0.0,5000.0
0.0,0.538410692229749,0.538410692229749,0.0,0.0,5000.0
0.0,0.0,0.0,0.0,0.0,5000.0
0.0,0.0,0.0,0.0,0.0,5000.0
0.0,0.0,0.0,0.0,0.0,5000.0
0.0,0.0,0.0,0.0,0.0,5000.0
0.0,0.538410692229749,0.538410692229749,0.0,0.0,5000.0
0.0,0.538410692229749,0.538410692229749,0.0,0.538410692229749,5000.0
0.6994141755057419,1000.0000000000001,1000.0,0.0,0.538410692229749,5000.0
0.0,0.538410692229749,0.538410692229749,0.0,0.0,5000.0
0.0,0.538410692229749,0.538410692229749,0.0,0.0,5000.0
0.0,0.538410692229749,0.538410692229749,0.0,0.0,5000.0
0.0,0.0,0.0,0.0,0.0,5000.0
0.0,0.0,0.0,0.0,0.0,5000.0
0.0,0.0,0.0,0.0,0.0,5000.0
0.0,0.0,0.0,0.0,0.0,5000.0
0.6994141755057419,1000.0000000000001,1000.0,0.0,0.14225326035987837,5000.0
0.0,0.538410692229749,0.538410692229749,0.538410692229749,0.538410692229749,5000.0
0.0,0.0,0.0,0.0,0.0,5000.0
0.0,0.0,0.0,0.0,0.0,5000.0
0.0,0.0,0.0,0.0,0.0,5000.0
0.0,0.0,0.0,0.0,0.0,5000.0
0.0,0.538410692229749,0.538410692229749,0.0,0.0,5000.0
0.0,0.538410692229749,0.538410692229749,0.0,0.0,5000.0
0.0,0.538410692229749,0.538410692229749,0.0,0.0,5000.0
0.0,0.538410692229749,0.538410692229749,0.0,0.0,5000.0
0.0,0.538410692229749,0.538410692229749,0.0,0.0,5000.0
0.0,0.538410692229749,0.538410692229749,0.0,0.0,5000.0
0.0,0.538410692229749,0.538410692229749,0.0,0.0,5000.0
0.0,0.538410692229749,0.538410692229749,0.0,0.0,5000.0
0.0,0.538410692229749,0.538410692229749,0.0,0.0,5000.0
0.0,0.538410692229749,0.538410692229749,0.0,0.0,5000.0
0.0,0.538410692229749,0.538410692229749,0.0,0.0,5000.0
0.0,0.0,0.0,0.0,0.0,5000.0
0.0,0.538410692229749,0.538410692229749,0.0,0.0,5000.0
0.0,0.0,0.0,0.0,0.0,5000.0
0.0,0.0,0.0,0.0,0.0,5000.0
0.0,0.538410692229749,0.538410692229749,36.529653161136366,1000.0000000000001,5000.0
0.0,0.0,0.0,0.0,0.0,5000.0
0.0,0.538410692229749,0.538410692229749,0.0,0.0,5000.0
0.0,0.538410692229749,0.538410692229749,0.0,0.14228385903912788,5000.0
0.0,0.538410692229749,0.538410692229749,0.0,0.0,5000.0
0.0,0.538410692229749,0.538410692229749,0.0,0.0,5000.0
0.0,0.538410692229749,0.538410692229749,0.0,0.0,5000.0
0.0,0.538410692229749,0.538410692229749,0.0,0.0,5000.0
0.0,0.538410692229749,0.538410692229749,0.538410692229749,0.538410692229749,5000.0
0.0,0.538410692229749,0.538410692229749,0.538410692229749,0.538410692229749,5000.0
0.0,0.538410692229749,0.538410692229749,0.538410692229749,0.538410692229749,5000.0
0.0,0.538410692229749,0.538410692229749,0.0,0.0,5000.0
0.0,0.538410692229749,0.538410692229749,58.88733998477892,1000.0000000000001,5000.0
0.0,0.0,0.0,0.0,0.0,5000.0
0.0,0.0,0.0,0.0,0.0,5000.0
0.0,0.538410692229749,0.538410692229749,0.0,0.0,5000.0
0.0,0.538410692229749,0.538410692229749,0.0,0.0,5000.0
0.0,0.0,0.0,0.0,0.0,5000.0
0.0,0.0,0.0,0.0,0.0,5000.0
0.0,0.0,0.0,0.0,0.0,5000.0
0.0,0.0,0.0,0.0,0.0,5000.0
0.0,0.0,0.0,0.0,0.0,5000.0
0.0,0.0,0.0,0.0,0.0,5000.0
0.0,0.0,0.0,0.0,0.0,5000.0
0.0,0.0,0.0,0.0,0.0,5000.0
0.0,0.0,0.0,0.0,0.0,5000.0
0.0,0.0,0.0,0.0,0.0,5000.0
0.0,0.0,0.0,0.0,0.0,5000.0
0.0,0.0,0.0,0.0,0.0,5000.0
0.0,0.0,0.0,0.0,0.0,5000.0
0.0,0.0,0.0,0.0,0.0,5000.0
0.0,0.0,0.0,0.0,0.0,5000.0
0.0,0.0,0.0,0.0,0.0,5000.0
0.0,0.0,0.0,0.0,0.0,5000.0
0.0,0.0,0.0,0.0,0.0,5000.0
0.0,0.538410692229749,0.538410692229749,0.0,0.0,5000.0
0.0,0.538410692229749,0.538410692229749,0.538410692229749,0.0,5000.0
0.0,0.538410692229749,0.538410692229749,0.538410692229749,0.0,5000.0
0.0,0.0,0.0,0.0,0.0,5000.0
0.0,0.0,0.0,0.0,0.0,5000.0
0.0,0.538410692229749,0.538410692229749,3.565565681945259,1000.0,5000.0
0.0,0.0,0.0,0.0,0.0,5000.0
0.0,0.0,0.0,0.0,0.0,5000.0
0.6994141755057419,1000.0000000000001,1000.0,0.0,0.0,5000.0
0.0,0.0,0.0,0.0,0.0,5000.0
0.0,0.538410692229749,0.538410692229749,0.0,0.0,5000.0
0.0,0.538410692229749,0.538410692229749,0.0,0.0840756185661483,5000.0
0.0,0.538410692229749,0.538410692229749,34.82652319724207,1000.0000000000001,5000.0
0.0,0.538410692229749,0.538410692229749,40.08664081798918,1000.0000000000001,5000.0
0.0,0.538410692229749,0.538410692229749,0.0,0.0840756185661483,5000.0
0.0,0.538410692229749,0.538410692229749,0.0,0.0,5000.0
0.0,0.538410692229749,0.538410692229749,0.538410692229749,0.538410692229749,5000.0
0.0,0.538410692229749,0.538410692229749,0.0,0.0,5000.0
0.0,0.538410692229749,0.538410692229749,0.0,0.0,5000.0
0.0,0.538410692229749,0.538410692229749,0.0,0.0,5000.0
0.0,0.538410692229749,0.538410692229749,0.0,0.0,5000.0
0.0,0.0,0.0,0.0,0.0,5000.0
0.0,0.538410692229749,0.538410692229749,0.0,0.0,5000.0
0.0,0.538410692229749,0.538410692229749,0.0,0.0,5000.0
0.6994141755057419,1000.0000000000001,1000.0,0.0,0.0,5000.0
0.6994141755057419,1000.0000000000001,1000.0,0.0,0.0,5000.0
0.0,0.538410692229749,0.538410692229749,0.538410692229749,0.0,5000.0
0.0,0.538410692229749,0.538410692229749,0.0,0.0,5000.0
0.0,0.538410692229749,0.538410692229749,0.538410692229749,0.538410692229749,5000.0
0.6994141755057419,1000.0000000000001,1000.0,0.0,0.0,5000.0
0.0,0.0,0.0,0.0,0.0,5000.0
0.0,0.0,0.0,0.0,0.0,5000.0
0.0,0.538410692229749,0.538410692229749,0.0,0.0,5000.0
0.0,0.538410692229749,0.538410692229749,0.0,0.0,5000.0
0.0,0.538410692229749,0.538410692229749,0.0,0.0,5000.0
0.0,0.538410692229749,0.538410692229749,0.0,0.0,5000.0
0.0,0.538410692229749,0.538410692229749,0.0,0.0,5000.0
0.0,0.0,0.0,0.0,0.0,5000.0
0.0,0.538410692229749,0.538410692229749,0.0,0.0,5000.0
0.0,0.0,0.0,2.010309612140726,1000.0,5000.0
0.0,0.538410692229749,0.538410692229749,4.651683156359266,1000.0,5000.0
0.0,0.538410692229749,0.538410692229749,0.0,0.0,5000.0
0.0,0.538410692229749,0.538410692229749,0.0,0.0,5000.0
0.0,0.538410692229749,0.538410692229749,0.0,0.0,5000.0
0.0,0.538410692229749,0.538410692229749,0.0,0.0,5000.0
0.0,0.538410692229749,0.538410692229749,0.0,0.0,5000.0
0.0,0.0,0.0,0.0,0.0,5000.0
0.0,0.0,0.0,0.0,0.121597324227631,5000.0
0.0,0.0,0.0,0.0,0.0,5000.0
0.0,0.0,0.0,0.0,0.0,5000.0
0.0,0.0,0.0,0.0,0.0,5000.0
0.0,0.0,0.0,0.0,0.0,5000.0
0.0,0.0,0.0,0.0,0.0,5000.0
0.0,0.538410692229749,0.538410692229749,0.538410692229749,0.538410692229749,5000.0
0.6994141755057419,1000.0000000000001,1000.0,0.5384106922293768,0.5384106922290357,5000.0
0.6994141755057419,1000.0000000000001,1000.0,0.5384106922291494,0.0,5000.0
0.0,0.538410692229749,0.538410692229749,0.0,0.0,5000.0
0.0,0.538410692229749,0.538410692229749,0.538410692229749,0.538410692229749,5000.0
0.0,0.538410692229749,0.538410692229749,0.538410692229749,0.538410692229749,5000.0
0.0,0.538410692229749,0.538410692229749,0.538410692229749,0.0,5000.0
0.0,0.538410692229749,0.538410692229749,0.0,0.0,5000.0
0.0,0.0,0.0,0.0,0.0,5000.0
0.0,0.0,0.0,0.0,0.0,5000.0
0.0,0.0,0.0,0.0,0.0,5000.0
0.0,0.0,0.0,0.0,0.0,5000.0
0.0,0.538410692229749,0.538410692229749,0.538410692229749,0.0,5000.0
0.0,0.0,0.0,0.0,0.0,5000.0
0.0,0.0,0.0,0.0,0.0,5000.0
0.0,0.0,0.0,0.0,0.0,5000.0
0.0,0.538410692229749,0.538410692229749,0.0,0.0,5000.0
0.0,0.538410692229749,0.538410692229749,0.0,0.0,5000.0
0.0,0.538410692229749,0.538410692229749,0.0,0.0,5000.0
0.0,0.538410692229749,0.538410692229749,0.0,0.0,5000.0
0.0,0.538410692229749,0.538410692229749,0.0,0.0,5000.0
0.0,0.538410692229749,0.538410692229749,0.0,0.0,5000.0
0.0,0.538410692229749,0.538410692229749,0.0,0.0,5000.0
0.0,0.538410692229749,0.538410692229749,0.0,0.0,5000.0
0.0,0.538410692229749,0.538410692229749,0.0,0.0,5000.0
0.0,0.538410692229749,0.538410692229749,0.538410692229749,0.0,5000.0
0.0,0.0,0.0,0.0,0.0,5000.0
0.0,0.538410692229749,0.538410692229749,0.0,0.0,5000.0
0.0,0.0,0.0,0.0,0.0,5000.0
0.0,0.0,0.0,0.0,0.0,5000.0
0.0,0.0,0.0,0.0,0.0,5000.0
0.0,0.0,0.0,0.0,0.0,5000.0
0.0,0.0,0.0,0.0,0.0,5000.0
0.0,0.0,0.0,0.0,0.0,5000.0
0.0,0.0,0.0,0.0,0.0,5000.0
0.0,0.0,0.0,0.0,0.0,5000.0
0.833573814154598,1000.0000000000001,0.6994141755061491,0.538410692229749,0.538410692229749,5000.0
2.1764256315839,1.6994141755048986,1.6994141755038799,0.7668433587190009,0.3266824851347394,5000.0
0.0,7.173050686456918,22.82050801901687,43.76187483508329,1000.0,5000.0
245.06197712352497,255.09878818458492,262.89809045454876,320.27568116343014,1428.571428571429,5000.0
47.1310921363687,20.74670498577325,17.727303377960254,9.69127652386,4.653621776605667,5000.0
1000.0,1000.0,1000.0,1000.0,1000.0,1000.0
61.673898723063395,36.52455645031296,26.253800120215892,12.774292036134483,5.621020423683809,5000.0
0.0,0.538410692229749,0.538410692229749,0.538410692229749,0.538410692229749,5000.0
0.0,0.2351296579299742,0.39146435257255274,0.5384106922296041,0.5384106922291494,5000.0
0.0,1.3528767675679774,1.721620266140917,0.46438238704624707,0.3366308914221905,5000.0
0.0,4.380603545711892,4.424384618353718,2.5449383667460097,2.9411853386531064,5000.0
47.6935264137897,20.31144438051888,17.30847678925704,9.353105240345968,4.261847936582553,5000.0
96.436780451231,84.6770177786575,71.47822167366824,22.27652620106994,3.66591931483029,5000.0
17.0405855929445,10.096594088813617,7.153601078228022,2.3361103254628435,0.3074038472199878,5000.0
27.1715215361316,22.38290711659556,18.415783480667024,5.522918678099757,0.5957495575401419,5000.0
21.951602434242602,15.702644730962675,11.367700869047388,3.5539460770156666,0.440162715557562,5000.0
0.0,0.538410692229749,0.538410692229749,0.0,0.0,5000.0
0.0,3.1990735630724885,3.1463593953636746,1.5756852580219451,0.6394430919740596,5000.0
0.0,0.538410692229749,0.4317082880353571,0.44538325454919914,0.6860708159956774,5000.0
0.6994141755057419,1000.0000000000001,1000.0,0.538410692229749,0.538410692229749,5000.0
0.0,0.538410692229749,0.538410692229749,0.538410692229749,0.538410692229749,5000.0
0.0,0.538410692229749,0.538410692229749,0.538410692229749,0.538410692229749,5000.0
0.6994141755057419,1000.0000000000001,1000.0,0.538410692229749,0.538410692229749,5000.0
0.6994141755057419,1000.0000000000001,1000.0,0.538410692229749,0.538410692229749,5000.0
0.6994141755057419,0.6994141755048986,1000.0,0.538410692229749,0.538410692229749,5000.0
0.6994141755057419,1000.0000000000001,1000.0,0.538410692229749,0.538410692229749,5000.0
7.93783118618404,7.499129716389689,6.376888027366054,1.8253718329369235,0.1661205287112466,5000.0
20.036243377369498,16.433399165784977,13.39720223673734,4.186544936866994,0.3750342403080024,5000.0
0.0,1.5002111412049999,1.7823538145848485,0.6762905129095316,0.024642173739692907,5000.0
0.0,1.0,2.2326026263087804,1.2236232814487948,0.15030325805727784,5000.0
125.23014617710199,104.96220361210817,85.26282955698949,26.811575835038298,5.215507966436344,5000.0
15.2529183551343,9.37674946855168,6.545728626903015,2.151569152897082,0.2170672016723101,5000.0
7.25417907138986,5.817502766897633,2.8346427252094712,0.6165282687974809,0.06097765215113782,5000.0
15.5271666461321,10.565043880000303,7.589922662300841,2.481969727642877,0.2531060752156377,5000.0
6.60396169604985,5.745059883572139,4.870939251175487,1.1129855764362446,0.1116036228756343,5000.0
20.2060994165204,10.11581226256294,7.643186487024004,3.286258913535434,0.590184792583106,5000.0
12.2738302351145,9.72969682771054,8.029602566245558,2.104455524965186,0.24927835257701633,5000.0
13.9401924666313,11.419725503691552,9.54295723263893,2.572655430632608,0.23136843774955196,5000.0
27.8911991117469,11.925115780700253,4.38045334493281,5.249707278915519,2.5626028925339437,5000.0
0.0,0.538410692229749,0.538410692229749,0.538410692229749,0.5384106922294905,5000.0
2.2228077851113803,1.938340840051751,1.7371449654215212,0.5379446692540203,0.538410692229749,5000.0
3.25364068125597,2.912942609680613,2.622187231905383,0.6259549045433346,0.5384106922294905,5000.0
0.6994141755057419,0.6994141755048986,0.6994141755060355,0.538410692229749,0.538410692229749,5000.0
1.43742950698512,1.6994141755048986,1.6994141755014058,0.45861654933787577,0.5384106922288083,5000.0
0.6994141755057419,1.6994141755048986,1.6994141755052397,0.538410692229749,0.538410692229749,5000.0
0.6994141755057419,1.6994141755048986,1000.0,0.538410692229749,0.538410692229749,5000.0
0.0,1.0,1.6994141755059218,0.6919431446803233,0.27899386764262785,5000.0
0.0,5.579928909090995,2.766315386518727,1.5660682258407936,0.7691581317567397,5000.0
15.5362251610002,8.277110730552522,6.282028343137073,2.441550065218949,0.4110253057065,5000.0
0.0,0.538410692229749,0.538410692229749,0.0,0.0,5000.0
0.0,0.538410692229749,0.538410692229749,0.0,0.0,5000.0
0.0,0.538410692229749,0.538410692229749,0.0,0.0,5000.0
0.0,0.538410692229749,0.538410692229749,0.0,0.0,5000.0
0.0,0.538410692229749,0.538410692229749,0.0,0.0,5000.0
15.733423109764201,7.225134068002262,5.636165531286442,2.688152655103096,0.500250335083883,5000.0
0.0,1.5475436865508527,1.6994141754977836,0.7257421582505117,0.538410692228922,5000.0
1.7907964346212302,1.6994141755048986,0.6994141755048706,0.19894423445433063,0.5384106922297178,5000.0
5.008221614794101,1.6994141755048986,1.5452753214353834,0.3751136909656841,0.5384106922296041,5000.0
0.0,1.0,1.5877032769118387,0.5206921303887488,0.18797408066568844,5000.0
0.0,0.0,0.0,0.0,0.0,5000.0
0.0,0.0,0.0,0.0,0.0,5000.0
0.0,0.0,0.0,0.0,0.0,5000.0
0.0,0.0,0.0,0.0,0.0,5000.0
0.0,0.0,0.0,0.0,0.0,5000.0
0.0,0.0,0.0,0.0,0.0,5000.0
0.0,0.0,0.0,0.0,0.0,5000.0
0.0,0.0,0.0,0.0,0.0,5000.0
17.1484482291186,12.28343451244109,9.078414361315936,2.242423793456658,0.2790645243520731,5000.0
0.0,0.538410692229749,0.538410692229749,0.0,0.0,5000.0
0.0,0.0,0.0,0.0,0.0,5000.0
0.0,0.0,0.0,0.0,0.0,5000.0
0.0,0.0,0.0,0.0,0.0,5000.0
0.0,0.0,0.0,0.0,0.0,5000.0
0.0,0.0,0.0,0.0,0.0,5000.0
11.351188472225601,5.983694258258765,3.429536756235101,0.7663284360872069,0.0785220593096767,5000.0
0.0,141.5713133506497,445.0861767779015,1000.0,1428.5714285714287,5000.0
0.0,4.3706465586201375,8.193059099867934,11.180038584227987,7.040020356631514,5000.0
17.7247846950361,11.15929401388803,8.025132142859759,2.7981869298846505,0.38089096014664386,5000.0
0.0,0.538410692229749,0.538410692229749,0.0,0.0,5000.0
0.6994141755057419,1000.0000000000001,1000.0,0.538410692229749,0.538410692229749,5000.0
0.0,0.538410692229749,0.538410692229749,0.538410692229749,0.0,5000.0
10.8343939854525,4.344884886244472,3.7045726149716374,0.9723984367843741,0.3963134790990657,5000.0
0.0,0.538410692229749,0.538410692229749,0.538410692229749,0.538410692229749,5000.0
15.1962882798826,6.156909137875118,2.346323796289107,2.7663928428610234,0.5841916538965521,5000.0
14.7510096802766,11.347375220001595,8.805112415228905,2.7912020156029915,0.29022571086832405,5000.0
4.291060699865829,3.5166224225758924,2.057779334613997,0.4813973496518094,0.538410692229749,5000.0
0.0,0.538410692229749,0.538410692229749,0.538410692229749,0.538410692229749,5000.0
0.6994141755057419,1000.0000000000001,1000.0,0.538410692229749,0.538410692229749,5000.0
0.0,0.538410692229749,0.538410692229749,0.538410692229749,0.538410692229749,5000.0
19.0640256164891,13.18557150664219,8.958196800213008,2.735149519306617,0.27632889125195775,5000.0
16.4698778287114,6.884096564927859,2.5405540629165926,1.1826988941768715,0.5354211802505661,5000.0
12.7126114216183,5.403423515555005,4.5021574295779665,2.187069889639966,0.4225299182683906,5000.0
0.0,0.538410692229749,0.538410692229749,0.0,0.0,5000.0
0.0,0.538410692229749,0.538410692229749,0.0,0.0,5000.0
0.0,0.0,0.0,0.0,0.0,5000.0
0.0,0.0,0.0,0.0,0.0,5000.0
0.0,0.538410692229749,0.538410692229749,0.0,0.0,5000.0
0.0,0.538410692229749,0.538410692229749,0.538410692229749,0.0,5000.0
0.6994141755057419,1.6994141755048986,1000.0,0.538410692229749,0.538410692229749,5000.0
0.0,0.538410692229749,0.538410692229749,0.0,0.0,5000.0
8.38859411205447,4.786440682310058,1.7907976544320605,0.544211734104806,0.5384106922290357,5000.0
2.23212102676102,1.6994141755048986,0.7487060530489771,0.24021357378784947,0.538410692229749,5000.0
0.0,0.0,0.0,0.0,0.0,5000.0
0.0,0.0,0.0,0.0,0.0,5000.0
0.0,0.0,0.0,0.0,0.0,5000.0
0.0,0.0,0.0,0.0,0.0,5000.0
4.6285872634632295,1.7696076963147789,1.4930291656564805,0.3318654520800817,0.020782477555367527,5000.0
1.1371567811110401,1.6994141755048986,0.6994141755059218,0.538410692229749,0.538410692229749,5000.0
0.6994141755057419,0.6994141755048986,1000.0,0.538410692229749,0.538410692229749,5000.0
0.0,0.538410692229749,0.538410692229749,0.538410692229749,0.538410692229749,5000.0
9.87547345595971,4.6306968277194756,1.6994141750407898,0.6490555725154081,0.25136717133503644,5000.0
7.24640209705201,3.9450784680620927,2.664274705915733,0.6082319021668923,0.5384106922290357,5000.0
0.0,1.6285523905717127,1.6994141755060355,0.4560830903725451,0.538410692229749,5000.0
0.0,0.538410692229749,0.538410692229749,0.538410692229749,0.0,5000.0
0.0,0.538410692229749,0.538410692229749,0.538410692229749,0.0,5000.0
5.67955128038182,2.2330425469563124,1.8887454034974098,0.3550789582234072,0.02843090373328859,5000.0
13.5788395348188,9.285435803492874,6.406587748447878,1.5019029800690191,0.1650360004461504,5000.0
5.94380578997063,4.90936833683736,3.4892558938745912,0.6567999735135857,0.538410692228922,5000.0
2.62831300139304,2.1485689779001405,1.699414175505808,0.5099610874575748,0.538410692229749,5000.0
0.0,0.0,0.0,0.0,0.0,5000.0
0.0,0.0,0.0,0.0,0.0,5000.0
0.0,0.538410692229749,0.538410692229749,0.0,0.0,5000.0
0.0,0.538410692229749,0.538410692229749,0.0,0.0,5000.0
0.0,1.0863325357277063,1.8114479485372736,1.592160803818956,2.5885762940083445,5000.0
0.0,0.538410692229749,0.538410692229749,0.0,0.0,5000.0
0.0,0.538410692229749,0.538410692229749,0.0,0.0,5000.0
0.0,0.538410692229749,0.538410692229749,0.0,0.0,5000.0
0.0,0.538410692229749,0.538410692229749,0.0,0.0,5000.0
0.6994141755057419,1.6994141755048986,1.6994141755055239,0.538410692229749,0.538410692229749,5000.0
0.0,0.538410692229749,0.538410692229749,0.0,0.0,5000.0
7.242956602263501,2.9885100457495355,1.6994141755056944,0.4725336324517693,0.036459951257801396,5000.0
6.51561023864931,2.8214472700428814,2.263606639005957,0.4728878134510829,0.10687547479746634,5000.0
0.0,0.538410692229749,0.538410692229749,0.538410692229749,0.538410692229749,5000.0
0.0,0.538410692229749,0.538410692229749,0.5384106922294905,0.5384106922293768,5000.0
0.0,0.538410692229749,0.538410692229749,0.5384106922290357,0.0,5000.0
0.0,0.538410692229749,0.538410692229749,0.0,0.0,5000.0
0.6994141755057419,1000.0000000000001,1000.0,0.538410692229749,0.0,5000.0
0.6994141755057419,1.6994141755048986,1.6994141755052397,0.538410692229749,0.538410692229749,5000.0
0.6994141755057419,1000.0000000000001,1000.0,0.538410692229749,0.538410692229749,5000.0
0.0,0.538410692229749,0.538410692229749,0.538410692229749,0.0,5000.0
10.7736615115881,5.601626388895056,4.219815283271992,2.131755342835386,0.43095430752668745,5000.0
0.0,0.538410692229749,0.538410692229749,0.538410692229749,0.538410692229749,5000.0
0.0,0.0,0.0,0.0,0.0,5000.0
0.0,0.0,0.0,0.0,0.0,5000.0
0.0,0.0,0.0,0.0,0.0,5000.0
0.0,0.538410692229749,0.538410692229749,0.538410692229749,0.0,5000.0
0.0,0.538410692229749,0.538410692229749,0.0,0.0,5000.0
18.4179426387366,14.318787435446211,10.34385823485933,3.085895794455155,0.5384106922296894,5000.0
5.07500451804971,2.648009953208202,1.6994141753166991,0.4957306556710819,0.01955365653644492,5000.0
0.0,0.9238118248758838,1.6994141755047523,0.38776049135935864,0.5384106922291494,5000.0
0.0,0.538410692229749,0.538410692229749,0.538410692229749,0.538410692229749,5000.0
0.0,0.538410692229749,0.538410692229749,0.0,0.0,5000.0
0.0,0.9382370738048849,1.6994141755023808,0.4575242848241601,0.5384106922292631,5000.0
0.0,0.0,0.0,0.0,0.0,5000.0
0.0,0.0,0.0,0.0,0.0,5000.0
0.0,0.0,0.0,0.0,0.0,5000.0
0.0,0.538410692229749,0.538410692229749,0.0,0.0,5000.0
0.0,0.538410692229749,0.538410692229749,0.5384106922293768,0.5384106922291494,5000.0
1.6672223627849199,1.6994141755048986,0.8387157203111826,0.32968047456881777,0.538410692228922,5000.0
7.9030457334084705,4.305537635551445,2.983646900325084,0.4363715622709067,0.538410692229749,5000.0
0.0,0.0,0.0,0.0,0.0,5000.0
0.0,0.0,0.0,0.0,0.0,5000.0
0.0,0.0,0.0,0.0,0.0,5000.0
0.0,0.538410692229749,0.538410692229749,0.538410692229749,0.538410692229749,5000.0
0.0,0.9483516956997846,1.6994141755056944,0.4922819792645273,0.538410692229749,5000.0
0.0,0.538410692229749,0.538410692229749,0.0,0.0,5000.0
5.17848578327669,2.6945491420292456,2.3044660811899997,0.6182648226086371,0.5384106922290357,5000.0
0.0,0.538410692229749,0.538410692229749,0.538410692229749,0.0,5000.0
2.14208918750699,1.6994141755048986,0.699414175505126,0.22324885754241253,0.538410692229749,5000.0
0.0,0.538410692229749,0.538410692229749,0.0,0.0,5000.0
0.0,0.538410692229749,0.538410692229749,0.5384106922294905,0.538410692228922,5000.0
5.41435296186716,2.4190896789859835,1.7659486584595925,0.4506391038435409,0.538410692229749,5000.0
6.6053742357818495,3.085135270272076,2.2049952048603245,0.2910075845579272,0.538410692229749,5000.0
0.0,0.0,0.0,0.0,0.0,5000.0
0.0,0.0,0.0,0.0,0.0,5000.0
0.0,0.0,0.0,0.0,0.0,5000.0
0.0,0.0,0.0,0.0,0.0,5000.0
0.0,0.0,0.0,0.0,0.0,5000.0
0.0,0.0,0.0,0.0,0.0,5000.0
0.0,0.0,0.0,0.0,0.0,5000.0
0.0,0.0,0.0,0.0,0.0,5000.0
0.0,0.538410692229749,0.538410692229749,0.538410692229749,0.0,5000.0
0.0,0.538410692229749,0.538410692229749,0.538410692229749,0.0,5000.0
0.6994141755057419,1.6994141755048986,1.6994141755051828,0.538410692229749,0.538410692229749,5000.0
0.6994141755057419,1000.0000000000001,1000.0,0.538410692229749,0.538410692229749,5000.0
0.0,0.538410692229749,0.538410692229749,0.538410692229749,0.538410692229749,5000.0
0.0,0.538410692229749,0.538410692229749,0.538410692229749,0.0,5000.0
0.0,0.538410692229749,0.538410692229749,0.0,0.0,5000.0
0.0,0.538410692229749,0.538410692229749,0.0,0.0,5000.0
0.6994141755057419,1.6994141755048986,1000.0,0.538410692229749,0.0,5000.0
0.0,0.5377600436740977,0.4282164674187924,0.16067023121267301,0.538410692229749,5000.0
0.0,0.538410692229749,0.538410692229749,0.0,0.0,5000.0
7.9000666611252806,4.172574412451468,2.9900066406496366,0.7682762360833806,0.5019335441670728,5000.0
4.56476416622651,2.3576080269367594,1.6994141755026622,0.5776391081091106,0.5384106922290357,5000.0
2.68532025645743,1.6994141755048986,1.6994141755053533,0.35853395721520315,0.538410692229749,5000.0
0.0,0.538410692229749,0.538410692229749,0.0,0.0,5000.0
1.49270300083079,1.6994141755048986,1.6994141755050123,0.538410692229749,0.538410692229749,5000.0
0.0,1.0,1.7421390413295166,0.5743389082900308,0.5384106922296041,5000.0
0.0,0.538410692229749,0.538410692229749,0.0,0.0,5000.0
0.0,0.538410692229749,0.538410692229749,0.0,0.0,5000.0
0.0,0.0,0.0,0.0,0.0,5000.0
0.0,0.0,0.0,0.0,0.0,5000.0
0.0,0.0,0.0,0.0,0.0,5000.0
0.0,0.5314543099048024,0.4083128035401401,0.5384106922294905,0.5384106922292631,5000.0
0.0,0.538410692229749,0.538410692229749,0.5384106922291494,0.5384106922296041,5000.0
0.0,0.538410692229749,0.538410692229749,0.0,0.0,5000.0
0.0,0.0,0.0,0.0,0.0,5000.0
0.0,0.0,0.0,0.0,0.0,5000.0
0.0,0.2956517183547476,0.25273438897368034,0.09086391436828511,0.004232967169754688,5000.0
8.18715694708244,4.751977355383133,3.3251673783853457,0.5973968273739843,0.538410692228922,5000.0
0.0,0.0,0.0,0.0,0.0,5000.0
0.0,0.0,0.0,0.0,0.0,5000.0
0.0,0.0,0.0,0.0,0.0,5000.0
0.0,0.0,0.0,0.0,0.0,5000.0
0.0,0.0,0.0,0.0,0.0,5000.0
0.0,0.0,0.0,0.0,0.0,5000.0
0.0,0.0,0.0,0.0,0.0,5000.0
0.0,0.0,0.0,0.0,0.0,5000.0
0.0,0.0,0.0,0.0,0.0,5000.0
0.0,0.0,0.0,0.0,0.0,5000.0
0.0,0.538410692229749,0.538410692229749,0.0,0.0,5000.0
0.0,0.538410692229749,0.538410692229749,0.0,0.0,5000.0
0.0,0.538410692229749,0.538410692229749,0.0,0.0,5000.0
2.7270013542392,1.7417873832446276,1.6994141755010175,0.5304508622061235,0.5384106922293768,5000.0
0.0,0.538410692229749,0.538410692229749,0.0,0.0,5000.0
0.0,0.50900455131341,0.3980486883967121,0.14897080859042294,0.538410692229749,5000.0
13.256646385789601,8.452474232580244,6.134373788330904,2.4317843736362192,0.34349369697427595,5000.0
0.0,0.538410692229749,0.538410692229749,0.538410692229749,0.0,5000.0
0.6994141755057419,1000.0000000000001,1000.0,0.5384106922296041,0.5384106922290357,5000.0
0.6994141755057419,1.6994141755048986,1.6994141755052397,0.5384106922297178,0.5384106922290357,5000.0
2.7785130811489,1.6994141755048986,1.6994141755053533,0.37350620746005014,0.538410692229749,5000.0
0.0,0.538410692229749,0.538410692229749,0.0,0.0,5000.0
0.0,0.538410692229749,0.538410692229749,0.0,0.0,5000.0
0.0,0.0,0.0,0.0,0.538410692229749,5000.0
0.0,0.538410692229749,0.538410692229749,0.0,0.0,5000.0
0.0,1.0,1.6994141755014487,0.4172157751083887,0.5384106922297178,5000.0
0.0,1.821315952648547,2.300544940062816,0.7174092647082375,0.015278739947142555,5000.0
0.0,0.538410692229749,0.538410692229749,0.0,0.0,5000.0
0.0,0.9091588040582792,1.6994141755042866,0.41884417418350495,0.5384106922288083,5000.0
0.0,0.538410692229749,0.538410692229749,0.538410692229749,0.5384106922294905,5000.0
0.0,0.538410692229749,0.538410692229749,0.538410692229749,0.538410692229749,5000.0
0.0,0.538410692229749,0.538410692229749,0.538410692229749,0.538410692229749,5000.0
0.0,0.538410692229749,0.538410692229749,0.538410692228922,0.5384106922296041,5000.0
0.0,0.538410692229749,0.1125254481464875,0.538410692229749,0.538410692229749,5000.0
0.0,1.1888606273369078,1.7278165786569706,1.47943411262861,0.7223541728586613,5000.0
0.0,0.0,0.0,0.0,0.0,5000.0
0.0,0.0,0.0,0.0,0.0,5000.0
0.899256737075142,1.6994141755048986,1.6994141755056944,0.5384106922292631,0.5384106922296041,5000.0
0.0,0.3893017137352217,0.3123558356534518,0.5384106922292631,0.5384106922291494,5000.0
0.0,0.538410692229749,0.538410692229749,0.538410692229749,0.0,5000.0
0.0,0.0,0.0,0.0,0.0,5000.0
0.0,0.0,0.0,0.0,0.0,5000.0
0.0,0.0,0.0,0.0,0.0,5000.0
0.0,0.0,0.0,0.0,0.0,5000.0
2.71378874783606,1.9583370441960142,1.6994141755056944,0.4747392248036126,0.538410692229749,5000.0
0.0,0.0,0.0,0.0,0.0,5000.0
0.0,0.25970615929145424,0.2215481518570213,0.07336980733392442,0.538410692229749,5000.0
0.0,0.538410692229749,0.538410692229749,0.0,0.0,5000.0
0.0,0.538410692229749,0.538410692229749,0.0,0.0,5000.0
0.0,0.0,0.0,0.0,0.0,5000.0
0.0,0.0,0.0,0.0,0.0,5000.0
0.0,0.0,0.0,0.0,0.0,5000.0
0.0,0.0,0.0,0.0,0.0,5000.0
0.0,0.0,0.0,0.0,0.0,5000.0
0.0,0.538410692229749,0.538410692229749,0.0,0.0,5000.0
0.0,0.538410692229749,0.538410692229749,0.0,0.0,5000.0
0.0,0.538410692229749,0.538410692229749,0.0,0.0,5000.0
0.0,0.538410692229749,0.538410692229749,0.0,0.0,5000.0
0.0,0.0,0.0,0.0,0.0,5000.0
0.0,1.488521176447648,1.7212937574902298,0.4231281725880841,0.538410692229749,5000.0
0.0,0.538410692229749,0.1598740113968383,0.538410692229749,0.538410692229749,5000.0
0.0,0.5027617990344879,0.4118180528389456,0.1938175789559864,0.5384106922293768,5000.0
0.0,0.7497936111985837,1.699414175505808,0.36571518425884164,0.538410692229749,5000.0
0.0,0.5015086126040842,0.3860196946168205,0.16865663212149684,0.5384106922291494,5000.0
0.0,0.0,0.0,0.0,0.538410692229749,5000.0
0.0,1.5720207038402805,2.5089718414976914,2.70709840168513,0.69000864342759,5000.0
0.0,0.538410692229749,0.538410692229749,0.0,0.0,5000.0
0.6994141755057419,1000.0000000000001,1000.0,0.538410692229749,0.538410692229749,5000.0
0.0,0.538410692229749,0.538410692229749,0.538410692229749,0.538410692229749,5000.0
0.0,0.538410692229749,0.538410692229749,0.538410692229749,0.0,5000.0
15.7926653038033,12.349613413551197,9.882422448724036,3.2743428815122115,0.30213538592645434,5000.0
0.0,0.0,0.0,0.0,0.0,5000.0
0.0,0.0,0.0,0.0,0.0,5000.0
0.0,0.0,0.538410692229749,0.5384106922292631,0.0,5000.0
0.0,0.43446423139903345,0.341409341147094,0.5384106922291494,0.5384106922288083,5000.0
0.0,0.2348484539443234,0.18387737049620592,0.538410692229749,0.538410692229749,5000.0
0.0,0.538410692229749,0.538410692229749,0.0,0.0,5000.0
0.0,0.538410692229749,0.538410692229749,0.538410692229749,0.0,5000.0
0.0,0.0,0.0,0.0,0.0,5000.0
0.0,0.538410692229749,0.538410692229749,0.0,0.0,5000.0
0.0,0.538410692229749,0.538410692229749,0.538410692229749,0.0,5000.0
0.0,0.0,0.0,0.0,0.0,5000.0
0.0,0.538410692229749,0.538410692229749,0.0,0.0,5000.0
0.0,0.0,0.0,0.0,0.0,5000.0
0.0,0.0,0.0,0.0,0.0,5000.0
0.0,0.0,0.0,0.0,0.0,5000.0
0.0,0.0,0.0,0.0,0.0,5000.0
0.0,0.0,0.0,0.0,0.0,5000.0
0.0,0.0,0.0,0.0,0.0,5000.0
2.60152344068133,1.9260030637688033,1.6994141755021899,0.48834885347008594,0.5384106922294905,5000.0
0.6994141755057419,1000.0000000000001,1000.0,0.5384106922290357,0.5384106922294905,5000.0
8.31165536412091,7.677430338505474,6.785578948862774,2.1063192979747782,0.1935415661804645,5000.0
0.0,0.4472853663173737,0.3945284512416157,0.10886506043536957,0.538410692229749,5000.0
0.0,0.538410692229749,0.538410692229749,0.0,0.0,5000.0
0.0,0.22218859568693006,0.1784220881587549,0.5384106922290357,0.5384106922294905,5000.0
0.0,0.0,0.0,0.0,0.0,5000.0
0.0,0.0,0.0,0.0,0.0,5000.0
0.0,0.538410692229749,0.538410692229749,0.5384106922290357,0.5384106922296041,5000.0
0.0,0.538410692229749,0.538410692229749,0.5384106922297178,0.5384106922296041,5000.0
0.0,0.538410692229749,0.538410692229749,0.538410692229749,0.538410692229749,5000.0
12.7788089804387,12.495762287121579,11.86788731958972,3.70164233637189,0.33776413072340006,5000.0
0.0,0.0,0.0,0.0,0.0,5000.0
0.6994141755057419,1000.0000000000001,1000.0,0.538410692229749,0.538410692229749,5000.0
0.0,0.0,0.0,0.0,0.0,5000.0
0.0,0.0,0.0,0.0,0.0,5000.0
0.0,0.0,0.0,0.0,0.0,5000.0
0.0,0.538410692229749,0.15198384442834248,0.538410692229749,0.538410692229749,5000.0
0.0,0.538410692229749,0.538410692229749,0.0,0.0,5000.0
2.7739955913205105,2.583025881393951,2.2149738568023283,0.6826327708304802,0.5384106922296041,5000.0
0.0,0.538410692229749,0.538410692229749,0.0,0.0,5000.0
0.0,0.21693784704621066,0.1744333165047216,0.538410692229749,0.538410692229749,5000.0
0.0,0.538410692229749,0.538410692229749,0.0,0.0,5000.0
0.0,0.538410692229749,0.538410692229749,0.0,0.0,5000.0
0.0,0.0,0.0,0.0,0.166774703807838,5000.0
0.0,0.0,0.0,0.0,0.3338204592290129,5000.0
0.0,0.0,0.0,0.26588656314044384,1000.0,5000.0
0.0,0.538410692229749,0.538410692229749,0.0,0.0,5000.0
0.0,0.0,0.0,0.0,0.0,5000.0
0.0,0.538410692229749,0.538410692229749,0.0,0.0,5000.0
0.0,0.538410692229749,0.538410692229749,0.0,0.0,5000.0
0.0,0.538410692229749,0.538410692229749,0.0,0.0,5000.0
0.6994141755057419,1000.0000000000001,1000.0,0.538410692229749,0.0,5000.0
0.0,0.0,0.0,0.0,0.0,5000.0
0.0,0.0,0.0,0.0,0.0,5000.0
0.0,0.538410692229749,0.538410692229749,0.0,0.0,5000.0
0.0,0.0,0.0,0.0,0.0,5000.0
0.0,0.0,0.0,0.0,0.0,5000.0
0.0,0.538410692229749,0.538410692229749,0.0,0.0,5000.0
0.0,0.538410692229749,0.538410692229749,0.538410692229749,0.538410692229749,5000.0
0.0,0.5052389057482287,0.44116837689107746,0.13390839165181226,0.538410692229749,5000.0
0.0,0.538410692229749,0.538410692229749,0.0,0.0,5000.0
0.0,0.538410692229749,0.538410692229749,0.538410692229749,0.538410692229749,5000.0
0.0,0.0,0.0,0.0,0.0,5000.0
0.0,0.538410692229749,0.538410692229749,0.538410692229749,0.0,5000.0
0.0,0.538410692229749,0.538410692229749,0.538410692229749,0.538410692229749,5000.0
0.0,0.538410692229749,0.538410692229749,0.0,0.0,5000.0
0.0,0.538410692229749,0.538410692229749,0.0,0.0,5000.0
0.0,0.538410692229749,0.538410692229749,0.0,0.0,5000.0
0.0,0.538410692229749,0.538410692229749,0.0,0.0,5000.0
0.0,0.0,0.0,0.0,0.0,5000.0
0.0,0.0,0.0,0.0,0.0,5000.0
0.0,0.0,0.0,0.0,0.0,5000.0
0.0,0.0,0.0,0.0,0.0,5000.0
0.0,0.0,0.0,0.0,0.0,5000.0
0.0,0.0,0.0,0.0,0.0,5000.0
5.937272682411661,6.169205026501913,6.132944588541704,2.1166223523095873,0.2811825666010514,5000.0
13.8412318255419,14.597165666608817,14.72375274218026,5.096219522066917,0.4895829843246986,5000.0
0.0,0.538410692229749,0.538410692229749,0.0,0.0,5000.0
0.0,0.538410692229749,0.538410692229749,0.0,0.0,5000.0
2.44652865899666,2.6871033904708383,2.371906732038153,0.735854947720668,0.5384106922288083,5000.0
0.0,0.538410692229749,0.538410692229749,0.538410692229749,0.538410692229749,5000.0
0.0,0.0,0.0,0.0,0.0,5000.0
0.0,0.0,0.0,0.0,0.0,5000.0
0.0,0.0,0.0,0.0,0.0,5000.0
0.0,0.0,0.0,0.0,0.0,5000.0
0.0,0.538410692229749,0.538410692229749,0.538410692229749,0.538410692229749,5000.0
0.0,0.538410692229749,0.538410692229749,0.538410692229749,0.538410692229749,5000.0
0.0,0.538410692229749,0.538410692229749,0.0,0.0,5000.0
0.0,0.538410692229749,0.538410692229749,0.0,0.0,5000.0
0.0,0.538410692229749,0.538410692229749,0.0,0.0,5000.0
0.0,0.0,0.0,0.0,0.0,5000.0
0.0,0.538410692229749,0.538410692229749,0.0,0.0,5000.0
0.0,0.538410692229749,0.538410692229749,0.538410692229749,0.538410692229749,5000.0
0.0,0.0,0.0,0.0,0.0,5000.0
0.0,0.0,0.0,0.0,0.0,5000.0
0.0,0.538410692229749,0.538410692229749,0.0,0.0,5000.0
0.0,0.538410692229749,0.538410692229749,0.0,0.0,5000.0
0.0,0.0,0.0,0.0,0.0,5000.0
0.0,0.0,0.0,0.0,0.0,5000.0
0.0,0.538410692229749,0.538410692229749,0.538410692229749,0.538410692229749,5000.0
0.0,0.538410692229749,0.538410692229749,0.538410692229749,0.538410692229749,5000.0
0.0,0.3344428156497088,0.2731679161720252,0.0802109792228407,0.5384106922291494,5000.0
0.0,0.538410692229749,0.538410692229749,0.0,0.0,5000.0
0.8300207376990981,1.207627679993493,1.6994141755048904,0.6227031355675763,0.5384106922294905,5000.0
0.0,0.538410692229749,0.538410692229749,0.538410692229749,0.538410692229749,5000.0
0.0,0.0,0.538410692229749,0.538410692229749,0.0,5000.0
0.0,0.0,0.0,0.0,0.0,5000.0
0.0,0.0,0.0,0.0,0.0,5000.0
0.0,0.538410692229749,0.538410692229749,0.538410692229749,0.0,5000.0
0.0,0.0,0.0,0.0,0.0,5000.0
0.0,0.0,0.0,0.0,0.0,5000.0
0.0,0.0,0.0,0.0,0.0,5000.0
0.0,0.0,0.0,0.0,0.0,5000.0
0.6994141755057419,0.6994141755048986,1000.0,0.0,0.538410692229749,5000.0
0.0,0.538410692229749,0.538410692229749,0.0,0.0,5000.0
0.0,0.538410692229749,0.538410692229749,0.0,0.0,5000.0
0.0,0.0,0.0,0.0,0.0,5000.0
0.0,0.0,0.0,0.0,0.0,5000.0
0.0,0.538410692229749,0.538410692229749,0.0,0.0,5000.0
0.0,0.538410692229749,0.538410692229749,0.0,0.0,5000.0
0.0,0.538410692229749,0.538410692229749,0.538410692229749,0.0,5000.0
0.0,0.538410692229749,0.538410692229749,0.538410692229749,0.0,5000.0
0.0,0.0,0.0,0.0,0.0,5000.0
0.0,0.0,0.0,0.0,0.0,5000.0
0.0,0.0,0.0,0.0,0.0,5000.0
0.0,0.0,0.0,0.0,0.0,5000.0
0.0,0.0,0.0,0.0,0.538410692229749,5000.0
0.0,0.538410692229749,0.538410692229749,0.0,0.0,5000.0
0.0,0.538410692229749,0.538410692229749,0.0,0.0,5000.0
0.0,0.538410692229749,0.538410692229749,0.538410692229749,0.0,5000.0
0.0,0.538410692229749,0.538410692229749,0.538410692229749,0.0,5000.0
0.0,0.0,0.0,0.0,0.0,5000.0
0.0,0.0,0.0,0.0,0.0,5000.0
0.0,0.0,0.0,0.0,0.0,5000.0
0.0,0.0,0.0,0.0,0.0,5000.0
0.0,0.538410692229749,0.538410692229749,0.0,0.0,5000.0
0.0,0.538410692229749,0.538410692229749,0.0,0.0,5000.0
0.0,0.0,0.0,0.0,0.0,5000.0
0.0,0.0,0.0,0.0,0.0,5000.0
0.0,0.538410692229749,0.538410692229749,0.0,0.0,5000.0
0.0,0.538410692229749,0.538410692229749,0.538410692229749,0.538410692229749,5000.0
0.0,0.0,0.0,0.0,0.0,5000.0
0.0,0.0,0.0,0.0,0.0,5000.0
0.0,0.538410692229749,0.538410692229749,0.538410692229749,0.538410692229749,5000.0
0.0,0.538410692229749,0.538410692229749,0.538410692229749,0.538410692229749,5000.0
0.0,0.538410692229749,0.538410692229749,0.538410692229749,0.538410692229749,5000.0
0.0,0.538410692229749,0.538410692229749,0.0,0.0,5000.0
0.0,0.538410692229749,0.538410692229749,0.0,0.0,5000.0
0.0,0.0,0.0,0.0,0.0,5000.0
0.0,0.0,0.0,0.0,0.0,5000.0
0.0,0.0,0.0,0.0,0.0,5000.0
0.0,0.0,0.0,0.0,0.0,5000.0
0.0,0.538410692229749,0.538410692229749,0.0,0.0,5000.0
0.0,0.538410692229749,0.538410692229749,0.538410692229749,0.0,5000.0
0.0,0.0,0.0,0.0,0.0,5000.0
0.0,0.0,0.0,0.0,0.0,5000.0
0.0,0.0,0.0,0.0,0.0,5000.0
0.0,0.0,0.0,0.0,0.0,5000.0
0.0,0.538410692229749,0.538410692229749,0.0,0.0,5000.0
0.0,0.538410692229749,0.538410692229749,0.0,0.0,5000.0
0.0,0.538410692229749,0.538410692229749,0.538410692229749,0.538410692229749,5000.0
0.0,0.538410692229749,0.538410692229749,0.0,0.0,5000.0
0.0,0.538410692229749,0.538410692229749,0.0,0.0,5000.0
0.0,0.538410692229749,0.538410692229749,0.0,0.0,5000.0
0.0,0.538410692229749,0.538410692229749,0.0,0.0,5000.0
0.0,0.0,0.0,0.0,0.0,5000.0
0.0,0.0,0.0,0.0,0.0,5000.0
0.0,0.0,0.0,0.0,0.0,5000.0
0.0,0.538410692229749,0.538410692229749,0.538410692229749,0.0,5000.0
0.0,0.538410692229749,0.538410692229749,0.0,0.0,5000.0
0.0,0.538410692229749,0.538410692229749,0.0,0.538410692229749,5000.0
0.0,0.538410692229749,0.538410692229749,0.538410692229749,0.0,5000.0
0.0,0.0,0.0,0.0,0.0,5000.0
0.0,0.538410692229749,0.538410692229749,0.538410692229749,0.0,5000.0
0.0,0.0,0.0,0.0,0.0,5000.0
0.0,0.0,0.0,0.0,0.0,5000.0
0.0,0.538410692229749,0.538410692229749,0.0,0.0,5000.0
0.0,0.0,0.0,0.0,0.0,5000.0
0.0,0.0,0.0,0.0,0.0,5000.0
0.0,0.0,0.0,100.18608380308066,1000.0,5000.0
0.0,0.538410692229749,0.538410692229749,0.538410692229749,0.538410692229749,5000.0
0.0,0.0,0.0,0.0,0.0,5000.0
0.0,0.538410692229749,0.538410692229749,0.0,0.0,5000.0
0.0,0.0,0.0,1000.0,1000.0,5000.0
0.0,0.0,0.0,0.0,0.0,5000.0
0.0,0.0,0.0,0.0,0.0,5000.0
0.0,0.0,0.0,0.0,0.0,5000.0
0.0,0.0,0.0,0.0,0.0,5000.0
0.0,0.0,0.0,0.0,0.0,5000.0
0.0,0.0,0.0,0.0,0.0,5000.0
0.0,0.0,0.0,0.0,0.0,5000.0
0.0,0.0,0.0,0.0,0.0,5000.0
0.0,0.0,0.0,0.0,0.0,5000.0
0.0,0.538410692229749,0.538410692229749,0.0,0.0,5000.0
0.0,0.0,0.0,0.0,0.0,5000.0
0.0,0.538410692229749,0.538410692229749,0.0,0.0,5000.0
0.0,0.0,0.0,0.0,0.0,5000.0
0.0,0.0,0.0,0.0,0.0,5000.0
0.0,0.0,0.0,0.0,0.0,5000.0
0.0,0.0,0.0,0.0,0.0,5000.0
0.0,0.0,0.0,0.0,0.0,5000.0
0.0,0.538410692229749,0.538410692229749,0.538410692229749,0.0,5000.0
0.0,0.538410692229749,0.538410692229749,0.538410692229749,0.0,5000.0
0.0,0.0,0.0,0.0,0.0,5000.0
0.0,0.538410692229749,0.538410692229749,0.0,0.0,5000.0
0.0,0.0,0.0,0.0,0.0,5000.0
0.0,0.0,0.538410692229749,0.0,0.0,5000.0
0.0,0.538410692229749,0.538410692229749,0.0,0.0,5000.0
0.0,0.0,0.0,0.0,0.0,5000.0
0.0,0.538410692229749,0.538410692229749,0.0,0.0,5000.0
0.0,0.0,0.0,0.0,0.538410692229749,5000.0
0.0,0.0,0.0,0.0,0.0,5000.0
0.0,0.0,0.0,0.0,0.0,5000.0
0.0,0.0,0.0,0.0,0.0,5000.0
0.0,0.0,0.0,0.0,0.0,5000.0
0.0,0.0,0.0,0.0,0.0,5000.0
0.0,0.538410692229749,0.538410692229749,0.0,0.0,5000.0
0.0,0.0,0.0,0.0,0.0,5000.0
0.0,0.0,0.0,7.45754762558514,1000.0,5000.0
0.0,0.0,0.0,0.0,0.0,5000.0
0.0,0.0,0.0,0.0,0.0,5000.0
0.0,0.0,0.0,0.0,0.0,5000.0
0.0,0.0,0.0,0.0,0.0,5000.0
0.0,0.0,0.0,0.0,0.0,5000.0
0.0,0.0,0.0,0.0,0.0,5000.0
0.0,0.0,0.0,0.0,0.0,5000.0
0.0,0.0,0.0,0.0,0.0,5000.0
0.0,0.0,0.0,0.0,0.0,5000.0
0.0,0.0,0.0,0.0,0.0,5000.0
0.0,0.0,0.0,0.0,0.0,5000.0
0.0,0.0,0.0,0.0,0.0,5000.0
0.0,0.0,0.0,0.0,0.0,5000.0
0.0,0.0,0.0,0.0,0.0,5000.0
0.0,0.0,0.0,0.0,0.0,5000.0
0.0,0.0,0.0,0.0,0.0,5000.0
0.0,0.0,0.0,0.0,0.0,5000.0
0.0,0.0,0.0,0.0,0.0,5000.0
0.0,0.0,0.0,0.0,0.0,5000.0
0.0,0.0,0.0,0.0,0.0,5000.0
0.0,0.0,0.0,0.0,0.0,5000.0
0.0,0.0,0.0,0.0,0.0,5000.0
0.0,0.0,0.0,0.0,0.0,5000.0
0.0,0.0,0.0,0.0,0.0,5000.0
0.0,0.0,0.0,0.0,0.0,5000.0
0.0,0.0,0.0,0.0,0.0,5000.0
0.0,0.0,0.0,0.0,0.0,5000.0
0.0,0.0,0.0,0.0,0.0,5000.0
0.0,0.0,0.0,0.0,0.0,5000.0
0.0,0.0,0.0,12.426480284025729,1000.0,5000.0
0.0,0.0,0.0,70.1585153955566,1000.0,5000.0
0.0,0.0,0.0,0.0,0.0,5000.0
0.0,0.0,0.0,0.0,0.0,5000.0
0.0,0.0,0.0,0.0,0.0,5000.0
0.0,0.0,0.0,0.0,0.0,5000.0
0.0,0.0,0.0,0.0,0.0,5000.0
0.0,0.0,0.0,0.0,0.0,5000.0
0.0,0.0,0.0,0.0,0.0,5000.0
0.0,0.0,0.0,0.0,0.0,5000.0
0.0,0.0,0.0,0.0,0.0,5000.0
0.0,0.0,0.0,0.0,0.0,5000.0
0.0,0.0,0.0,0.0,0.0,5000.0
0.0,0.0,0.0,0.0,0.0,5000.0
0.0,0.0,0.0,0.0,0.0,5000.0
0.0,0.538410692229749,0.538410692229749,0.0,0.0,5000.0
0.0,0.0,0.0,0.0,0.0,5000.0
0.0,0.0,0.0,0.0,0.0,5000.0
0.6994141755057419,1000.0000000000001,1000.0,0.0,0.0,5000.0
0.0,0.0,0.0,0.0,0.0,5000.0
0.6994141755057419,1000.0000000000001,1000.0,0.0,0.0,5000.0
0.0,0.538410692229749,0.538410692229749,0.0,0.0,5000.0
0.0,0.538410692229749,0.538410692229749,0.0,0.0,5000.0
0.0,0.538410692229749,0.538410692229749,0.0,0.0,5000.0
0.0,0.0,0.0,0.0,0.0,5000.0
0.0,0.0,0.0,0.0,0.1712671806461817,5000.0
0.0,0.0,0.0,0.0,0.0,5000.0
0.0,0.0,0.0,0.0,0.538410692229749,5000.0
0.0,0.0,0.0,0.0,0.538410692229749,5000.0
0.0,0.0,0.0,0.0,0.0,5000.0
0.0,0.0,0.0,0.0,0.0,5000.0
0.0,0.0,0.0,0.0,0.0,5000.0
0.0,0.0,0.0,0.0,0.0,5000.0
0.0,0.538410692229749,0.538410692229749,0.0,0.0,5000.0
0.0,0.0,0.0,0.0,0.0,5000.0
0.0,0.0,0.0,0.0,0.0,5000.0
0.0,0.0,0.0,0.0,0.0,5000.0
0.0,0.0,0.0,0.0,0.0,5000.0
0.0,0.0,0.0,0.0,0.0,5000.0
0.6994141755057419,0.6994141755048986,1000.0,0.0,0.0,5000.0
0.0,0.0,0.0,0.0,0.0,5000.0
0.0,0.0,0.0,0.0,0.0,5000.0
0.0,0.0,0.0,0.0,0.0,5000.0
0.0,0.0,0.0,0.0,0.0,5000.0
0.0,0.0,0.0,0.0,0.0,5000.0
0.0,0.0,0.0,0.0,0.0,5000.0
0.0,0.0,0.0,0.0,0.0,5000.0
0.0,0.0,0.0,0.0,0.0,5000.0
0.0,0.0,0.0,0.0,0.0,5000.0
0.0,0.538410692229749,0.538410692229749,0.0,0.0,5000.0
0.0,0.538410692229749,0.538410692229749,0.0,0.0,5000.0
0.0,0.0,0.0,0.0,0.0,5000.0
0.0,0.0,0.0,0.0,0.0,5000.0
0.0,0.0,0.0,0.0,0.0,5000.0
0.0,0.0,0.0,0.0,0.0,5000.0
0.0,0.0,0.0,0.0,0.0,5000.0
0.0,0.0,0.0,0.0,0.0,5000.0
0.0,0.0,0.0,0.0,0.0,5000.0
0.0,0.0,0.0,0.0,0.0,5000.0
0.0,0.538410692229749,0.538410692229749,0.0,0.0,5000.0
0.0,0.538410692229749,0.538410692229749,0.0,0.0,5000.0
0.0,0.0,0.0,0.0,0.0,5000.0
0.0,0.0,0.0,0.0,0.0,5000.0
0.0,0.0,0.0,0.0,0.0,5000.0
0.0,0.0,0.0,0.0,0.0,5000.0
0.0,0.0,0.0,0.0,0.0,5000.0
0.0,0.0,0.0,0.0,0.0,5000.0
0.0,0.0,0.0,0.0,0.0,5000.0
0.0,0.0,0.0,0.0,0.0,5000.0
0.0,0.0,0.0,0.0,0.0,5000.0
0.0,0.0,0.0,0.0,0.0,5000.0
0.0,0.538410692229749,0.538410692229749,0.0,0.0,5000.0
0.0,0.538410692229749,0.538410692229749,0.0,0.0,5000.0
0.0,0.538410692229749,0.538410692229749,0.0,0.0,5000.0
0.0,0.0,0.0,0.0,0.0,5000.0
0.0,0.0,0.0,0.0,0.0,5000.0
0.0,0.0,0.0,0.0,0.0,5000.0
0.0,0.538410692229749,0.538410692229749,0.0,0.0,5000.0
0.0,0.0,0.0,0.0,0.0,5000.0
0.0,0.0,0.0,0.0,0.0,5000.0
0.0,0.0,0.0,0.0,0.0,5000.0
0.0,0.0,0.0,0.0,0.0,5000.0
0.0,0.0,0.0,0.0,0.0,5000.0
0.0,0.0,0.0,0.0,0.0,5000.0
0.0,0.538410692229749,0.538410692229749,0.0,0.0,5000.0
0.0,0.0,0.0,0.0,0.0,5000.0
0.0,0.0,0.0,0.0,0.0,5000.0
0.0,0.0,0.0,0.0,0.0,5000.0
0.0,0.0,0.0,0.0,0.0,5000.0
0.0,0.538410692229749,0.538410692229749,0.0,0.0,5000.0
0.0,0.0,0.0,0.0,0.0,5000.0
0.0,0.0,0.0,0.0,0.0,5000.0
0.0,0.0,0.0,0.0,0.0,5000.0
0.0,0.0,0.0,0.0,0.0,5000.0
0.0,0.0,0.0,0.0,0.0,5000.0
0.0,0.0,0.0,0.0,0.0,5000.0
0.0,0.538410692229749,0.538410692229749,0.0,0.0,5000.0
0.0,0.0,0.0,0.0,0.0,5000.0
0.0,0.0,0.0,0.0,0.0,5000.0
0.0,0.0,0.0,0.0,0.0,5000.0
0.0,0.0,0.0,0.0,0.0,5000.0
0.0,0.0,0.0,0.0,0.0,5000.0
0.0,0.0,0.0,0.0,0.0,5000.0
0.0,0.538410692229749,0.538410692229749,0.0,0.0,5000.0
0.0,0.0,0.0,0.0,0.0,5000.0
0.0,0.0,0.0,0.0,0.0,5000.0
0.0,0.0,0.0,0.0,0.0,5000.0
0.0,0.0,0.0,0.0,0.0,5000.0
0.0,0.0,0.0,0.0,0.0,5000.0
0.0,0.0,0.0,0.0,0.0,5000.0
0.6994141755057419,1000.0000000000001,1000.0,0.0,0.0,5000.0
0.0,0.0,0.0,0.0,0.0,5000.0
0.0,0.0,0.0,0.0,0.0,5000.0
0.0,0.0,0.0,0.0,0.0,5000.0
0.0,0.0,0.0,0.0,0.0,5000.0
0.0,0.0,0.0,0.0,0.0,5000.0
0.0,0.538410692229749,0.538410692229749,0.0,0.0,5000.0
0.0,0.0,0.0,0.0,0.0,5000.0
0.0,0.0,0.0,0.0,0.0,5000.0
0.0,0.0,0.0,0.0,0.0,5000.0
0.0,0.0,0.0,0.0,0.0,5000.0
0.0,0.538410692229749,0.538410692229749,0.0,0.0,5000.0
0.0,0.0,0.0,0.0,0.0,5000.0
0.0,0.0,0.0,0.0,0.0,5000.0
0.0,0.0,0.0,0.0,0.0,5000.0
0.0,0.0,0.0,0.0,0.0,5000.0
0.0,0.0,0.0,0.0,0.0,5000.0
0.0,0.0,0.0,0.0,0.0,5000.0
0.0,0.0,0.0,0.0,0.0,5000.0
0.0,0.0,0.0,0.0,0.0,5000.0
0.0,0.0,0.0,0.0,0.0,5000.0
0.0,0.0,0.0,0.0,0.0,5000.0
0.0,0.0,0.0,0.0,0.0,5000.0
0.0,0.0,0.0,0.0,0.0,5000.0
0.0,0.0,0.0,0.0,0.0,5000.0
0.0,0.0,0.0,0.0,0.0,5000.0
0.0,0.0,0.0,0.0,0.0,5000.0
0.0,0.0,0.0,0.0,0.0,5000.0
0.0,0.0,0.0,0.0,0.0,5000.0
0.0,0.0,0.0,0.0,0.0,5000.0
0.0,0.538410692229749,0.538410692229749,0.0,0.0,5000.0
0.0,0.538410692229749,0.538410692229749,0.0,0.0,5000.0
0.6994141755057419,1000.0000000000001,1000.0,0.0,0.0,5000.0
0.0,0.538410692229749,0.538410692229749,0.0,0.0,5000.0
0.0,0.538410692229749,0.538410692229749,0.0,0.0,5000.0
0.0,0.0,0.0,0.0,0.0,5000.0
0.0,0.0,0.0,0.0,0.0,5000.0
0.0,0.0,0.0,0.0,0.0,5000.0
0.0,0.0,0.0,0.0,0.0,5000.0
0.0,0.0,0.0,0.0,0.0,5000.0
0.0,0.0,0.0,0.0,0.0,5000.0
0.0,0.538410692229749,0.538410692229749,0.0,0.0,5000.0
0.0,0.538410692229749,0.538410692229749,0.0,0.0,5000.0
0.0,0.0,0.0,0.0,0.0,5000.0
0.0,0.0,0.0,0.0,0.0,5000.0
0.0,0.0,0.0,0.0,0.0,5000.0
0.0,0.0,0.0,0.0,0.0,5000.0
0.0,0.0,0.0,0.0,0.0,5000.0
0.0,0.0,0.0,0.0,0.0,5000.0
0.0,0.0,0.0,0.0,0.0,5000.0
0.0,0.0,0.0,0.0,0.0,5000.0
0.0,0.0,0.0,0.0,0.0,5000.0
0.0,0.0,0.0,0.0,0.0,5000.0
0.0,0.0,0.0,0.0,0.0,5000.0
0.0,0.0,0.0,0.0,0.0,5000.0
0.0,0.0,0.0,0.0,0.0,5000.0
0.0,0.538410692229749,0.538410692229749,0.0,0.0,5000.0
0.0,0.0,0.0,0.0,0.0,5000.0
0.0,0.0,0.0,0.0,0.0,5000.0
0.0,0.0,0.0,0.0,0.0,5000.0
0.0,0.0,0.0,0.0,0.0,5000.0
0.0,0.0,0.0,0.0,0.0,5000.0
0.0,0.0,0.0,0.0,0.0,5000.0
0.0,0.0,0.0,0.0,0.0,5000.0
0.0,0.0,0.0,0.0,0.0,5000.0
0.0,0.0,0.0,0.0,0.0,5000.0
0.0,0.0,0.0,0.0,0.0,5000.0
0.0,0.0,0.0,0.0,0.0,5000.0
0.0,0.0,0.0,0.0,0.0,5000.0
0.0,0.538410692229749,0.538410692229749,0.0,0.538410692229749,5000.0
0.0,0.0,0.0,0.0,0.0,5000.0
0.0,0.0,0.0,0.0,0.0,5000.0
0.0,0.538410692229749,0.538410692229749,0.0,0.538410692229749,5000.0
0.0,0.0,0.0,0.0,0.0,5000.0
0.0,0.0,0.0,0.0,0.0,5000.0
0.0,0.0,0.0,0.0,0.0,5000.0
0.0,0.0,0.0,0.0,0.0,5000.0
0.0,0.0,0.0,0.0,0.0,5000.0
0.0,0.538410692229749,0.538410692229749,0.0,0.0,5000.0
0.0,0.0,0.0,0.0,0.0,5000.0
0.0,0.0,0.0,0.0,0.0,5000.0
0.0,0.0,0.0,0.0,0.0,5000.0
0.0,0.0,0.0,0.0,0.0,5000.0
0.0,0.538410692229749,0.538410692229749,0.0,0.0,5000.0
0.0,0.0,0.0,0.0,0.0,5000.0
0.0,0.538410692229749,0.538410692229749,0.0,0.0,5000.0
0.0,0.0,0.0,0.0,0.0,5000.0
0.0,0.538410692229749,0.538410692229749,0.0,0.0,5000.0
0.0,0.538410692229749,0.538410692229749,0.0,0.0,5000.0
0.0,0.0,0.0,0.0,0.0,5000.0
0.0,0.0,0.0,0.0,0.0,5000.0
0.0,0.0,0.0,0.0,0.0,5000.0
0.0,0.0,0.0,0.0,0.0,5000.0
0.0,0.0,0.0,0.0,0.0,5000.0
0.0,0.0,0.0,0.0,0.0,5000.0
0.0,0.0,0.0,0.0,0.0,5000.0
0.0,0.0,0.0,0.0,0.0,5000.0
0.0,0.0,0.0,0.0,0.0,5000.0
0.0,0.538410692229749,0.538410692229749,0.0,0.0,5000.0
0.0,0.0,0.0,0.0,0.0,5000.0
0.0,0.0,0.0,0.0,0.0,5000.0
0.0,0.0,0.0,0.0,0.0,5000.0
0.0,0.0,0.0,0.0,0.0,5000.0
0.0,0.0,0.0,0.0,0.0,5000.0
0.0,0.0,0.0,0.0,0.0,5000.0
0.0,0.0,0.0,0.0,0.0,5000.0
0.0,0.538410692229749,0.538410692229749,0.0,0.0,5000.0
0.0,0.538410692229749,0.538410692229749,0.0,0.0,5000.0
0.0,0.0,0.0,0.0,0.0,5000.0
0.0,0.0,0.0,0.0,0.0,5000.0
0.0,0.0,0.0,0.0,0.0,5000.0
0.0,0.538410692229749,0.538410692229749,0.0,0.0,5000.0
0.0,0.0,0.0,0.0,0.0,5000.0
0.0,0.0,0.0,0.0,0.0,5000.0
0.0,0.0,0.0,0.0,0.0,5000.0
0.0,0.0,0.0,0.0,0.0,5000.0
0.0,0.538410692229749,0.538410692229749,0.0,0.0,5000.0
0.0,0.0,0.0,0.0,0.0,5000.0
0.0,0.0,0.0,0.0,0.0,5000.0
0.0,0.0,0.0,0.0,0.0,5000.0
0.0,0.0,0.0,0.0,0.0,5000.0
0.0,0.0,0.0,0.0,0.0,5000.0
0.0,0.0,0.0,0.0,0.0,5000.0
0.0,0.0,0.0,0.0,0.0,5000.0
0.0,0.0,0.0,0.0,0.0,5000.0
0.0,0.0,0.0,0.0,0.0,5000.0
0.0,0.0,0.0,0.0,0.0,5000.0
0.0,0.0,0.0,0.0,0.0,5000.0
0.0,0.0,0.0,0.0,0.0,5000.0
0.0,0.0,0.0,0.0,0.0,5000.0
0.0,0.0,0.0,0.0,0.0,5000.0
0.0,0.0,0.0,0.0,0.0,5000.0
0.0,0.0,0.0,0.0,0.0,5000.0
0.0,0.0,0.0,0.0,0.0,5000.0
0.0,0.0,0.0,0.0,0.0,5000.0
0.0,0.0,0.0,0.0,0.0,5000.0
0.0,0.0,0.0,0.0,0.0,5000.0
0.0,0.0,0.0,0.0,0.0,5000.0
0.0,0.0,0.0,0.0,0.0,5000.0
0.0,0.0,0.0,0.0,0.0,5000.0
0.0,0.0,0.0,0.0,0.0,5000.0
0.0,0.0,0.0,0.0,0.0,5000.0
0.0,0.0,0.0,0.0,0.0,5000.0
0.0,0.0,0.0,0.0,0.0,5000.0
0.0,0.0,0.0,0.0,0.0,5000.0
0.0,0.0,0.0,0.0,0.0,5000.0
0.0,0.0,0.0,0.0,0.0,5000.0
0.0,0.0,0.0,0.0,0.0,5000.0
0.0,0.0,0.0,0.0,0.0,5000.0
0.0,0.0,0.0,0.0,0.0,5000.0
0.0,0.0,0.0,0.0,0.0,5000.0
0.0,0.0,0.0,0.0,0.0,5000.0
0.0,0.0,0.0,0.0,0.0,5000.0
0.0,0.0,0.0,0.0,0.0,5000.0
0.0,0.0,0.0,0.0,0.0,5000.0
0.0,0.0,0.0,0.0,0.0,5000.0
0.0,0.0,0.0,0.0,0.0,5000.0
0.0,0.0,0.0,0.0,0.0,5000.0
0.0,0.0,0.0,0.0,0.0,5000.0
0.0,0.0,0.0,0.0,0.0,5000.0
0.0,0.0,0.0,0.0,0.0,5000.0
0.0,0.0,0.0,0.0,0.0,5000.0
0.0,0.0,0.0,0.0,0.0,5000.0
0.0,0.0,0.0,0.0,0.0,5000.0
0.0,0.0,0.0,0.0,0.0,5000.0
0.0,0.0,0.0,0.0,0.0,5000.0
0.0,0.0,0.0,0.0,0.0,5000.0
0.0,0.0,0.0,0.0,0.0,5000.0
0.0,0.0,0.0,0.0,0.0,5000.0
0.0,0.0,0.0,0.0,0.0,5000.0
0.0,0.0,0.0,0.0,0.0,5000.0
0.0,0.0,0.0,0.0,0.0,5000.0
0.0,0.0,0.0,0.0,0.0,5000.0
0.0,0.0,0.0,0.0,0.0,5000.0
0.0,0.0,0.0,0.0,0.0,5000.0
0.0,0.0,0.0,0.0,0.0,5000.0
0.0,0.0,0.0,0.0,0.0,5000.0
0.0,0.0,0.0,0.0,0.0,5000.0
0.0,0.0,0.0,0.0,0.0,5000.0
0.0,0.0,0.0,0.0,0.0,5000.0
0.0,0.0,0.0,0.0,0.0,5000.0
0.0,0.0,0.0,0.0,0.0,5000.0
0.0,0.0,0.0,0.0,0.0,5000.0
0.0,0.0,0.0,0.0,0.0,5000.0
0.0,0.0,0.0,0.0,0.0,5000.0
0.0,0.0,0.0,0.0,0.0,5000.0
0.0,0.0,0.0,0.0,0.0,5000.0
0.0,0.0,0.0,0.0,0.0,5000.0
0.0,0.0,0.0,0.0,0.0,5000.0
0.0,0.0,0.0,0.0,0.0,5000.0
0.0,0.0,0.0,0.0,0.0,5000.0
0.0,0.0,0.0,0.0,0.0,5000.0
0.0,0.0,0.0,0.0,0.0,5000.0
0.0,0.0,0.0,0.0,0.0,5000.0
0.0,0.0,0.0,0.0,0.0,5000.0
0.0,0.0,0.0,0.0,0.0,5000.0
0.0,0.0,0.0,0.0,0.0,5000.0
0.0,0.0,0.0,0.0,0.0,5000.0
0.0,0.0,0.0,0.0,0.0,5000.0
0.0,0.0,0.0,0.0,0.0,5000.0
0.0,0.0,0.0,0.0,0.0,5000.0
0.0,0.0,0.0,0.0,0.0,5000.0
0.0,0.0,0.0,0.0,0.0,5000.0
0.0,0.0,0.0,0.0,0.0,5000.0
0.0,0.0,0.0,0.0,0.0,5000.0
0.0,0.0,0.0,0.0,0.0,5000.0
0.0,0.0,0.0,0.0,0.0,5000.0
0.0,0.0,0.0,0.0,0.0,5000.0
0.0,0.0,0.0,0.0,0.0,5000.0
0.0,0.0,0.0,0.0,0.0,5000.0
0.0,0.0,0.0,0.0,0.0,5000.0
0.0,0.0,0.0,0.0,0.0,5000.0
0.0,0.0,0.0,0.0,0.0,5000.0
0.0,0.0,0.0,0.0,0.0,5000.0
0.0,0.0,0.0,0.0,0.0,5000.0
0.0,0.0,0.0,0.0,0.0,5000.0
0.0,0.0,0.0,0.0,0.0,5000.0
0.0,0.0,0.0,0.0,0.0,5000.0
0.0,0.0,0.0,0.0,0.0,5000.0
0.0,0.0,0.0,0.0,0.0,5000.0
0.0,0.0,0.0,0.0,0.0,5000.0
0.0,0.0,0.0,0.0,0.0,5000.0
0.0,0.0,0.0,0.0,0.0,5000.0
0.0,0.0,0.0,0.0,0.0,5000.0
0.0,0.0,0.0,0.0,0.0,5000.0
0.0,0.0,0.0,0.0,0.0,5000.0
0.0,0.0,0.0,0.0,0.0,5000.0
0.0,0.0,0.0,0.0,0.0,5000.0
0.0,0.0,0.0,0.0,0.0,5000.0
0.0,0.0,0.0,0.0,0.0,5000.0
0.0,0.0,0.0,0.0,0.0,5000.0
0.0,0.0,0.0,0.0,0.0,5000.0
0.0,0.0,0.0,0.0,0.0,5000.0
0.0,0.0,0.0,0.0,0.0,5000.0
0.0,0.0,0.0,0.0,0.0,5000.0
0.0,0.0,0.0,0.0,0.0,5000.0
0.0,0.0,0.0,0.0,0.0,5000.0
0.0,0.0,0.0,0.0,0.0,5000.0
0.0,0.0,0.0,0.0,0.0,5000.0
0.0,0.0,0.0,0.0,0.0,5000.0
0.0,0.0,0.0,0.0,0.0,5000.0
0.0,0.0,0.0,0.0,0.0,5000.0
0.0,0.0,0.0,0.0,0.0,5000.0
0.0,0.0,0.0,0.0,0.0,5000.0
0.0,0.0,0.0,0.0,0.0,5000.0
0.0,0.0,0.0,0.0,0.0,5000.0
0.0,0.0,0.0,0.0,0.0,5000.0
0.0,0.0,0.0,0.0,0.0,5000.0
0.0,0.0,0.0,0.0,0.0,5000.0
0.0,0.0,0.0,0.0,0.0,5000.0
0.0,0.0,0.0,0.0,0.0,5000.0
0.0,0.0,0.0,0.0,0.0,5000.0
0.0,0.0,0.0,0.0,0.0,5000.0
0.0,0.0,0.0,0.0,0.0,5000.0
0.0,0.0,0.0,0.0,0.0,5000.0
0.0,0.0,0.0,0.0,0.0,5000.0
0.0,0.0,0.0,0.0,0.0,5000.0
0.0,0.0,0.0,0.0,0.0,5000.0
0.0,0.0,0.0,0.0,0.0,5000.0
0.0,0.0,0.0,0.0,0.0,5000.0
0.0,0.0,0.0,0.0,0.0,5000.0
0.0,0.0,0.0,0.0,0.0,5000.0
0.0,0.0,0.0,0.0,0.0,5000.0
0.0,0.0,0.0,0.0,0.0,5000.0
0.0,0.0,0.0,0.0,0.0,5000.0
0.0,0.0,0.0,0.0,0.0,5000.0
0.0,0.0,0.0,0.0,0.0,5000.0
0.0,0.0,0.0,0.0,0.0,5000.0
0.0,0.0,0.0,0.0,0.0,5000.0
0.0,0.0,0.0,0.0,0.0,5000.0
0.0,0.0,0.0,0.0,0.0,5000.0
0.0,0.0,0.0,0.0,0.0,5000.0
0.0,0.0,0.0,0.0,0.0,5000.0
0.0,0.0,0.0,0.0,0.0,5000.0
0.0,0.0,0.0,0.0,0.0,5000.0
0.0,0.0,0.0,0.0,0.0,5000.0
0.0,0.0,0.0,0.0,0.0,5000.0
0.0,0.0,0.0,0.0,0.0,5000.0
0.0,0.0,0.0,0.0,0.0,5000.0
0.0,0.0,0.0,0.0,0.0,5000.0
0.0,0.0,0.0,0.0,0.0,5000.0
0.0,0.0,0.0,0.0,0.0,5000.0
0.0,0.0,0.0,0.0,0.0,5000.0
0.0,0.0,0.0,0.0,0.0,5000.0
0.0,0.0,0.0,0.0,0.0,5000.0
0.0,0.0,0.0,0.0,0.0,5000.0
0.0,0.0,0.0,0.0,0.0,5000.0
0.0,0.0,0.0,0.0,0.0,5000.0
0.0,0.0,0.0,0.0,0.0,5000.0
0.0,0.0,0.0,0.0,0.0,5000.0
0.0,0.0,0.0,0.0,0.0,5000.0
0.0,0.0,0.0,0.0,0.0,5000.0
0.0,0.0,0.0,0.0,0.0,5000.0
0.0,0.0,0.0,0.0,0.0,5000.0
0.0,0.0,0.0,0.0,0.0,5000.0
0.0,0.0,0.0,0.0,0.0,5000.0
0.0,0.0,0.0,0.0,0.0,5000.0
0.0,0.0,0.0,0.0,0.0,5000.0
0.0,0.0,0.0,0.0,0.0,5000.0
0.0,0.0,0.0,0.0,0.0,5000.0
0.0,0.0,0.0,0.0,0.0,5000.0
0.0,0.0,0.0,0.0,0.0,5000.0
0.0,0.0,0.0,0.0,0.0,5000.0
0.0,0.0,0.0,0.0,0.0,5000.0
0.0,0.0,0.0,0.0,0.0,5000.0
0.0,0.0,0.0,0.0,0.0,5000.0
0.0,0.0,0.0,0.0,0.0,5000.0
0.0,0.0,0.0,0.0,0.0,5000.0
0.0,0.0,0.0,0.0,0.0,5000.0
0.0,0.0,0.0,0.0,0.0,5000.0
0.0,0.0,0.0,0.0,0.0,5000.0
0.0,0.0,0.0,0.0,0.0,5000.0
0.0,0.0,0.0,0.0,0.0,5000.0
0.0,0.0,0.0,0.0,0.0,5000.0
0.0,0.0,0.0,0.0,0.0,5000.0
0.0,0.0,0.0,0.0,0.0,5000.0
0.0,0.0,0.0,0.0,0.0,5000.0
0.0,0.0,0.0,0.0,0.0,5000.0
0.0,0.0,0.0,0.0,0.0,5000.0
0.0,0.0,0.0,0.0,0.0,5000.0
0.0,0.0,0.0,0.0,0.0,5000.0
0.0,0.0,0.0,0.0,0.0,5000.0
0.0,0.0,0.0,0.0,0.0,5000.0
0.0,0.0,0.0,0.0,0.0,5000.0
0.0,0.0,0.0,0.0,0.0,5000.0
0.0,0.0,0.0,0.0,0.0,5000.0
0.0,0.0,0.0,0.0,0.0,5000.0
0.0,0.0,0.0,0.0,0.0,5000.0
0.0,0.0,0.0,0.0,0.0,5000.0
0.0,0.0,0.0,0.0,0.0,5000.0
0.0,0.0,0.0,0.0,0.0,5000.0
0.0,0.0,0.0,0.0,0.0,5000.0
0.0,0.0,0.0,0.0,0.0,5000.0
0.0,0.0,0.0,0.0,0.0,5000.0
0.0,0.0,0.0,0.0,0.0,5000.0
0.0,0.0,0.0,0.0,0.0,5000.0
0.0,0.0,0.0,0.0,0.0,5000.0
0.0,0.0,0.0,0.0,0.0,5000.0
0.0,0.0,0.0,0.0,0.0,5000.0
0.0,0.0,0.0,0.0,0.0,5000.0
0.0,0.0,0.0,0.0,0.0,5000.0
0.0,0.0,0.0,0.0,0.0,5000.0
0.0,0.0,0.0,0.0,0.0,5000.0
0.0,0.0,0.0,0.0,0.0,5000.0
0.0,0.0,0.0,0.0,0.0,5000.0
0.0,0.0,0.0,0.0,0.0,5000.0
0.0,0.0,0.0,0.0,0.0,5000.0
0.0,0.0,0.0,0.0,0.0,5000.0
0.0,0.0,0.0,0.0,0.0,5000.0
0.0,0.0,0.0,0.0,0.0,5000.0
0.0,0.0,0.0,0.0,0.0,5000.0
0.0,0.0,0.0,0.0,0.0,5000.0
0.0,0.0,0.0,0.0,0.0,5000.0
0.0,0.0,0.0,0.0,0.0,5000.0
0.0,0.0,0.0,0.0,0.0,5000.0
0.0,0.0,0.0,0.0,0.0,5000.0
0.0,0.0,0.0,0.0,0.0,5000.0
0.0,0.0,0.0,0.0,0.0,5000.0
0.0,0.0,0.0,0.0,0.0,5000.0
0.0,0.0,0.0,0.0,0.0,5000.0
0.0,0.0,0.0,0.0,0.0,5000.0
0.0,0.0,0.0,0.0,0.0,5000.0
0.0,0.0,0.0,0.0,0.0,5000.0
0.0,0.0,0.0,0.0,0.0,5000.0
0.0,0.0,0.0,0.0,0.0,5000.0
0.0,0.0,0.0,0.0,0.0,5000.0
0.0,0.0,0.0,0.0,0.0,5000.0
0.0,0.0,0.0,0.0,0.0,5000.0
0.0,0.0,0.0,0.0,0.0,5000.0
0.0,0.0,0.0,0.0,0.0,5000.0
0.0,0.0,0.0,0.0,0.0,5000.0
0.0,0.0,0.0,0.0,0.0,5000.0
0.0,0.0,0.0,0.0,0.0,5000.0
0.0,0.0,0.0,0.0,0.0,5000.0
0.0,0.0,0.0,0.0,0.0,5000.0
0.0,0.0,0.0,0.0,0.0,5000.0
0.0,0.0,0.0,0.0,0.0,5000.0
0.0,0.0,0.0,0.0,0.0,5000.0
0.0,0.0,0.0,0.0,0.0,5000.0
0.0,0.0,0.0,0.0,0.0,5000.0
0.0,0.0,0.0,0.0,0.0,5000.0
0.0,0.0,0.0,0.0,0.0,5000.0
0.0,0.0,0.0,0.0,0.0,5000.0
0.0,0.0,0.0,0.0,0.0,5000.0
0.0,0.0,0.0,0.0,0.0,5000.0
0.0,0.0,0.0,0.0,0.0,5000.0
0.0,0.0,0.0,0.0,0.0,5000.0
0.0,0.0,0.0,0.0,0.0,5000.0
0.0,0.0,0.0,0.0,0.0,5000.0
0.0,0.0,0.0,0.0,0.0,5000.0
0.0,0.0,0.0,0.0,0.0,5000.0
0.0,0.0,0.0,0.0,0.0,5000.0
0.0,0.0,0.0,0.0,0.0,5000.0
0.0,0.0,0.0,0.0,0.0,5000.0
0.0,0.0,0.0,0.0,0.0,5000.0
0.0,0.0,0.0,0.0,0.0,5000.0
0.0,0.0,0.0,0.0,0.0,5000.0
0.0,0.0,0.0,0.0,0.0,5000.0
0.0,0.538410692229749,0.538410692229749,0.538410692229749,0.538410692229749,5000.0
0.0,0.538410692229749,0.538410692229749,0.538410692229749,0.538410692229749,5000.0
0.0,0.538410692229749,0.538410692229749,0.538410692229749,0.538410692229749,5000.0
0.0,0.538410692229749,0.538410692229749,0.538410692229749,0.538410692229749,5000.0
0.0,0.538410692229749,0.2069022807991597,0.538410692229749,0.538410692229749,5000.0
0.6994141755057419,0.6994141755048986,1.699414175505126,0.573548509396032,0.7691581317567844,5000.0
0.6994141755057419,1.6994141755048986,1.4624234393692177,0.5339503430041387,0.538410692229749,5000.0
0.6994141755057419,0.7021391627658886,1.6994141755041992,0.6291182070057744,0.7691581317567844,5000.0
0.6994141755057419,0.7556847950118026,0.8078207185068276,0.538410692229749,0.538410692229749,5000.0
0.6994141755057419,0.8127634664624566,0.932096710972074,0.3723293765759471,0.538410692229749,5000.0
0.0,0.538410692229749,0.11119228132619324,0.538410692229749,0.538410692229749,5000.0
0.0,0.538410692229749,0.1401717044019151,0.538410692229749,0.538410692229749,5000.0
0.0,0.538410692229749,0.538410692229749,0.538410692229749,0.538410692229749,5000.0
0.0,0.538410692229749,0.538410692229749,0.538410692229749,0.538410692229749,5000.0
0.0,0.538410692229749,0.538410692229749,0.538410692229749,0.538410692229749,5000.0
0.0,0.29164923650932906,0.23954321426101,0.538410692229749,0.538410692229749,5000.0
0.0,0.25754056397545355,0.23734797817612113,0.10433035750866353,0.538410692229749,5000.0
0.0,0.538410692229749,0.1383159283110576,0.538410692229749,0.538410692229749,5000.0
0.0,0.5358058957590401,0.44928983342371753,0.21993819551971683,0.5384106922288083,5000.0
0.0,1.0525850757267108,1.6994141754968999,0.5521489475299859,0.0007847968006394245,5000.0
0.0,1.0,1.6994141754972256,0.6069161351991852,0.5384106922296041,5000.0
0.0,0.671801379066892,1.6994141754977286,0.5830907600432624,0.0,5000.0
0.0,0.502937426110293,0.48004065427417614,0.27542807804435404,0.538410692229749,5000.0
0.0,1.6062145388832505,1.6994141755053533,0.4851894955245806,0.004968746169511507,5000.0
0.0,1.6161650957637903,1.8940573013610535,0.6433520138855897,0.5384106922297178,5000.0
0.0,1.0,1.6994141755003858,0.5666950330619898,0.002217187162510141,5000.0
0.0,1.1097137266297068,1.6994141754984595,0.5924182923949957,0.02100827557867395,5000.0
4.78405306208744,2.17534284510657,1.6994141754949195,0.5774643109401723,0.5384106922297178,5000.0
7.86549764049722,4.132679787731831,2.7691433325196346,0.6900391708584266,0.5384106922288083,5000.0
6.92796215463529,3.2622282407846797,2.1624779807479224,0.6438467235478242,0.5384106922294905,5000.0
2.83657735452957,1.6994141755048986,1.6994141754983676,0.4884956927456301,0.5384106922292631,5000.0
0.0,0.538410692229749,0.538410692229749,0.538410692229749,0.538410692229749,5000.0
0.0,0.538410692229749,0.538410692229749,0.538410692229749,0.538410692229749,5000.0
0.0,0.538410692229749,0.538410692229749,0.538410692229749,0.538410692229749,5000.0
0.0,0.3921035739422223,0.3047879356214161,0.12173465341464862,0.5384106922291494,5000.0
3.44796152289313,2.850202789074501,2.2279592133538113,0.7533144666558655,0.002601812172173368,5000.0
6.726688990299801,5.330831539171413,2.722086100975405,0.6994623116625007,0.06917251243319811,5000.0
6.777383689651121,4.0281427130239535,2.569281590133617,0.7194260480400771,0.06743563069460379,5000.0
0.0,1.015819083907445,2.2501408050122755,0.664734672598911,0.5384106922288083,5000.0
19.676318945063798,15.435473139113128,11.87272311010007,4.057816535373831,0.4562433727768573,5000.0
16.423704096013797,13.325015388062639,10.460972051700695,3.399833219189759,0.5384106922296894,5000.0
12.019482413851401,8.001388044247506,5.9069183220770825,1.6817118033100087,0.12587905876023342,5000.0
0.0,0.538410692229749,0.538410692229749,0.538410692229749,0.538410692229749,5000.0
0.0,0.538410692229749,0.538410692229749,0.538410692229749,0.538410692229749,5000.0
0.0,0.309363250044953,0.24671199410955916,0.538410692229749,0.538410692229749,5000.0
0.0,0.538410692229749,0.538410692229749,0.538410692229749,0.538410692229749,5000.0
0.0,0.538410692229749,0.538410692229749,0.538410692229749,0.538410692229749,5000.0
0.7761248201664129,1.0955262211018635,1.6994141755029135,0.479635896580362,0.0,5000.0
3.80074041121282,3.297269741357013,2.5304705125163314,0.5471502816882321,0.5384106922294905,5000.0
2.31719839002883,1.9685818544567155,1.6994141755014918,0.5162498770209822,0.5384106922291494,5000.0
1.3218962858439998,1.0528246280491658,1.6994141755053533,0.3794509389339624,0.538410692229749,5000.0
0.0,0.538410692229749,0.538410692229749,0.538410692229749,0.538410692229749,5000.0
0.0,0.538410692229749,0.538410692229749,0.538410692229749,0.0,5000.0
2.04565719031161,1.929457042852846,1.6994141755005403,0.5438084387913591,0.5384106922290357,5000.0
2.6423692119693603,2.4071272703513387,1.702412384593698,0.5762215863636584,0.0011223605284840232,5000.0
0.6994141755057419,1000.0000000000001,1000.0,0.538410692229749,0.0,5000.0
0.6994141755057419,1.6994141755048986,1000.0,0.538410692229749,0.538410692229749,5000.0
1.37033159526777,1.6994141755048986,1.6994141755027006,0.4188833667322456,0.0,5000.0
0.726178031023389,1.6994141755048986,1.699414175505808,0.3644884287580688,0.0,5000.0
0.851618481629471,0.9446473287216577,1.6994141755056944,0.43397274097543725,0.538410692229749,5000.0
0.6994141755057419,0.8112839195255219,1.6994141755052397,0.4442033811563424,4.547473508864641e-13,5000.0
0.0,0.538410692229749,0.538410692229749,0.5384106922290357,0.0,5000.0
0.0,0.538410692229749,0.538410692229749,0.5384106922293768,0.7691581317567844,5000.0
2.09327725395615,1.7372638522429042,1.2440713524292732,0.42201836527832254,0.538410692229749,5000.0
3.7720405111937705,2.668772229431852,1.6994141755033114,0.49704862331316235,0.7691581317564673,5000.0
3.44819489752944,2.4683507923373327,1.6994141755052397,0.49987327664808845,0.001925824477604464,5000.0
2.93537922466496,2.5420390079416393,1.8249753228957388,0.4960720165894725,0.0015369261619828964,5000.0
0.6994141755057419,1.6994141755048986,1.699414175505126,0.538410692229749,0.538410692229749,5000.0
0.0,0.538410692229749,0.538410692229749,0.538410692229749,0.0,5000.0
0.0,0.538410692229749,0.538410692229749,0.538410692229749,0.0,5000.0
0.0,0.538410692229749,0.538410692229749,0.538410692229749,0.0,5000.0
0.6994141755057419,0.7052648159988166,1.6994141755059218,0.538410692229749,0.538410692229749,5000.0
2.49263138426229,2.125782893923315,1.7506287692410751,0.5070797175274415,0.0033289283047402735,5000.0
6.508163033881379,3.8236497320776834,2.3216719351488364,0.53658149241096,0.5384106922296041,5000.0
3.10581026288441,1.7765108581616005,1.699414175265821,0.33548296341507466,0.5384106922288083,5000.0
4.78902552188097,3.2624473191772267,2.279498548951665,0.4343419391402469,0.538410692229749,5000.0
7.85457977861212,4.503626258111581,2.9402804103162907,0.7430665026394655,0.5384106922290357,5000.0
0.0,0.538410692229749,0.538410692229749,0.538410692229749,0.0,5000.0
0.0,0.538410692229749,0.538410692229749,0.538410692229749,0.0,5000.0
0.0,0.538410692229749,0.538410692229749,0.538410692229749,0.0,5000.0
0.0,0.538410692229749,0.538410692229749,0.0,0.0,5000.0
0.0,0.538410692229749,0.538410692229749,0.538410692229749,0.538410692229749,5000.0
0.0,0.538410692229749,0.538410692229749,0.538410692229749,0.0,5000.0
0.0,0.538410692229749,0.538410692229749,0.538410692229749,0.0,5000.0
1.8611836233310801,1.7148049832157994,1.699414175504388,0.36167134806075296,0.5384106922292631,5000.0
5.16952210179526,4.0746532010116425,1.9009980960505781,0.6138545946918725,0.5384106922294905,5000.0
10.7097037795431,6.1492258273055995,2.295400146247681,0.6510440638603541,0.04007534039466308,5000.0
9.887192333736571,5.032288988812979,3.3075222809939544,0.633037887973984,0.03317075840349558,5000.0
7.74685516760563,3.876503663139374,2.404325099247085,0.5242085298273196,0.5384106922296041,5000.0
6.665075255493529,3.2568940868613936,2.1147620358140102,0.44969224226264376,0.538410692229749,5000.0
1.716819298682,1.6994141755048986,1.6994141755059218,0.538410692229749,0.538410692229749,5000.0
6.623321098995089,3.198264497170385,1.9930309193745188,0.47585051367981474,0.538410692229749,5000.0
0.0,0.538410692229749,0.538410692229749,0.538410692229749,0.538410692229749,5000.0
0.0,0.538410692229749,0.538410692229749,0.538410692229749,0.538410692229749,5000.0
0.0,0.3664706848558126,0.25660568474913414,0.538410692229749,0.538410692229749,5000.0
10.2922355183781,5.632930326592941,3.1853648436855253,0.6381062957434267,0.5384106922291494,5000.0
14.9028483528751,9.698329232001925,6.893091374755386,2.648018108161762,0.47405535498405343,5000.0
13.5624404235785,7.926918803078479,5.150026865179439,2.265420426128969,0.4088668324589367,5000.0
37.1913110387938,20.709564951320317,14.675838642467108,6.564837557631961,2.7450790302205976,5000.0
0.6994141755057419,1000.0000000000001,1000.0,0.538410692229749,0.0,5000.0
0.0,0.538410692229749,0.538410692229749,0.538410692229749,0.0,5000.0
0.6994141755057419,0.6994141755048986,1000.0,0.538410692229749,0.0,5000.0
45.6478041574068,28.881621199010624,23.416099171988385,10.537962063787347,3.668422889099341,5000.0
19.9784814614531,11.512462771090213,8.671908980658706,2.994003301134102,0.4860279581600327,5000.0
3.20486255613627,1.6994141755048986,1.699414175505467,0.3220457259401907,0.538410692229749,5000.0
0.0,0.538410692229749,0.538410692229749,0.538410692229749,0.538410692229749,5000.0
0.6994141755057419,1.6994141755048986,1000.0,0.538410692229749,0.538410692229749,5000.0
15.500781290559999,7.465391168849237,4.917959006116433,2.1383918114636344,0.3441446570128535,5000.0
7.518249451872591,3.511578235712477,2.201822942368813,0.5115221264893535,0.04740161875741675,5000.0
0.0,0.538410692229749,0.538410692229749,0.538410692229749,0.0,5000.0
0.6994141755057419,0.6994141755048986,1000.0,0.538410692229749,0.0,5000.0
0.6994141755057419,1.6994141755048986,1.6994141755056376,0.538410692229749,0.538410692229749,5000.0
0.707199793064802,1.6994141755048986,0.8505801677972067,0.538410692229749,0.538410692229749,5000.0
0.6994141755057419,1000.0000000000001,1000.0,0.538410692229749,0.538410692229749,5000.0
0.6994141755057419,1.6994141755048986,1000.0,0.538410692229749,0.0,5000.0
0.6994141755057419,1000.0000000000001,1000.0,0.538410692229749,0.538410692229749,5000.0
0.6994141755057419,1.6994141755048986,1000.0,0.538410692229749,0.538410692229749,5000.0
0.0,0.538410692229749,0.538410692229749,0.538410692229749,0.538410692229749,5000.0
0.6994141755057419,1000.0000000000001,1000.0,0.538410692229749,0.0,5000.0
16.3063360700985,8.436536625937151,5.524233691403647,2.741031932092767,0.5486437302193734,5000.0
161.261778063823,118.55423731837345,91.1770551105867,37.69699587759192,10.76120123060439,5000.0
8.66725777112916,4.913662525850668,3.0157834146022657,0.7467886168821565,0.5384106922293768,5000.0
2.87466298561693,1.7894307159795062,1.699414175505808,0.538410692229749,0.538410692229749,5000.0
63.1570420591384,47.238709519248914,38.90726512627118,13.939440591702521,3.410702211899289,5000.0
37.912668562108706,18.524149382996256,13.391109877242439,5.990363742397101,2.476622690820268,5000.0
17.5911112275626,8.04045924075399,5.4342949481870075,2.485564412681412,0.46892630753282427,5000.0
10.0769192405018,6.153764637465429,2.7766195892955006,0.7690580735306867,0.5384106922294905,5000.0
2.49654579593317,1.6994141755048986,1.6994141755013925,0.41666254465911834,0.538410692228922,5000.0
0.0,0.21854580689250724,0.32696685288859156,0.5384106922291494,0.5384106922296041,5000.0
0.0,0.538410692229749,0.23707856709137945,0.5384106922291494,0.5384106922297178,5000.0
847.277784021054,1000.0,1000.0,609.3101591747019,1428.5714285714287,5000.0
0.0,0.538410692229749,0.538410692229749,0.538410692229749,0.538410692229749,5000.0
0.6994141755057419,1.6994141755048986,1000.0,0.538410692229749,0.538410692229749,5000.0
2.84020253229516,1.6994141755048986,1.699414175505126,0.30327252526906123,0.538410692229749,5000.0
59.5857435281506,28.285610940542938,21.60924282556616,10.755150836593511,4.816550775053932,5000.0
9.61789199189021,4.21583831577027,2.8557173600591863,0.7220921616818146,0.5384106922297178,5000.0
20.2187779289283,9.179171050129298,6.410435651246751,2.9657023698423473,0.5138474574193216,5000.0
33.8808013631173,15.569181961713184,11.338327605085308,5.518292426607559,2.2951897533014884,5000.0
0.0,0.538410692229749,0.538410692229749,0.538410692229749,0.0,5000.0
0.6994141755057419,1.6994141755048986,1.6994141755053533,0.538410692228922,0.5384106922291494,5000.0
0.6994141755057419,1000.0000000000001,1000.0,0.538410692229749,0.538410692229749,5000.0
0.0,1.0,1.6994141755059218,0.510242484301273,0.538410692229749,5000.0
3.82747838654315,3.0771074154763483,2.6114889939689863,0.7645242676731527,0.008261046063736899,5000.0
0.0,1.0,1.6994141755027214,0.5513698707662797,0.0030042594509325227,5000.0
0.0,0.5366343356981815,0.6025127884310719,0.2828542558324898,0.002435313147947437,5000.0
0.6994141755057419,1000.0000000000001,1000.0,0.538410692229749,0.538410692229749,5000.0
0.0,0.538410692229749,0.13665460041590982,0.11711197502511636,0.538410692229749,5000.0
0.0,14.016184884892937,45.493918689685415,81.40597136185534,1000.0,5000.0
1000.0,1000.0,1000.0,1000.0,1428.571428571429,5000.0
168.582201788711,122.58913676310294,87.80246093303398,33.719466011152804,10.926641575960415,5000.0
698.886101390282,742.2193478917525,749.9347409571801,288.49306256666125,1000.0,5000.0
0.0,5.137170563419204,2.650229684292185,1.2427559879971426,0.49935391742948204,5000.0
0.0,1.0,1.6994141755059218,0.7344109414334109,0.27180890852056167,5000.0
13.3543720720339,11.077034167336933,9.016145985827249,2.1455920694352595,0.2809644765919177,5000.0
6.071143463773089,4.197621138233444,2.8382392951939512,0.6745179530433631,0.04796624355921608,5000.0
0.0,1.2379383428669826,1.699414175505467,1.2196354944591346,0.7361674555887058,5000.0
