0.0,0.0,0.0,0.0,0.0,0.0
0.0,0.002196088320488343,0.032864798458974304,0.02345428453664788,0.0040437219932430105,0.00385593646524954
0.0,0.0,0.0,3.410605131648481e-13,0.0,0.0
0.0,0.0026043966618090053,0.03244037463682618,0.02128285166083784,0.003700794348186091,0.004184748002330095
0.0,0.0,0.0,0.0,0.0,0.0
0.0,0.0,0.0,0.0,0.0,0.0
0.0,0.0,0.0,0.0,0.0,0.0
0.0,0.0,0.0,3.410605131648481e-13,0.0,0.0
0.0,0.0,0.0,0.0,0.0,0.0
0.0,0.0,0.0,0.0,0.0,0.0
0.0,0.0,0.0,0.0,0.0,0.0
0.0,0.0,0.0,0.0,0.0,0.0
0.0,0.0,0.0,0.0,0.0,0.0
0.0,0.0,0.0,0.0,0.0,0.0
0.0,0.0,0.0,0.0,0.0,0.0
0.0,0.0,0.0,0.0,0.0,0.0
0.0,0.0,0.0,0.0,0.0,0.0
0.0,0.0,0.0,0.0,0.0,0.0
0.0,0.0,0.0,0.0,0.0,0.0
0.0,0.0,0.0,0.0,0.0,0.0
0.0,0.0,0.0,0.0,0.0,0.0
0.0,0.0,0.0,0.0,0.0,0.0
0.0,0.0,0.0,0.0,0.0,0.0
0.0,0.0,0.0,0.0,0.0,0.0
0.0,0.0,0.0,0.0,0.0,0.0
0.0,0.0,0.0,0.0,0.0,0.0
0.0,0.0,0.0,0.0,0.0,0.0
0.0,0.0,0.0,0.0,0.0,0.0
0.0,0.0,0.0,0.0,0.0,0.0
0.0,0.0,0.0,0.0,0.0,0.0
0.0,0.0,0.0,0.0,0.0,0.0
0.0,0.0,0.0,0.0,0.0,0.0
0.0,0.0,0.0,0.0,0.0,0.0
0.0,0.0,0.0,0.0,0.0,0.0
0.0,0.0,0.0,0.0,0.0,0.0
0.0,0.0,0.0,0.0,0.0,0.0
0.0,0.0,0.0,0.0,0.0,0.0
0.0,0.0,0.0,0.0,0.0,0.0
0.0,0.0,0.0,0.0,0.0,0.0
0.0,0.0,0.0,0.0,0.0,0.0
0.0,0.0,0.0,0.0,0.0,0.0
0.0,0.0,0.0,0.0,0.0,0.0
0.0,0.0,0.0,0.0,0.0,0.0
0.0,0.0,0.0,0.0,0.0,0.0
0.0,0.0,0.0,0.0,0.0,0.0
0.0,0.0,0.0,0.0,0.0,0.0
0.0,0.0,0.0,0.0,0.0,0.0
0.0,0.0,0.0,0.0,0.0,0.0
0.0,0.0,0.0,0.0,0.0,0.0
0.0,0.022170020486555586,0.06896723977499562,0.03958907532563168,0.014873304169729947,0.019264562949060357
0.0,0.02513985747100378,0.10114024811282388,0.06884331157704326,0.03133319197142545,0.0391157842217041
0.0,0.4011046739597077,0.45314835173968504,0.29401198920894484,0.173428572296528,0.16036750225009178
0.0,0.09467564822443819,0.15867261928775533,0.11386475835919901,0.04127964182394182,0.05590582181438506
0.0,0.35284236403822433,0.39022301713816887,0.26365488272871923,0.1796577216562908,0.17027644294103766
0.0,0.07936659791539569,0.1263958594801146,0.0832972325251517,0.043674775523586506,0.0455517451643178
0.0,0.23485341261221038,0.2783530605709075,0.197569646064398,0.1398731670830305,0.13949632176919785
0.0,0.0,0.0,0.0,0.0,0.0
0.0,0.0,0.0,0.0,0.0,0.0
0.0,0.0,0.0,0.0,0.0,0.0
0.0,0.0,0.0,0.0,0.0,0.0
0.0,0.0,0.0,0.0,0.0,0.0
0.0,0.0,0.0,0.0,0.0,0.0
0.0,0.0,0.0,0.0,0.0,0.0
0.0,0.15966134496102313,0.2376156402446457,0.19931862187627303,0.12989830268378255,0.11646076629313838
0.0,0.40299856010460644,0.4488273058761365,0.5609481422118279,0.9125343225877957,1.2198991563919315
0.0,0.2958678970435358,0.37134441351332725,0.25547190395307373,0.1451370026370391,0.1255544339664828
0.0,0.39210421032476006,0.4484753124479539,0.31121455299781686,0.17220453692180546,0.154708990124426
0.0,1.2773561127232824,1.8778150077102964,1.6092399814489433,2.1712258417682544,1.9610745684118809
0.0,1.3288092482216598,1.8996472490536414,1.8658475489701374,1.5754305517856058,1.4286117060156474
0.0,1.0717287780253173,1.5958025610354478,1.4154888649821857,1.4206219455185671,1.8168763827852308
0.0,1.0682159518919434,1.6994141755051828,1.6446847832206353,1.4183709070128876,1.3130840533480121
0.0,0.4803578267683406,0.5314348250068974,1.1595047464962798,1.786684131175076,1.6524266762480027
0.0,0.4312199320829677,0.48207373939203535,0.5489566063432676,0.8490057552759306,1.171691466448258
0.0,0.38164658254117967,0.3940121634820457,0.5254145561019641,1.0706518017041766,1.4524484134281135
0.0,0.4935921119304112,0.4885958492187683,1.1158730888053117,1.7509752718132987,1.630654059239192
0.0,0.0,0.0,0.0,0.0,0.0
0.0,0.0,0.0,0.0,0.0,0.0
0.0,0.0,0.0,0.0,0.0,0.0
0.0,0.0,0.0,0.0,0.0,0.0
0.0,0.0,0.0,0.0,0.0,0.0
0.0,0.0,0.0,0.0,0.0,0.0
0.0,0.0,0.0,0.0,0.0,0.0
0.0,0.0,0.0,0.0,0.0,0.0
0.0,0.0,0.0,0.0,0.0,0.0
0.0,0.0,0.0,0.0,0.0,0.0
0.0,0.0,0.004192891572784499,1.1368683772161603e-13,0.0,0.0
0.0,0.003060404577809095,0.03481035202778163,0.018689172931583148,0.0041819201484765015,0.003739291478053131
0.0,0.0,0.0027983281697186195,0.0,0.0,0.0
0.0,1.0,0.699414175505467,0.0,1.7326984641614318,4.158512107551274
0.0,0.0,0.0,0.0,1.6840628660449712,3.7644659551396096
0.0,0.0,0.0,0.0,0.0,0.0
0.0,0.0,0.0,0.0,0.0,0.0
0.0,0.0,0.0,4.186996293242114,27.282096581294326,49.782292474647846
0.0,0.0,0.0,10.702078561057663,44.925989843445016,74.41339707107197
0.0,0.4356029674081583,0.4757741648879801,0.1422683321516075,0.06853337235152848,0.07450246414694066
0.0,0.05189103369411896,0.16005624047246195,0.1536202077372104,0.06075573989978711,0.07050721576593211
0.0,0.07254659095451643,0.12974366920238595,0.06195311298044792,0.028342805545605546,0.03374984894472404
0.0,0.03951020313343179,0.12625709895694612,0.11278764496297311,0.07048608463093603,0.06767188828700259
0.0,0.0,0.0,0.0,0.0,0.0
0.0,0.0,0.0,0.0,0.0,0.0
0.0,0.0,0.0,0.0,0.0,0.0
0.0,0.0,0.0,0.0,0.0,0.0
0.0,0.0,0.0,0.0,0.0,0.0
0.0,0.0,0.0,0.0,0.0,0.0
0.0,0.0,0.0,0.0,0.0,0.0
0.0,0.0,0.0,0.0,0.0,0.0
0.0,0.0,0.0,0.0,0.0,0.0
0.0,0.0,0.0,0.0,0.0,0.0
0.0,0.0,0.0,0.0,0.0,0.0
0.0,0.0,0.0,0.0,0.0,0.0
0.0,0.0,0.0,1.272638539344257,15.973446607144721,31.513230101814642
0.0,0.02169846421747934,0.09075019979558176,0.06093782712737068,0.023095780493414004,0.02860069506127346
0.0,0.0,0.0,0.0,0.0,0.0
0.0,0.0,0.0,0.0,0.0,0.0
0.0,0.0,0.0,0.0,0.0,0.0
0.0,0.0,0.0,0.0,0.0,0.0
0.0,0.0,0.0,0.0,0.0,0.0
0.0,0.0,0.0,0.0,0.0,0.0
0.0,0.0,0.0,0.0,0.0,0.0
0.0,0.0,0.0,0.0,0.0,0.0
0.0,0.0,0.0,0.0,0.0,0.0
0.0,0.0,0.0,0.0,0.0,0.0
0.0,0.0,0.0,0.0,0.0,0.0
0.0,0.0,0.0,0.0,1.307921498729694,3.106060312001354
0.0,0.0,0.0,0.0,0.8035596176931965,1.8513595177371103
0.0,0.0,0.0,20.151777737029192,68.43809241141055,105.2419770025977
0.0,0.0,0.0,0.0,0.0,0.0
0.0,0.0,0.0,0.0,0.0,0.0
0.0,0.0,0.0,0.0,0.0,0.0
0.0,0.0,0.0,0.0,0.0,0.0
0.0,1.0,0.699414175505467,0.0,0.006954357982294601,0.06110104616356704
0.0,0.0,0.0,0.0,0.0,0.0030737469816869865
0.0,0.0,0.0,0.0,0.0,0.0
0.0,0.0,0.0,0.0,0.0,0.0
0.0,0.0,0.0,0.0,0.0,0.0
0.0,0.0,0.0035442665545029747,0.0,0.0,-0.0
0.0,0.002891230092245678,0.021390139810625264,0.00904117746692934,0.0,0.0011364964721199966
0.0,0.0,0.011202256678230556,0.0031857870085916966,3.410605131648481e-13,-0.0
0.0,0.005474366374983219,0.04876796027771124,0.029235604478801566,0.006754828951372643,0.009409572945949074
0.0,0.13734782053688832,0.08428155978812032,0.0019563733425318475,0.0,0.0
0.0,0.002921539194176148,0.0025721985970334005,0.0,0.0,0.0
0.0,0.2687327278599696,0.17120790777619393,0.04534906168183603,0.007538424884869113,0.001959324154958586
0.0,0.21963797953048925,0.1380151984358659,0.044321911916782926,0.00632782076528738,0.0019257676996281003
0.0,0.14255646138826705,0.08705574881525852,0.017124948977018106,0.0,0.0
0.0,0.10181523157370975,0.05992823371782542,0.0018482010413679029,0.0,0.0
0.0,0.18002528312536015,0.10182391524309804,0.022941320721075912,0.0,0.0
0.0,0.4182888464338248,0.2842803706499793,0.0839011824548403,0.017667370676811824,0.005712031184190886
0.0,0.3128640437780632,0.20888098485429282,0.06890100081663972,0.008011173986231834,0.0020879572345970376
0.0,0.2705443539935004,0.17144770283792427,0.05178132141174706,0.0063457200096385365,0.0027617495563989083
0.0,0.18478633956056,0.1152678285699643,0.02382501716313634,0.0,0.0
0.0,0.15064982433432306,0.09298192962389086,0.01737663619586266,0.0,0.0
0.0,0.27211328110024624,0.17178859327565502,0.04465159083723133,0.006319767525332815,0.002745770292302298
0.0,0.19020548795833747,0.11823457060187939,0.024478266789128268,0.0,0.0
0.0,0.15475979677830765,0.09506660510193485,0.022077036412924092,0.0,0.0
0.0,0.13293851345588337,0.08161355185669258,0.001962554617143897,0.0,0.0
0.0,0.15810528605743457,0.09784743012246401,0.022559015240034258,0.0,0.0
0.0,0.13512231017284648,0.08304551742470238,0.0020537284143183343,0.0,0.0
0.0,0.0,0.0,0.0,0.0,0.0
0.0,0.0,0.0,0.0,0.0,0.0
0.0,0.0,0.0,0.0,0.0,0.0
0.0,0.0,0.0,0.0,0.0,0.0
0.0,0.0,0.0,0.0,0.0,0.0
0.0,0.0,0.0,0.0,0.0,0.0
0.0,0.0,0.0,0.0,0.0,0.0
0.0,0.0,0.0,0.0,0.0,0.0
0.0,0.0,0.0,0.0,0.0,0.0
0.0,0.0,0.0,0.0,0.0,0.0071104632332428435
0.0,0.0,0.0,0.0,0.004868050587606199,0.06607837042687113
0.0,0.0,0.0,0.0,0.0,0.0
0.0,0.0,0.0,0.0,0.0,0.0
0.0,0.0,0.0,0.0,0.0,0.0
0.0,0.0,0.0,0.0,0.0,0.0
0.0,0.0,0.0,0.0,0.0,0.0
0.0,0.0037072107816129574,0.03833359063629163,0.030968725035544934,0.005574694197283228,0.008275267777739435
0.0,0.012675911558289954,0.06049651328894193,0.03631582608838815,0.01098872712850365,0.018350729381339862
0.0,0.0,0.0,0.0,0.0,0.0
0.0,0.0,0.0,0.0,0.0,0.0
0.0,0.0,0.0,0.0,0.0,0.0
0.0,0.0,0.0,0.0,0.0,0.0
0.0,0.012791208239832486,0.04558717438447683,0.03134709514540625,0.008321138180453382,0.006948720214458136
0.0,0.03595512015908753,0.051034626608344416,0.026513695445890773,0.00543974644490563,0.003968649110428834
0.0,0.01108438124811073,0.07723433138663054,0.04815818618520353,0.018410251593633596,0.019473610510210966
0.0,0.024908491638598207,0.061853090281743475,0.02996333671766546,0.008709618025866415,0.009393615899431992
0.0,0.009013038661578321,0.059556478717716944,0.04724532533206418,0.014665663924028287,0.010728103324423185
0.0,0.0,0.0,0.0,0.0,0.0
0.0,0.0,0.0,0.0,0.0,0.0
0.0,0.0,0.0,0.0,0.0,0.0
0.0,0.0,0.0,0.0,0.0,0.0
0.0,0.0,0.0,0.0,0.0,0.0
0.0,0.0,0.0,0.0,0.0,0.0
0.0,0.0,0.0,0.0,0.0,0.0
0.0,0.0,0.0,0.0,0.0,0.0
0.0,0.0,0.0,0.0,0.0,0.0
0.0,0.0,0.0,0.0,0.0,0.0
0.0,0.0,0.0,0.0,0.0,0.0
0.0,0.0,0.0,0.0,0.0,0.0
0.0,0.0,0.0,0.0,0.0,0.0
0.0,0.0,0.0,0.0,0.0,0.0
0.0,0.0,0.0,0.0,0.0,0.0
0.0,0.00242631825767603,0.03860536194438393,0.030959976050630937,0.007149586207375148,0.008168937626243506
0.0,0.0,0.0,0.0,0.0,0.0
0.0,0.0,0.0,0.0,0.0,0.0
0.0,0.0,0.0,0.0,0.0,0.0
0.0,0.0,0.0,0.0,0.0,0.0
0.0,0.0,0.0,0.0,0.0,0.0
0.0,0.0,0.0,0.0,0.0,0.0
0.0,0.0,0.0,0.0,0.0,0.0
0.0,0.0,0.0,0.0,0.0,0.0
0.0,0.03165404764149571,0.030744702498642983,0.008926804727249379,0.0,0.0
0.0,0.061960704008015455,0.049944612966254284,0.004955406385681142,0.0006983633031891665,-0.0
0.0,0.018849118944672227,0.024258347424519877,0.005027999819214689,0.0,0.0
0.0,0.0,0.0,0.0,0.0,0.0
0.0,0.0,0.0,0.0,0.0,0.0
0.0,0.0,0.0,0.0,0.0,0.0
0.0,0.0,0.0,0.0,0.0,0.0
0.0,0.0,0.0,0.0,0.0,0.0
0.0,0.0,0.0,0.0,0.0,0.0
0.0,0.0,0.0,0.0,0.0,0.0
0.0,0.0,0.0,0.0,0.0,0.0
0.0,0.0,0.0,0.0,0.0,0.0
0.0,0.0,0.0,0.0,0.0,0.0
0.0,0.0,0.0,0.0,0.0,0.0
0.0,0.03110046411438816,0.04913076353518587,0.021491664797087546,0.004417614650527338,0.00261643902113393
0.0,0.0009730712818054599,0.0006887818289599998,0.0,0.0,0.0
0.0,0.0,0.0,0.0,0.0,0.0
0.0,0.0,0.0,0.0,0.0,0.0
0.0,0.0010112309391843155,0.0007148575949883184,0.0,0.0,0.0
0.0,0.0031546071650154772,0.0027158066854747944,0.0,0.0,0.0
0.0,0.09046021437370655,0.0517857219843219,0.0017724804299278918,0.0,0.0
0.0,0.03308771141564648,0.01978537663768475,0.0,0.0,0.0
0.0,0.006488021300356195,0.005732186639690406,0.0,0.0,0.0
0.0,0.22579177221450664,0.1413948624831213,0.052506871248068666,0.006505150661209337,0.001983559372520427
0.0,0.18426992324748426,0.11494246992990323,0.024217123887048338,0.0,0.0
0.0,0.09007479183310352,0.05200279209538004,0.0019826437584394285,0.0,0.0
0.0,0.19123120934182225,0.12446793502472192,0.025359305812752593,0.005329227873934564,-0.0
0.0,0.04563601456811739,0.028853735148053644,0.001588587516414497,0.0,0.0
0.0,0.4153118245976657,0.28173289480944586,0.08403118935194898,0.021332831502269473,0.005769041861904371
0.0,0.0,0.0,0.0,0.0,0.0
0.0,0.0,0.0,0.0,0.0,0.0
0.0,0.0,0.0,0.0,0.0,0.0
0.0,0.0,0.0,0.0,0.0,0.0
0.0,0.0,0.0,0.0,0.0,0.0
0.0,0.0007466573106285068,0.004459222200331863,0.0,0.0,-0.0
0.0,0.002032637785305269,0.011336494681347575,0.005096076381309914,2.2737367544323206e-13,0.0009080470893383374
0.0,0.0018984429862030083,0.011022089106793266,0.004851934062995964,0.0,0.000611115168013987
0.0,0.0,0.0,0.0,0.0,0.0
0.0,0.0,0.0,0.0,0.0,0.0
0.0,0.0,0.0,0.0,0.0,0.0
0.0,0.0,0.0,0.0,0.0,0.0
0.0,0.0,0.0,0.0,0.0,0.0
0.0,0.0,0.0,0.0,0.0,0.0
0.0,0.0,0.0,0.0,0.0,0.0
0.0,0.0,0.0,0.0,0.0,0.0
0.0,0.0,0.0,0.0,0.0,0.0
0.0,0.0,0.0,0.0,0.0,0.0
0.0,0.0015581860361635336,0.0,0.0,0.0,0.0
0.0,0.00376481369130488,0.012415255247596006,0.002501268531242701,0.0,0.0
0.0,0.0014284431981650414,0.0,0.0,0.0,0.0
0.0,0.0,0.0,0.0,0.0,0.0
0.0,0.0,0.0,0.0,0.0,0.0
0.0,0.0,0.0,0.0,0.0,0.0
0.0,0.0,0.0,0.0,0.0,0.0
0.0,0.0,0.0,0.0,0.0,0.0
0.0,0.0,0.0,0.0,0.0,0.0
0.0,0.0,0.0,0.0,0.0,0.0
0.0,0.010007188615418272,0.00554079186133445,0.0,0.0,0.0
0.0,0.034219893077533925,0.018763647956488647,1.1368683772161603e-13,0.0,0.0
0.0,0.0,0.0,0.0,0.0,0.0
0.0,0.0,0.0,0.0,0.0,0.0
0.0,0.0,0.0,0.0,0.0,0.0
0.0,0.0,0.0,0.0,0.0,0.0
0.0,0.0,0.0,0.0,0.0,0.0
0.0,0.0,0.0,0.0,0.0,0.0
0.0,0.0,0.0,0.0,0.0,0.0
0.0,0.0,0.0,0.0,0.0,0.0
0.0,0.0,0.0,0.0,0.0,0.0
0.0,0.0,0.0,0.0,0.0,0.0
0.0,0.0,0.0,0.0,0.0,0.0
0.0,0.0,0.0,0.0,0.0,0.0
0.0,0.0,0.0,0.0,0.0,0.0
0.0,0.0,0.0,0.0,0.0,0.0
0.0,0.0,0.0,0.0,0.0,0.0
0.0,0.0,0.0,0.0,0.0,0.0
0.0,0.0,0.0,0.0,0.0,0.0
0.0,0.0,0.0,0.0,0.0,0.0
0.0,0.0,0.0,0.0,0.0,0.0
0.0,0.0,0.0,0.0,0.0,0.0
0.0,0.0,0.0,0.0,0.0,0.0
0.0,0.0,0.0,0.0,0.0,0.0
0.0,0.0,0.0,0.0,0.0,0.0
0.0,0.0,0.0,0.0,0.0,0.0
0.0,0.0,0.0,0.0,0.0,0.0
0.0,0.0,0.0,0.0,0.0,0.0
0.0,0.0,0.0,0.0,0.0,0.0
0.0,0.0009621685221645748,0.0006703379935288057,0.0,0.0,0.0
0.0,0.0,0.0,0.0,0.0,0.0
0.0,0.0,0.0,0.0,0.0,0.0
0.0,0.0,0.0,0.0,0.0,0.0
0.0,0.0,0.0,0.0,0.0,0.0
0.0,0.0,0.0,0.0,0.0,0.0
0.0,0.0,0.0,0.0,0.0,0.0
0.0,0.0,0.0,0.0,0.0,0.0
0.0,0.0,0.0,0.0,0.0,0.0
0.0,0.0018367515403951984,0.0,0.0,0.0,0.0
0.0,0.00528911032142787,0.0007110416296329128,0.0,0.0,0.0
0.0,0.003621714974542556,0.0007084976521987703,0.0,0.0,0.0
0.0,0.0,0.0,0.0,0.0,0.0
0.0,0.0,0.0,0.0,0.0,0.0
0.0,0.005006274568586377,0.0024632059307948566,0.0,0.0,0.0
0.0,0.015009919788099069,0.007172289452614141,0.0,0.0,0.0
0.0,0.0,0.0,0.0,0.0,0.0
0.0,0.0012427328647390823,0.0,0.0,0.0,0.0
0.0,0.0,0.0,0.0,0.0,0.0
0.0,0.0,0.0,0.0,0.0,0.0
0.0,0.0,0.0,0.0,0.0,0.0
0.0,0.0,0.0,0.0,0.0,0.0
0.0,0.0,0.0,0.0,0.0,0.0
0.0,0.0,0.0,0.0,0.0,0.0
0.0,0.0035455773722787853,0.0015263863244022817,0.0,0.0,0.0
0.0,0.0,0.0,0.0,0.0,0.0
0.0,0.0,0.0,0.0,0.0,0.0
0.0,0.0,0.0,0.0,0.0,0.0
0.0,0.0,0.0,0.0,0.0,0.0
0.0,0.0,0.0,0.0,0.0,0.0
0.0,0.0,0.0,0.0,0.0,0.0
0.0,0.00443978535986389,0.0016847489050688862,0.0,0.0,0.0
0.0,0.0085516702320092,0.004556263177550119,0.0,0.0,0.0
0.0,0.0,0.0,0.0,0.0,0.0
0.0,0.0,0.0,0.0,0.0,0.0
0.0,0.0,0.0,0.0,0.0,0.0
0.0,0.0,0.0,0.0,0.0,0.0
0.0,0.0,0.0,0.0,0.0,0.0
0.0,0.0,0.0,0.0,0.0,0.0
0.0,0.0,0.0,0.0,0.0,0.0
0.0,0.0,0.0,0.0,0.0,0.0
0.0,0.0,0.0,0.0,0.0,0.0
0.0,0.0,0.0,0.0,0.0,0.0
0.0,0.01648978767752851,0.00921383116093177,0.0,0.0,0.0
0.0,0.02090840351229417,0.01160035435009546,0.0,0.0,0.0
0.0,0.1099593602521054,0.06325653743178627,0.003958163772111377,0.0,0.0
0.0,0.001266537222363695,0.0008961159711979623,0.0,0.0,0.0
0.0,0.0072968810236488935,0.0046388895408533415,0.0,0.0,0.0
0.0,0.0,0.0,0.0,0.0,0.0
0.0,0.0,0.0,0.0,0.0,0.0
0.0,0.0,0.0,0.0,0.0,0.0
0.0,0.0,0.0,0.0,0.0,0.0
0.0,0.06196108634412667,0.03770092952483173,0.0018142040315698993,0.0,0.0
0.0,0.0,0.0,0.0,0.0,0.0
0.0,0.0,0.0,0.0,0.0,0.0
0.0,0.0,0.0,0.0,0.0,0.0
0.0,0.0,0.0,0.0,0.0,0.0
0.0,0.0,0.0,0.0,0.0,0.0
0.0,0.0,0.0,0.0,0.0,0.0
0.0,0.0,0.0,0.0,0.0,0.0
0.0,0.0,0.0,0.0,0.0,0.0
0.0,0.1476366629694894,0.08712881107191955,0.004201267526234733,0.0,0.0
0.0,0.17546362080975086,0.10652899110038488,0.01823585310635395,0.0,0.0
0.0,0.21959663927646034,0.13411875600365086,0.027948841259780796,0.0007846841464413068,-0.0
0.0,0.25646288281132,0.15925476877856426,0.028647594746589768,0.006208232349744631,0.002668537179621955
0.0,0.17363010198187112,0.10672251004915213,0.02400218285385465,0.0,0.0
0.0,0.0,0.0,0.0,0.0,0.0
0.0,0.0,0.0,0.0,0.0,0.0
0.0,0.0020548975853671436,0.0,0.0,0.0,0.0
0.0,0.0,0.0,0.0,0.0,0.0
0.0,0.0020313657969381893,0.0,0.0,0.0,0.0
0.0,0.0,0.0,0.0,0.0,0.0
0.0,0.0,0.0,0.0,0.0,0.0
0.0,0.0,0.0,0.0,0.0,0.0
0.0,0.0,0.0,0.0,0.0,0.0
0.0,0.0,0.0,0.0,0.0,0.0
0.0,0.0,0.0,0.0,0.0,0.0
0.0,0.0,0.0,0.0,0.0,0.0
0.0,0.0,0.0,0.0,0.0,0.0
0.0,0.0,0.0,0.0,0.0,0.0
0.0,0.0,0.0,0.0,0.0,0.0
0.0,0.0,0.0,0.0,0.0,0.0
0.0,0.0,0.0,0.0,0.0,0.0
0.0,0.0,0.0,0.0,0.0,0.0
0.0,0.0,0.0,0.0,0.0,0.0
0.0,0.0,0.0,0.0,0.0,0.0
0.0,0.0,0.0,0.0,0.0,0.0
0.0,0.0,0.0,0.0,0.0,0.0
0.0,0.0,0.0,0.0,0.0,0.0
0.0,0.0,0.0,0.0,0.0,0.0
0.0,0.0028994980184506858,0.0,0.0,0.0,0.0
0.0,0.0,0.0,0.0,0.0,0.0
0.0,0.000770825093241001,0.0,0.0,0.0,0.0
0.0,0.01616261403523822,0.009019580330158046,0.0,0.0,0.0
0.0,0.016966238260465616,0.00909905921937282,0.0,0.0,0.0
0.0,0.0,0.0,0.0,0.0,0.0
0.0,0.0,0.0,0.0,0.0,0.0
0.0,0.0,0.0,0.0,0.0,0.0
0.0,0.009831381624280766,0.004146682847032984,0.0,0.0,0.0
0.0,0.022561806990779587,0.013410575845140155,0.0,0.0,0.0
0.0,0.053711354178631154,0.032696285337679355,0.0,0.0,0.0
0.0,0.05512990649094718,0.03107177417804686,0.0,0.0,-0.0
0.0,0.08201281543551886,0.04769286610929229,0.0015870421982730476,0.0,0.0
0.0,0.002351361786168127,0.0016574011502098096,0.0,0.0,0.0
0.0,0.0019569544620026136,0.0,0.0,0.0,0.0
0.0,0.002486101721842715,0.0,0.0,0.0,0.0
0.0,0.0,0.0,0.0,0.0,0.0
0.0,0.0,0.0,0.0,0.0,0.0
0.0,0.0,0.0,0.0,0.0,0.0
0.0,0.0,0.0,0.0,0.0,0.0
0.0,0.0,0.0,0.0,0.0,0.0
0.0,0.0010627464771459927,0.0,0.0,0.0,0.0
0.0,0.0,0.0,0.0,0.0,0.0
0.0,0.0020453576726140454,0.0,0.0,0.0,0.0
0.0,0.012916408269120438,0.0,0.0,0.0,3.410605131648481e-13
0.0,0.0,0.0,0.0,0.0,0.0
0.0,0.0,0.0,0.0,0.0,0.0
0.0,0.0,0.0,0.0,0.0,0.0
0.0,0.010710144037147984,0.0,0.0,0.0,0.0
0.0,0.0,0.0,0.0,0.0,0.0
0.0,0.0,0.0,0.0,0.0,0.0
0.0,0.0,0.0,0.0,0.0,0.0
0.0,0.0,0.0,0.0,0.0,0.0
0.0,0.0,0.0,0.0,0.0,0.0
0.0,0.0036105396484344965,0.0,0.0,0.0,0.0
0.0,0.004588062888615241,0.0,0.0,0.0,0.0
0.0,0.07385308813900338,0.04192592550016712,0.0,1.1368683772161603e-13,-0.0
0.0,0.054562592697948276,0.03011930013348389,0.00248641762113185,0.0013131336378202894,-0.0
0.0,0.027974209346211865,0.016735463198516324,4.547473508864641e-13,0.0,0.0
0.0,0.0,0.0,0.0,0.0,0.0
0.0,0.0,0.0,0.0,0.0,0.0
0.0,0.0,0.0,0.0,0.0,0.0
0.0,0.0,0.0,0.0,0.0,0.0
0.0,0.0,0.0,0.0,0.0,0.0
0.0,0.004922595891912351,0.0,0.0,0.0,0.0
0.0,0.0,0.0,0.0,0.0,0.0
0.0,0.0,0.0,0.0,0.0,0.0
0.0,0.000854140346746135,0.0,0.0,0.0,0.0
0.0,0.002235519967143773,0.0,0.0,0.0,0.0
0.0,0.010080509677209193,0.003786074078200895,0.0,0.0,0.0
0.0,0.0,0.0,0.0,0.0,0.0
0.0,0.0,0.0,0.0,0.0,0.0
0.6994141755057419,0.6994141755048986,1.6994141755058365,0.0,0.0,0.0
0.0,0.029018693702710152,0.014744437608564044,0.0,0.0,0.0
0.0,0.015068158698340994,0.005796724634837625,0.0,0.0,0.0
0.0,0.02368833460877795,0.012987821347516177,0.0,0.0,0.0
0.0,0.04221083376705792,0.024971994835526156,0.0,0.0,0.0
0.0,0.08930354409676511,0.05346258661130189,0.0008923000056158043,0.0,0.0
0.0,0.042887639727268834,0.018767919273729547,0.0,0.0,0.0
0.0,0.060356317598234455,0.03329792696561721,0.0,0.0,0.0
0.0,0.03790462437882525,0.021244013599999494,0.0,0.0,0.0
0.0,0.0,0.0,0.0,0.0,0.0
0.0,0.0,0.0,0.0,0.0,0.0
0.0,0.00812291921920405,0.0,0.0,0.0,0.0
0.0,0.0,0.0,0.0,0.0,0.0
0.0,0.0,0.0,0.0,0.0,0.0
0.0,0.0,0.0,0.0,0.0,0.0
0.0,0.0,0.0,0.0,0.0,0.0
0.0,0.03469848625081795,0.020748678098405537,0.0,0.0,0.0
0.0,0.03558833313763898,0.0,0.0,0.2070456598823659,0.5110044715532631
0.6994141755057419,1.6994141755048986,0.699414175505467,0.0,0.0076711926491551145,0.011642404952295933
0.0,0.022325943964460748,0.0,0.0,0.0,0.0
0.0,0.0035125965241604717,0.0,0.0,0.0,0.0
0.0,0.0011715015025401954,0.0,0.0,0.0,2.2737367544323206e-13
0.0,0.0,0.0,0.0,0.0,0.0
0.0,0.0,0.0,0.0,0.0,0.0
0.0,0.0,0.0,0.0,0.0,0.0
0.0,0.0,0.0,0.0,0.0,0.0
0.6994141755057419,1.6994141755048986,0.6994141755056944,0.0,0.3374634824929572,0.7963735617893158
0.0,0.05391703546865756,0.02705728728955053,0.0,0.0,-0.0
0.0,0.0,0.0,0.0,0.0,0.0
0.0,0.0,0.0,0.0,0.0,0.0
0.0,0.0,0.0,0.0,0.0,0.0
0.0,0.0,0.0,0.0,0.0,0.0
0.0,0.009261985012017249,0.0,0.0,0.0,0.0
0.0,0.009816572043746419,0.0,0.0,0.0,0.0
0.0,0.010494087686311104,0.0020771573897813925,0.0,0.0,0.0
0.0,0.02094592718185595,0.010273215955574773,0.0,0.0,0.0
0.0,0.04675621135356778,0.026417295309502403,0.0,0.0,0.0
0.0,0.006651228402915876,0.0,0.0,0.0,0.0
0.0,0.0007123136174413958,0.0,0.0,0.0,0.0
0.0,0.0020746134086948587,0.0,0.0,0.0,0.0
0.0,0.003991500234405976,0.0,0.0,0.0,0.0
0.0,0.006305883497589093,0.0,0.0,0.0,0.0
0.0,0.012505555951975111,0.0,0.0,0.0,0.0
0.0,0.0,0.0,0.0,0.0,0.0
0.0,0.02299882593433722,0.0,0.0,0.0,0.0
0.0,0.0,0.0,0.0,0.0,0.0
0.0,0.0,0.0,0.0,0.0,0.0
0.0,0.06963272967368539,0.02387704888607237,54.46520079981201,134.42426742272013,190.34095986592422
0.0,0.0,0.0,0.0,0.0,0.0
0.0,0.0010951821868729894,0.0,0.0,0.0,0.0
0.0,0.00296373344190215,0.0,0.0,0.3375360708955277,0.796373561786701
0.0,0.0029020419951848453,0.0,0.0,0.0,0.0
0.0,0.0195224810822765,0.0,0.0,0.0,0.0
0.0,0.020168651291896822,0.0,0.0,0.0,0.0
0.0,0.014620782140809752,0.0008038967968841625,0.0,0.0,0.0
0.0,0.03490388435056957,0.013347339840628759,0.0,0.0,-0.0
0.0,0.047285346005992324,0.01797038241963089,2.2737367544323206e-13,0.0007595770521897814,-0.0
0.0,0.06082035079725756,0.03117582762251673,0.0038823033918197808,0.0016323666283445458,-0.0
0.0,0.02338005907859042,0.008217773228607624,0.0,0.0,0.0
0.0,0.020729961690449272,0.000983883184376735,88.69638793392414,209.26788117603002,288.04773149628653
0.0,0.0,0.0,0.0,0.0,0.0
0.0,0.0,0.0,0.0,0.0,0.0
0.0,0.012972557476132351,0.003095384266563192,0.0,0.0,0.0
0.0,0.040796853892061336,0.0046827351872595286,0.0,0.0,0.0
0.0,0.0,0.0,0.0,0.0,0.0
0.0,0.0,0.0,0.0,0.0,0.0
0.0,0.0,0.0,0.0,0.0,0.0
0.0,0.0,0.0,0.0,0.0,0.0
0.0,0.0,0.0,0.0,0.0,0.0
0.0,0.0,0.0,0.0,0.0,0.0
0.0,0.0,0.0,0.0,0.0,0.0
0.0,0.0,0.0,0.0,0.0,0.0
0.0,0.0,0.0,0.0,0.0,0.0
0.0,0.0,0.0,0.0,0.0,0.0
0.0,0.0,0.0,0.0,0.0,0.0
0.0,0.0,0.0,0.0,0.0,0.0
0.0,0.0,0.0,0.0,0.0,0.0
0.0,0.0,0.0,0.0,0.0,0.0
0.0,0.0,0.0,0.0,0.0,0.0
0.0,0.0,0.0,0.0,0.0,0.0
0.0,0.0,0.0,0.0,0.0,0.0
0.0,0.0,0.0,0.0,0.0,0.0
0.0,0.009331944384030066,0.0,0.0,0.0,0.0
0.0,0.151165850686084,0.0981763878890423,0.007527092837678239,0.0,0.0
0.0,0.09771108315726451,0.03918106879349299,0.0015957097024920327,0.0,0.0
0.0,0.0,0.0,0.0,0.0,0.0
0.0,0.0,0.0,0.0,0.0,0.0
0.0,1.0,0.699414175505467,5.001102902480809,16.25823303951114,22.24255432946138
0.0,0.0,0.0,0.0,0.0,0.0
0.0,0.0,0.0,0.0,0.0,0.0
0.6994141755057419,1.6994141755048986,0.699414175505968,0.0,0.0,0.0
0.0,0.0,0.0,0.0,0.0,0.0
0.0,0.046050439396822185,0.0,0.0,0.0,0.0
0.0,0.005846059616487764,0.0,0.0,0.1974085338691271,0.5122587907529107
0.0,0.0042044674655699055,0.0008560483299639815,51.91889178726683,134.72522288197723,191.4953546618371
0.0,1.0,0.6994141755060745,152.01623156644246,297.1346939471906,401.1359056744658
0.0,0.007944204817249556,0.0,0.0,0.1974085338691271,0.5129823516780294
0.0,0.021782441395771457,0.005414855484948243,0.0,0.0,0.0
0.0,0.0394512102338922,0.012073170685124894,3.410605131648481e-13,0.0,-0.0
0.0,0.007589955993353215,0.0,0.0,0.0,0.0
0.0,0.01678834157792153,0.0,0.0,0.0,0.0
0.0,0.013902562858675083,0.0016395933096487417,0.0,0.0,0.0
0.0,0.018951903335619136,0.0007829089849283209,0.0,0.0,0.0
0.0,0.0,0.0,0.0,0.0,0.0
0.0,0.0013305000775289955,0.0,0.0,0.0,0.0
0.0,0.003331338149109797,0.0,0.0,0.0,0.0
0.6994141755057419,1.6994141755048986,0.699414175505467,0.0,0.0,0.0
0.6994141755057419,1.6994141755048986,0.699414175505467,0.0,0.0,0.0
0.0,0.05400899808955728,0.026820758072135298,0.0019391466262018548,0.0,0.0
0.0,0.05572954581111844,0.008447710179218807,0.0,0.0,0.0
0.0,0.06138337954325834,0.019136614255934877,0.0009164677883988541,0.0,-0.0
0.6994141755057419,1.6994141755048986,0.6994141755056944,0.0,0.0,0.0
0.0,0.0,0.0,0.0,0.0,0.0
0.0,0.0,0.0,0.0,0.0,0.0
0.0,0.022582885660085594,0.0,0.0,0.0,0.0
0.0,0.024938245119301428,0.006370118925862518,0.0,0.0,0.0
0.0,0.014790683476348931,0.0009807032129819611,0.0,0.0,0.0
0.0,0.01748284734912886,0.0032804586081282413,0.0,0.0,0.0
0.0,0.021057771326013608,0.0,0.0,0.0,0.0
0.0,0.0,0.0,0.0,0.0,0.0
0.0,0.0011492417024783208,0.0,0.0,0.0,0.0
0.0,0.0,0.0,7.062175729313406,26.38935881519542,27.938862550303433
0.0,0.00252362538685702,0.0,6.53353990829979,23.191822261914844,24.77917919308998
0.0,0.0030489566779579036,0.0,0.0,0.0,0.0
0.0,0.006329415286927542,0.0,0.0,0.0,0.0
0.0,0.013119926446961472,0.0,0.0,0.0,0.0
0.0,0.022685916737827938,0.0,0.0,0.0,0.0
0.0,0.04663682614409481,0.0,0.0,0.0,0.0
0.0,0.0,0.0,0.0,0.0,0.0
0.0,0.0,0.0,0.0,0.6274842198981452,1.266580660025107
0.0,0.0,0.0,0.0,0.0,0.0
0.0,0.0,0.0,0.0,0.0,0.0
0.0,0.0,0.0,0.0,0.0,0.0
0.0,0.0,0.0,0.0,0.0,0.0
0.0,0.0,0.0,0.0,0.0,0.0
0.0,0.018711860911025724,0.03667867086233286,0.04705086617583944,0.020195615124614888,0.015311539184131352
0.6994141755057419,1.6994141755048986,0.6994141755056944,0.009713431176079868,0.004581878911323535,0.004691189512821881
0.6994141755057419,1.6994141755048986,0.6994141755058557,0.0027263835231404743,0.0,0.0
0.0,0.029374487094173674,0.0,0.0,0.0,0.0
0.0,0.04600989137088618,0.014373289506040896,4.547473508864641e-13,0.0,-0.0
0.0,0.07563607202519051,0.024658295075594767,0.0012204730651766422,0.0,-0.0
0.0,0.03901635417332727,0.02643481326763504,0.0031456278159453805,0.0,0.0
0.0,0.005614285120827844,0.0012592687172375226,0.0,0.0,0.0
0.0,0.0,0.0,0.0,0.0,0.0
0.0,0.0,0.0,0.0,0.0,0.0
0.0,0.0,0.0,0.0,0.0,0.0
0.0,0.0,0.0,0.0,0.0,0.0
0.0,0.02591560239852697,0.017340233762838296,0.0026590921752645885,0.0,0.0
0.0,0.0,0.0,0.0,0.0,0.0
0.0,0.0,0.0,0.0,0.0,0.0
0.0,0.0,0.0,0.0,0.0,0.0
0.0,0.012585691232743557,0.0,0.0,0.0,0.0
0.0,0.011187775758116913,0.0,0.0,0.0,0.0
0.0,0.010435667066303722,0.0013082402782397444,0.0,0.0,0.0
0.0,0.0024918256713135634,0.0,0.0,0.0,0.0
0.0,0.00242759024604311,0.0,0.0,0.0,0.0
0.0,0.004113611140383,0.0,0.0,0.0,0.0
0.0,0.00806059177739371,0.0,0.0,0.0,0.0
0.0,0.014084729796195461,0.003313530311816235,0.0,0.0,0.0
0.0,0.026963886970406747,0.008068859705227572,0.0,0.0,0.0
0.0,0.051571399584645405,0.01744650482735075,0.0,0.0,0.0
0.0,0.0,0.0,0.0,0.0,0.0
0.0,0.0008903920224838657,0.0,0.0,0.0,0.0
0.0,0.0,0.0,0.0,0.0,0.0
0.0,0.0,0.0,0.0,0.0,0.0
0.0,0.0,0.0,0.0,0.0,0.0
0.0,0.0,0.0,0.0,0.0,0.0
0.0,0.0,0.0,0.0,0.0,0.0
0.0,0.0,0.0,0.0,0.0,0.0
0.0,0.0,0.0,0.0,0.0,0.0
0.0,0.0,0.0,0.0,0.0,0.0
0.833573814154598,1.6994141755048986,0.6994141755059218,0.32457431174793694,0.11887449851499475,0.0866261042810144
2.1764256315839,2.2783546253740496,2.515986085301471,1.8124325851636627,1.3124166430171447,0.9624318075158069
0.0,23.322183700916867,43.243492129327024,73.14665077731343,56.35442283930276,41.76976859924369
245.06197712352497,260.91856201392784,276.9593927390374,354.95822008951427,287.81297685903195,208.3172306774369
47.1310921363687,33.37188398305807,31.033777416411677,17.84402419054834,10.505996931156282,9.804078205605016
1000.0,1000.0,1000.0,1000.0,1000.0,1000.0
61.673898723063395,47.47912925452965,45.38874697043301,23.6497300376233,12.069057328386968,10.852954377894305
0.0,1.0,0.6994141755054812,0.16581275453856062,0.0995595375835974,0.07280861962574188
0.0,0.4263213495414675,0.560460400377472,0.33111625818552753,0.06221880149344031,0.03750259871001418
0.0,2.9905677076430948,3.7060087381514677,2.383024758873129,1.4774569511967133,1.0510394079732133
0.0,13.493513449710917,19.326658073788035,12.020902994701032,7.1684311800518055,6.573435088646742
47.6935264137897,32.97702247038069,31.079110174338286,17.46993595166481,9.908053849618712,9.180177205168786
96.436780451231,96.58556956267876,92.47967456969172,33.535699623884284,8.027259900619336,3.4907794996330987
17.0405855929445,14.216075549516063,12.876647886298544,5.007077142741537,0.7433185314217212,0.18390621588083406
27.1715215361316,26.997013877791687,26.300454767708203,9.328928058388836,2.3344254786156546,1.3752709736680053
21.951602434242602,19.77119339316323,17.99294177471313,6.799485665224429,2.038084163645405,1.288842345102338
0.0,0.0006391742736013839,0.0,0.0,0.0,0.0005849083701344012
0.0,14.054382978837566,14.422538615174508,7.862931339390389,3.955818894523429,3.4130271695263024
0.0,1.0,1.6994141755056944,2.8825933805253015,3.092916084572182,3.0990120585183147
0.6994141755057419,0.6994141755048986,0.6994141755055097,0.050629186939767236,0.02022054809012208,0.017077617268388245
0.0,0.14000260386001173,0.11368578835594602,0.022034996170257143,0.0,-0.0
0.0,0.12389297771460406,0.0996459044190446,0.01644782948172963,0.0,-0.0
0.6994141755057419,1.6994141755048986,0.6994141755059502,0.01620007291825162,0.002809332478265723,0.0013736271641983655
0.6994141755057419,1.6994141755048986,0.6994141755052681,0.006924761727632272,0.0,0.0
0.6994141755057419,0.6994141755048986,1.6994141755054812,0.015189649641801823,0.002499178612780435,0.0017450403114654955
0.6994141755057419,1.6994141755048986,0.699414175506071,0.007609522628514357,0.000924788351914941,0.0
7.93783118618404,8.363765974214402,8.239878214807959,2.836080534837947,0.4493826699224144,0.02223157323577104
20.036243377369498,19.470253613973,18.50649147732861,6.8875844401283075,0.9649370785699602,0.15972334211745268
0.0,2.367171257001246,4.20968550495445,1.9871284032052146,0.35885752289541983,0.009243543062154285
0.0,1.654116655562575,3.9248431216065,2.3322063225002694,0.4181560131553397,0.012499930132555124
125.23014617710199,119.58447033527045,109.97634484917285,40.56988572744456,11.557846827202045,7.928406217195726
15.2529183551343,12.670634532263648,11.153879956287883,4.46426716457961,0.6639644492083221,0.10502623846214129
7.25417907138986,6.828271064431647,6.197965180213513,2.1696366814590533,0.3728099313504174,0.031337358926543255
15.5271666461321,13.553374849933789,12.099557366620616,4.742088586307609,0.7261984912383532,0.15047001967425555
6.60396169604985,6.84626897963426,6.603317935626933,2.2411641126730615,0.36719477279223156,0.02238817027743177
20.2060994165204,15.126445726021302,14.000093612136418,6.447355437950563,3.254199940570274,2.8791025728450577
12.2738302351145,12.083810145246389,11.619534271434304,3.5161883116905086,0.5613243200707425,0.07790579647523263
13.9401924666313,13.670120412154574,13.185258795970867,4.048682628516673,0.6109490344195917,0.10210141925511015
27.8911991117469,19.739917976457036,18.154228928988452,10.305057818078808,5.852425542087646,5.3670981388939625
0.0,0.000814708700090705,0.030595994085367305,0.0352921338171693,0.013531974705915507,0.00881042129741675
2.2228077851113803,2.5749637393064404,2.6292476336069512,0.898190873552565,0.13573091590262426,0.005530601552571135
3.25364068125597,3.7236964068670204,3.8430648911992193,1.375336543949261,0.2127527217281907,0.00965610278112879
0.6994141755057419,0.6994141755048986,0.6994141755060355,0.18919604955001554,0.0059620435707611365,-0.0
1.43742950698512,1.6994141755048986,1.6994141755056944,0.486195684715694,0.032105820837693866,0.0035607955433953134
0.6994141755057419,0.718944465340428,0.6994141755053533,0.20618384387861904,0.0042380366144811775,-0.0
0.6994141755057419,0.6994141755048986,1.6994141755055026,0.0012866164725527363,3.410605131648481e-13,-0.0
0.0,2.6956239931259915,4.362330815363506,3.27271038518802,1.9961644416233193,1.6835646066122338
0.0,6.8786708189782075,10.468295713755522,7.513014264834396,4.747461143937464,4.2090981031091
15.5362251610002,12.642170078592244,11.225863760280111,5.004796977312424,1.9128994638471557,1.4538213327629406
0.0,0.0006938697833902552,0.0,0.0,0.0,0.0
0.0,0.0010684704257073463,0.0,0.0,0.0,0.0
0.0,0.004135234946261335,0.0,0.0,0.0,0.0
0.0,0.005596113857791352,0.0,0.0,0.0,0.0
0.0,0.0024466700742777903,0.0,0.0,0.0,0.0
15.733423109764201,11.638845597884938,10.109094256400919,5.383380010916284,2.737043029948211,2.385433808954824
0.0,6.473158176983816,7.106967511675634,2.2409050509197472,0.41216795025285113,0.053681813448215814
1.7907964346212302,0.6994141755048986,0.6994141755052397,0.38423383870008365,0.06288790801515765,0.030570613190110407
5.008221614794101,2.6312860195048415,2.482421404245997,0.7955184878985483,0.23848200708513406,0.07900521847206161
0.0,1.5663559749909837,2.7033873395236143,2.2575019157235374,1.450601435955104,1.209345456194458
0.0,0.0,0.0,0.0,0.0,0.0
0.0,0.0,0.0,0.0,0.0,0.0
0.0,0.0,0.0,0.0,0.0,0.0
0.0,0.0,0.0,0.0,0.0,0.0
0.0,0.0,0.0,0.0,0.0,0.0
0.0,0.0,0.0,0.0,0.0,0.0
0.0,0.0,0.0,0.0,0.0,0.0
0.0,0.0,0.0,0.0,0.0,0.0
17.1484482291186,15.30198743218807,13.53882604649084,4.121135197414311,0.6947161468943532,0.11932127140673296
0.0,0.02565891751601157,0.008396396771395453,0.0,0.0,0.0
0.0,0.0,0.0,0.0,0.0,0.0
0.0,0.0,0.0,0.0,0.0,0.0
0.0,0.0,0.0,0.0,0.0,0.0
0.0,0.0,0.0,0.0,0.0,0.0
0.0,0.0,0.0,0.0,0.0,0.0
11.351188472225601,10.450705599488174,9.576731204900625,2.9102799396697243,0.4905785089816277,0.03204774355498956
0.0,332.7777714290951,780.6300975298768,1000.0,1000.0,1000.0
0.0,5.32990922395129,11.175175176599737,16.24247083305886,10.690708128086188,9.193786485047863
17.7247846950361,14.997908058097892,13.702195474610091,5.707184664076522,1.867967501544086,1.271232870131012
0.0,0.04571637763365288,0.015071974673932557,0.0,0.0,0.0
0.6994141755057419,1.6994141755048986,0.6994141755057086,0.03084007761752082,0.0038771780090442014,-0.0
0.0,0.05190608333214186,0.02566969215260982,0.0042662497760975575,0.0,0.0
10.8343939854525,6.688616392330005,6.13727470318265,4.035656087520777,2.386920603391389,2.0649260107078526
0.0,0.2688143530376692,0.24010358951455538,0.09240498713139886,0.016870042610028474,0.008188438658317317
15.1962882798826,9.937602803076516,9.071053665218079,5.663719639175662,3.313224558105971,2.9234962039519696
14.7510096802766,13.734392000899788,12.755559870822026,4.863155418684144,0.6934137848956191,0.10587890946113139
4.291060699865829,4.5580658779817895,4.458936030021505,1.5569502207817139,0.25490660708422397,0.01510136137464572
0.0,0.08435979176283581,0.027498382545747702,0.0017127326545734996,3.410605131648481e-13,-0.0
0.6994141755057419,1.6994141755048986,0.6994141755055026,0.006893804649914528,3.410605131648481e-13,-0.0
0.0,0.16451055916786572,0.13983842937927654,0.05336446454053748,0.014132521053817487,0.00925009632011938
19.0640256164891,16.001308422900365,13.809762451496445,5.3071312068610155,0.8078364518362273,0.1614386737209686
16.4698778287114,11.39274059770014,10.175122086947718,5.749048023283535,3.1252683047050396,2.7442497406568633
12.7126114216183,9.10691217861131,7.898957862239139,4.352066288865558,2.2891116559234077,1.9724682828064082
0.0,0.007868158069868514,0.0013871035721043218,0.0,0.0,0.0
0.0,0.010400323949397716,0.00237671070542366,0.0,0.0,0.0
0.0,0.0,0.0,0.0,0.0,0.0
0.0,0.0,0.0,0.0,0.0,0.0
0.0,0.005729672660891083,0.0,0.0,0.0,0.0
0.0,0.016289176904138003,0.00829522311381433,0.0015340182559106326,0.0,0.0
0.6994141755057419,0.6994141755048986,1.699414175505936,0.02750478761141944,0.0054302883838651325,0.003829164285076958
0.0,0.001500310555456963,0.0,0.0,0.0,0.0
8.38859411205447,6.605267823174472,5.461546517544101,2.541511823481675,0.45550950555972236,0.09070717276546064
2.23212102676102,1.6994141755048986,1.6994141755054102,0.5134912806006469,0.07830468702661172,0.0247989319985119
0.0,0.0,0.0,0.0,0.0,0.0
0.0,0.0,0.0,0.0,0.0,0.0
0.0,0.0,0.0,0.0,0.0,0.0
0.0,0.0,0.0,0.0,0.0,0.0
4.6285872634632295,2.9078034915255557,2.4759402729980593,0.7535702891830531,0.22400801218459995,0.06480924661159318
1.1371567811110401,0.6994141755048986,0.6994141755059218,0.268034292059562,0.03143856586294475,0.009524712814700983
0.6994141755057419,0.6994141755048986,0.6994141755053818,0.010622308414486727,0.0018595882411775262,0.001302953407403773
0.0,0.13978656188919558,0.10035988628690067,0.02784390218043743,0.004209051765476809,0.002103672034197368
9.87547345595971,7.365776369228115,6.176421616052189,3.2345351561986035,1.5469464033333162,1.257537680862529
7.24640209705201,5.472773294305625,4.652968678820349,1.4225913862321136,0.3160812270285454,0.05178379858834751
0.0,1.8750447291195087,2.0287890379402658,1.0765448327780405,0.24819842321330796,0.030190149447275154
0.0,0.05883992655253678,0.01902782916090458,0.0011244379253935732,0.0,0.0
0.0,0.07811012823458441,0.02528868722050092,0.0019461425629538343,0.0,0.0
5.67955128038182,3.7348661858595733,3.178136114564836,0.8763416013099797,0.2731987636234283,0.0790795599647626
13.5788395348188,11.249481817626474,9.706217697675356,2.880774911771823,0.4753745294899152,0.040293916266420586
5.94380578997063,5.5828113565121384,5.130861243292713,1.7388716163678168,0.2872728371798923,0.020307733727319092
2.62831300139304,2.691274500847612,2.571808250503447,0.8434552428099664,0.12614491402932515,0.005764360974584548
0.0,0.0,0.0,0.0,0.0,0.0
0.0,0.0,0.0,0.0,0.0,0.0
0.0,0.0008204326495615533,0.0,0.0,0.0,0.0
0.0,0.002032001791121729,0.0,0.0,0.0,0.0
0.0,3.2945200838312303,6.6173810836656095,6.478113277040734,4.725281197435841,4.299328875358366
0.0,0.0039010073287499836,0.0009781592364573135,0.0,0.0,0.0
0.0,0.008741923376874183,0.0018481994407174623,0.0,0.0,0.0
0.0,0.002960553470074956,0.0,0.0,0.0,0.0
0.0,0.002911581909756933,0.0,0.0,0.0,0.0
0.6994141755057419,0.6994141755048986,0.699414175505126,0.21511543498399308,0.012528428419276868,0.0007809515374479868
0.0,0.024838485022883106,0.00778675080414982,0.0,0.0,0.0
7.242956602263501,5.014475460726317,4.253867424842714,2.255358741078906,0.35938251755433015,0.09441215012517408
6.51561023864931,4.76944784225816,4.0504249394950245,2.187855460537864,0.35829784142458565,0.09449034093232092
0.0,0.05626473759093642,0.10964691936389999,0.059971930834479506,0.032505208178211176,0.01933572903423444
0.0,0.014688015823594469,0.06386393125785042,0.05579798413655446,0.018411821696654014,0.009346857299297174
0.0,0.04537882941258431,0.015171260532779618,0.008412248848984949,0.0,0.0
0.0,0.003838861602162069,0.0006786059199055513,0.0,0.0,0.0
0.6994141755057419,1.6994141755048986,0.6994141755057299,0.00686998537662933,0.0,0.0
0.6994141755057419,0.9041275212794062,0.9042851470332338,0.3129324483570725,0.021844456083054145,0.0013205987884936372
0.6994141755057419,1.6994141755048986,0.6994141755056944,0.03465556494334712,0.003065747625615693,-0.0
0.0,0.040463876420290035,0.012793570516512537,0.0006544381365560237,0.0,0.0
10.7736615115881,8.444292555588618,7.320830918160648,4.08712376342426,2.1488628515320536,1.7595463063979253
0.0,0.10410265994414658,0.07464115757121624,0.015464458573551167,0.0013598833923545216,-0.0
0.0,0.0,0.0,0.0,0.0,0.0
0.0,0.0,0.0,0.0,0.0,0.0
0.0,0.0,0.0,0.0,0.0,0.0
0.0,0.02259569640045811,0.012036236246519639,0.0016154255262988764,0.0,0.0
0.0,0.009095445358980214,0.00414304859411014,0.0,0.0,0.0
18.4179426387366,16.35902397967402,14.493875619858962,5.286040853616782,0.7376386516088647,0.11452498501210737
5.07500451804971,3.4953446472773066,2.7362456481997697,1.0359242802998887,0.25044089183254414,0.03504305860693048
0.0,1.098996600459941,1.7354163506598936,0.7210995560460718,0.16756446853263812,0.017740066993343122
0.0,0.28107237034237187,0.18052803749125454,0.08972212426168749,0.041569365923081185,0.018362176143208425
0.0,0.006469515742537624,0.0040799943014585985,0.0,0.0,0.0
0.0,1.1013411771873507,1.937917540552121,0.8211223296194853,0.16053913379068588,0.012765260983599223
0.0,0.0,0.0,0.0,0.0,0.0
0.0,0.0,0.0,0.0,0.0,0.0
0.0,0.0,0.0,0.0,0.0,0.0
0.0,0.0007460213155354722,0.0,0.0,0.0,0.0
0.0,0.3518451948739312,0.2845832012711432,0.09209628100611295,0.015310388656974521,0.0034485156344732206
1.6672223627849199,1.6994141755048986,1.6994141755060355,0.6686557351557596,0.20457682903633653,0.04714946853454262
7.9030457334084705,6.152535849677406,5.082467046100987,1.470703439436388,0.3646811621921636,0.07238268624724564
0.0,0.0,0.0,0.0,0.0,0.0
0.0,0.0,0.0,0.0,0.0,0.0
0.0,0.0,0.0,0.0,0.0,0.0
0.0,0.10263414585188002,0.06390374930382375,0.013137287593928609,0.0,-0.0
0.0,1.0606632292347058,1.9093778328368725,0.8316744727936225,0.14350925370557518,0.009345864813905681
0.0,0.030569087859475985,0.00986890529235813,0.0,0.0,0.0
5.17848578327669,3.9174581138868234,3.5869522127202345,2.261673002953457,0.4607107719092186,0.6969095418543654
0.0,0.06101713239604578,0.03279097864991299,0.004937479545396189,0.0,0.0
2.14208918750699,1.6994141755048986,1.6994141755054102,0.4677914111632049,0.0663028244155063,0.013413673023778667
0.0,0.0013756556709267898,0.0,0.0,0.0,0.0
0.0,0.3028450034917114,0.23784664258986155,0.05998578747334286,0.004690449184886175,0.0
5.41435296186716,3.783168731734804,3.0834516996981165,0.9291776125848349,0.23603974961644725,0.046471638417681704
6.6053742357818495,4.805496471632978,3.936821297996875,1.1310840937091395,0.3013648497628191,0.06269623838260335
0.0,0.0,0.0,0.0,0.0,0.0
0.0,0.0,0.0,0.0,0.0,0.0
0.0,0.0,0.0,0.0,0.0,0.0
0.0,0.0,0.0,0.0,0.0,0.0
0.0,0.0,0.0,0.0,0.0,0.0
0.0,0.0,0.0,0.0,0.0,0.0
0.0,0.0,0.0,0.0,0.0,0.0
0.0,0.0,0.0,0.0,0.0,0.0
0.0,0.04454098985752353,0.014232734764915187,0.0008751281592435656,0.0,0.0
0.0,0.0512308617871895,0.022017761414118854,0.001061474489525982,0.0,0.0
0.6994141755057419,0.6994141755048986,0.6994141755048986,0.1868516921742313,0.0070336984033500805,0.0
0.6994141755057419,1.6994141755048986,0.6994141755056944,0.052807606977655935,0.002558166225741519,-0.0
0.0,0.08907463763534906,0.05890338244719576,0.01127871813730043,0.0016479593773518389,-0.0
0.0,0.024241740509751253,0.014934842422801752,0.0035863946589012154,0.0,0.0
0.0,0.006507402833449305,0.004107614625531925,0.0,0.0,0.0
0.0,0.002149569880202762,0.001007414973880406,0.0,0.0,0.0
0.6994141755057419,0.6994141755048986,0.6994141755061491,0.008575951562391462,0.0,0.0
0.0,1.0,1.6994141755060355,0.5149926351210183,0.025473066464086255,0.0011096799289122548
0.0,0.024517788148841646,0.008206052761964138,0.0,0.0,0.0
7.9000666611252806,6.120096489814387,5.2762901980598365,2.8686757150657627,1.4105464413230262,0.7932915352825517
4.56476416622651,3.226961899786147,2.6035115282583847,1.038414921140145,0.25229158574155763,0.04549213401694072
2.68532025645743,1.9787346740031353,1.6994141755056376,0.6610559358694843,0.20251652452291397,0.04607198558808711
0.0,0.015353992706877762,0.005543871471295266,0.0,0.0,0.0
1.49270300083079,1.6994141755048986,1.6994141755050123,0.5738323634551236,0.050561117569561866,0.008861025729076535
0.0,2.0864524346779945,3.48906497621158,1.1794966853335813,0.2563052628338257,0.03139239756665127
0.0,0.001833480713685276,0.0017099161080373997,0.0,0.0,0.0
0.0,0.0019461425608824356,0.0018334807155644373,0.0,0.0,0.0
0.0,0.0,0.0,0.0,0.0,0.0
0.0,0.0,0.0,0.0,0.0,0.0
0.0,0.0,0.0,0.0,0.0,0.0
0.0,0.9263591443477708,0.8266782968803168,0.32220395340323604,0.03090020434212426,0.0
0.0,0.11297746484797244,0.11260827500592145,0.08578988925361775,0.08937077864044403,0.041801642947874536
0.0,0.0027702094621417928,0.0019679480825490615,0.0,0.0,0.0
0.0,0.0,0.0,0.0,0.0,0.0
0.0,0.0,0.0,0.0,0.0,0.0
0.0,0.5216203518875773,0.5579654460026195,0.3524471883035858,0.036726600429704805,0.006870279056222206
8.18715694708244,6.428204311658192,5.504384665499174,1.7156101384189286,0.37721573761495475,0.060978833146209235
0.0,0.0,0.0,0.0,0.0,0.0
0.0,0.0,0.0,0.0,0.0,0.0
0.0,0.0,0.0,0.0,0.0,0.0
0.0,0.0,0.0,0.0,0.0,0.0
0.0,0.0,0.0,0.0,0.0,0.0
0.0,0.0,0.0,0.0,0.0,0.0
0.0,0.0,0.0,0.0,0.0,0.0
0.0,0.0,0.0,0.0,0.0,0.0
0.0,0.0,0.0,0.0,0.0,0.0
0.0,0.0,0.0,0.0,0.0,0.0
0.0,0.01673428205685923,0.006303157811073948,0.0,0.0,0.0
0.0,0.022968346474044665,0.008751826729487051,0.0,0.0,0.0
0.0,0.0017509831650386332,0.0007625571678426053,0.0,0.0,0.0
2.7270013542392,2.3230926699798147,2.014207479099205,0.8917416491819945,0.1927370755817155,0.024404788692642856
0.0,0.005406950976976077,0.001099634147284711,0.0,0.0,0.0
0.0,0.8871143787710025,1.3056701271111149,0.5769552028058752,0.12801286524316668,0.011207300363581236
13.256646385789601,11.101517384630824,9.752470275026385,4.38703900803398,1.6838787303653293,1.2411259402513286
0.0,0.06840334901062306,0.03176367792353711,0.0008846680734278807,0.0,0.0
0.6994141755057419,1.6994141755048986,0.6994141755057228,0.027130374651333326,0.0006584909712205408,-0.0
0.6994141755057419,0.9149333867771929,0.8667535030701766,0.28387410603355356,0.00881889148495664,2.2737367544323206e-13
2.7785130811489,2.01029313660365,1.6994141755052397,0.6560444723094179,0.15108759674069958,0.024179361500721773
0.0,0.012003938152702176,0.004509290454986158,0.0,0.0,0.0
0.0,0.0016199683404920506,0.001520934944219592,0.0,0.0,0.0
0.0,0.0,0.0,0.0,0.02796598427260276,0.01685084513802
0.0,0.028709210954730224,0.011846575001408826,0.0,0.0,0.0
0.0,1.5458989949147508,1.699414175505467,0.6709779483115881,0.15905373269710352,0.03055575714688425
0.0,2.246232008298648,3.0686059666347694,1.2432123549162384,0.26358450556957985,0.037280381922608935
0.0,0.027708653167792363,0.01179960227895849,0.0,0.0,0.0
0.0,1.122114425498694,2.1314097682081865,0.9719423135740181,0.22036773392159775,0.024364981685404748
0.0,0.056191822816799686,0.05916824613160236,0.016055028598802916,0.004796368606353142,-0.0
0.0,0.07964970625380374,0.08190939464718591,0.02206494834190969,3.410605131648481e-13,0.0
0.0,0.07322031347393931,0.12067654020902874,0.04475315943461394,0.0015232625244852582,0.0
0.0,0.08624748366128188,0.08770891774108985,0.10558467608317681,0.0947622404220159,0.04486439042499121
0.0,0.20486026840626437,0.2541528224818137,0.0865474109823647,0.012443707633605089,0.0015773895122206498
0.0,1.4863194209547146,3.121819567771581,3.6556989468767824,2.9246121002965593,2.7978197275002454
0.0,0.0,0.0,0.0,0.0,0.0
0.0,0.0,0.0,0.0,0.0,0.0
0.899256737075142,1.0143905775012172,0.9474855977389249,0.330458863155802,0.01632170388857468,0.0
0.0,0.6711895195912803,0.7405019412373056,0.25670225292052584,0.018314045684164913,1.1368683772161603e-13
0.0,0.07520255831786926,0.051739994763145364,0.009076695191686825,0.0,0.0
0.0,0.0,0.0,0.0,0.0,0.0
0.0,0.0,0.0,0.0,0.0,0.0
0.0,0.0,0.0,0.0,0.0,0.0
0.0,0.0,0.0,0.0,0.0,0.0
2.71378874783606,2.297860494518318,2.0519432072424024,0.7054066376228907,0.11202499270870753,0.00465243348704703
0.0,0.0,0.0,0.0,0.0,0.0
0.0,0.4544857787723231,0.46461330687168356,0.16301952196715774,0.019212324017390717,0.0008210073615344654
0.0,0.004635308176148101,0.0007943568826998404,0.0,0.0,0.0
0.0,0.010536790155128983,0.004301865457101562,0.0,0.0,0.0
0.0,0.0,0.0,0.0,0.0,0.0
0.0,0.0,0.0,0.0,0.0,0.0
0.0,0.0,0.0,0.0,0.0,0.0
0.0,0.0,0.0,0.0,0.0,0.0
0.0,0.0,0.0,0.0,0.0,0.0
0.0,0.0015893497557044611,0.0,0.0,0.0,0.0
0.0,0.013044697399891447,0.0055435080465493025,0.0,0.0,0.0
0.0,0.017272371765102434,0.007215082783486204,0.0,0.0,0.0
0.0,0.027728805023798486,0.010411135862488213,0.0,0.0,0.0
0.0,0.0,0.0,0.0,0.0,0.0
0.0,1.8413135388036608,2.358859314434174,1.193801536431757,0.2366897255278806,0.022164705621058496
0.0,0.36316414596058166,0.3191943003269557,0.09871106332410379,0.02062782642080168,0.006379517034497865
0.0,0.9138697468733881,1.6994141755056944,0.5680558513769824,0.054622951561029726,0.013486936782793557
0.0,1.3279915835209977,1.6994141755056944,0.5886123509594654,0.05273180513318333,0.009726365636654992
0.0,0.9068753391893551,1.2500895684874127,0.5414148138108317,0.041962316974939504,0.008572380639856363
0.0,0.0,0.0,0.0,0.05963965563634863,0.05415593929722336
0.0,1.9645208770452882,4.346981384741184,4.261829750909106,2.1567012928931337,1.7320280930462635
0.0,0.0028440756559575675,0.000834424524047508,0.0,0.0,0.0
0.6994141755057419,1.6994141755048986,0.6994141755060639,0.03387675205149838,0.0008092681704336739,1.1368683772161603e-13
0.0,0.06354248078423552,0.06696074229283845,0.00919215038123494,2.2737367544323206e-13,-0.0
0.0,0.015435854266797833,0.01418530905408352,0.003946035622777743,0.0,0.0
15.7926653038033,14.617426081498706,13.659160541971119,5.231732332472575,0.7542920928826964,0.18125288290953873
0.0,0.0,0.0,0.0,0.0,0.0
0.0,0.0,0.0,0.0,0.0,0.0
0.0,0.0,0.01524808528429666,0.015783028724810886,0.0,0.0
0.0,0.7594850359619159,0.8667271280903802,0.3092660417031601,0.023675829178914594,0.001629936115954097
0.0,0.41098479441825475,0.4644719162607771,0.11186926706691806,0.01377952968034137,0.0005038455761003029
0.0,0.02458905502135167,0.004396083469967994,0.0,0.0,0.0
0.0,0.08346965607779566,0.030304317855807443,0.003335476778995751,0.0,0.0
0.0,0.0,0.0,0.0,0.0,0.0
0.0,0.0007962648660395644,0.0,0.0,0.0,0.0
0.0,0.011752084414183628,0.007689171107462688,0.0008827600907487396,0.0,0.0
0.0,0.0,0.0,0.0,0.0,0.0
0.0,0.017456897975534957,0.0068611973826454165,0.0,0.0,0.0
0.0,0.0,0.0,0.0,0.0,0.0
0.0,0.0,0.0,0.0,0.0,0.0
0.0,0.0,0.0,0.0,0.0,0.0
0.0,0.0,0.0,0.0,0.0,0.0
0.0,0.0,0.0,0.0,0.0,0.0
0.0,0.0,0.0,0.0,0.0,0.0
2.60152344068133,2.2496209825822007,2.0725580677892395,0.7106415475699592,0.10400126818372263,0.002567965570109913
0.6994141755057419,1.6994141755048986,0.6994141755056944,0.06002487060682728,0.005915176789377518,0.0
8.31165536412091,8.334609035951871,8.13153897820007,2.8203462585128083,0.4368495910043857,0.02133743227476408
0.0,0.8176064234930891,1.6994141755055807,0.8458002936259845,0.13261040513819589,0.005585739171415029
0.0,0.002597491580672795,0.0009131061048002202,0.0,0.0,0.0
0.0,0.3843048390135664,0.4496113475225343,0.10322179626641327,0.01487976334946604,0.0006210103514102614
0.0,0.0,0.0,0.0,0.0,0.0
0.0,0.0,0.0,0.0,0.0,0.0
0.0,0.028929654506100633,0.050977039555389285,0.03298796034086135,0.03934370691441375,0.020654035015862035
0.0,0.01901977300985891,0.043287185522908576,0.06694079992225742,0.05425348775427604,0.03881126645649508
0.0,0.1811742835216137,0.1449563096649874,0.027122757945969522,0.0016993413757795226,0.0
12.7788089804387,13.678563120934086,14.109413281273419,4.713858478739553,0.6193331891851726,0.09390937341678005
0.0,0.0,0.0,0.0,0.0,0.0
0.6994141755057419,1.6994141755048986,0.6994141755055807,0.043240411676551814,0.002773529634942076,0.0
0.0,0.0,0.0,0.0,0.0,0.0
0.0,0.0,0.0,0.0,0.0,0.0
0.0,0.0,0.0,0.0,0.0,0.0
0.0,0.35716192533800495,0.38679964728589766,0.1267973122554082,0.014974272999928971,1.1368683772161603e-13
0.0,0.010782374817608797,0.010596450561467644,0.0,0.0,0.0
2.7739955913205105,2.8807110038987958,2.848778889075561,1.0253561863638283,0.17171490631482447,0.011275614373855387
0.0,0.006392015294295561,0.0026967066955047034,0.0,0.0,0.0
0.0,0.391836800909914,0.41049965794366017,0.10354572920574488,0.014016135322581188,0.0013166187430418872
0.0,0.02719943515421619,0.010943281380461068,0.0,0.0,0.0
0.0,0.02119611609577987,0.0081460875850616,0.0,0.0,0.0
0.0,0.0,0.0,0.0,0.6877410282045215,0.9398769176764796
0.0,0.0,0.0,0.0,1.3942188723212345,1.9382007551908065
0.0,0.0,0.0,0.9189474626667743,9.272574458146641,12.225778848481323
0.0,0.002681442827451974,0.0010766474964366403,0.0,0.0,0.0
0.0,0.0,0.0,0.0,0.0,0.0
0.0,0.007929304375466018,0.003253110852929419,0.0,0.0,0.0
0.0,0.011335144719851087,0.002580774020166455,0.0,0.0,0.0
0.0,0.05491945965877676,0.01007832581945964,0.0,0.0,0.0
0.6994141755057419,1.6994141755048986,0.6994141755057335,0.006093933888809619,0.0,0.0
0.0,0.0,0.0,0.0,0.0,0.0
0.0,0.0,0.0,0.0,0.0,0.0
0.0,0.002517992293178395,0.001490043792764158,0.0,0.0,0.0
0.0,0.0,0.0,0.0,0.0,0.0
0.0,0.0,0.0,0.0,0.0,0.0
0.0,0.004933044367135153,0.002501183876126089,0.0,0.0,0.0
0.0,0.1509323409645731,0.06551392449412566,0.014270347293545371,0.0,-0.0
0.0,1.0,1.8722372377471856,1.0071395025587782,0.1943892703876976,0.009750874604022183
0.0,0.000881488102095318,0.0,0.0,0.0,0.0
0.0,0.06235011858643702,0.06415772424962742,0.01838033894804231,0.0019891532589312675,0.0
0.0,0.0,0.0,0.0,0.0,0.0
0.0,0.029760911047560512,0.053116422665358376,0.014842383342523677,0.0,0.0
0.0,0.06583646208764549,0.10529686330877738,0.025387691807669546,3.410605131648481e-13,-0.0
0.0,0.007534079345532518,0.002978633883356927,0.0,0.0,0.0
0.0,0.01151040657350677,0.004997098084725384,0.0,0.0,0.0
0.0,0.007284860440449847,0.006963229040586131,0.0,0.0,0.0
0.0,0.024987307547235105,0.024414912678347035,0.0,0.0,0.0
0.0,0.0,0.0,0.0,0.0,0.0
0.0,0.0,0.0,0.0,0.0,0.0
0.0,0.0,0.0,0.0,0.0,0.0
0.0,0.0,0.0,0.0,0.0,0.0
0.0,0.0,0.0,0.0,0.0,0.0
0.0,0.0,0.0,0.0,0.0,0.0
5.937272682411661,6.903580705425156,7.480476285077884,2.837273670586003,0.454671812566341,0.01941800362584214
13.8412318255419,15.598255008711021,16.874668578818273,6.160516100965367,0.829070615571192,0.12335413561771283
0.0,0.005295470263263269,0.0021837318630253235,0.0,0.0,0.0
0.0,0.0023767107022649725,0.0012674457869443988,0.0,0.0,0.0
2.44652865899666,2.905891603632881,3.1880453971381257,1.2097413868150673,0.20555509663753838,0.011051681784028856
0.0,0.2218691287944239,0.17578529993430705,0.09998636589650615,0.04252551941042081,0.011860078448704996
0.0,0.0,0.0,0.0,0.0,0.0
0.0,0.0,0.0,0.0,0.0,0.0
0.0,0.0,0.0,0.0,0.0,0.0
0.0,0.0,0.0,0.0,0.0,0.0
0.0,0.01123140082381724,0.041891379067041136,0.0150441551222122,0.0,-0.0
0.0,0.04646768595921458,0.06319819974123572,0.01697966249268605,0.0012141627664575072,-0.0
0.0,0.003129001104753115,0.0009639856482535015,0.0,0.0,0.0
0.0,0.0156453689587579,0.0009876082937449386,0.0,0.0,0.0
0.0,0.004803574101970298,0.004593695985023704,0.0,0.0,0.0
0.0,0.0,0.0,0.0,0.0,0.0
0.0,0.0018438383331158548,0.0010239508253839125,0.0,0.0,0.0
0.0,0.12085257512626413,0.12369350101395045,0.042362735786354765,0.005937020778874883,0.0
0.0,0.0,0.0,0.0,0.0,0.0
0.0,0.0,0.0,0.0,0.0,0.0
0.0,0.001139338362008857,0.0010612019207657667,0.0,0.0,0.0
0.0,0.0019129799993606866,0.0011220756607295624,0.0,0.0,0.0
0.0,0.0,0.0,0.0,0.0,0.0
0.0,0.0,0.0,0.0,0.0,0.0011432994178384671
0.0,0.0805359849737215,0.04129021037978257,0.04072702540706853,0.016079587888471573,0.003348708738147605
0.0,0.04718871658315038,0.035441134628288185,0.03356332722011765,0.008641552891033018,3.410605131648481e-13
0.0,0.4564588486136927,0.4197145445939441,0.09822273549877991,0.023675585886892045,0.002186246547044046
0.0,0.018765466150398424,0.018173991452849172,0.0,0.0,0.0
0.8300207376990981,1.6994141755048986,2.130579415051021,0.8410845231115331,0.12126477828142301,0.0027695363398833207
0.0,0.09553234003124089,0.13378677233824174,0.04961484787102579,0.004000413373057897,0.0
0.0,0.0,0.0026061234278748654,0.001716090571761835,0.0,0.0
0.0,0.0,0.0,0.0,0.0,0.0
0.0,0.0,0.0,0.0,0.0,0.0
0.0,0.045587073053866334,0.0070296705144442225,0.0009674619139962401,0.0,0.0
0.0,0.0,0.0,0.0,0.0,0.0
0.0,0.0,0.0,0.0,0.0,0.0
0.0,0.0,0.0,0.0,0.0,0.0
0.0,0.0,0.0,0.0,0.0,0.0
0.6994141755057419,0.6994141755048986,0.6994141755058081,0.0,0.0020690489284377646,0.0013441575818635759
0.0,0.021727382470999146,0.02116407323397851,0.0,0.0,0.0
0.0,0.0007466573106285068,0.0,0.0,0.0,0.0
0.0,0.0,0.0,0.0,0.0,0.0
0.0,0.0,0.0,0.0,0.0,0.0
0.0,0.013764588935373467,0.0053424429907716125,0.0,0.0,0.0
0.0,0.017334090865006146,0.006771158761131673,0.0,0.0,0.0
0.0,0.0012560887453219038,0.014259308080375196,0.0037247308982318902,0.0,0.0
0.0,0.0036181715795464697,0.00992768242582059,0.0031429337123914736,0.0,0.0
0.0,0.0,0.0,0.0,0.0,0.0
0.0,0.0,0.0,0.0,0.0,0.0
0.0,0.0,0.0,0.0,0.0,0.0
0.0,0.0,0.0,0.0,0.0,0.0
0.0,0.0,0.0,0.0,0.11360635049007879,0.3249243854368896
0.0,0.018253041658681468,0.006251369704332347,0.0,0.0,0.0
0.0,0.0030343288090080023,0.0012683543498914708,0.0,0.0,0.0
0.0,0.033135574281004665,0.03774466128745043,0.0075808631753124115,0.0,0.0
0.0,0.005983352251860197,0.016281052821851227,0.00305954408520668,0.0,0.0
0.0,0.0,0.0,0.0,0.0,0.0
0.0,0.0,0.0,0.0,0.0,0.0
0.0,0.0,0.0,0.0,0.0,0.0
0.0,0.0,0.0,0.0,0.0,0.0
0.0,0.007249699042404245,0.0013225065747889176,0.0,0.0,0.0
0.0,0.006203488414939784,0.001541520401930912,0.0,0.0,0.0
0.0,0.0,0.0,0.0,0.0,0.0
0.0,0.0,0.0,0.0,0.0,0.0
0.0,0.002108321106788935,0.001142479813522587,0.0,0.0,0.0
0.0,0.3368122391848374,0.2555080486742312,0.10280655904478098,0.01684005687951124,0.0023398645565752855
0.0,0.0,0.0,0.0,0.0,0.0
0.0,0.0,0.0,0.0,0.0,0.0
0.0,0.033486879489828425,0.052364377195947776,0.019685342176760497,0.00187847094032059,-0.0
0.0,0.24489496873775352,0.1855184834933661,0.056863897126756185,0.014767162654840713,0.002064476173815371
0.0,0.15825300724918634,0.1626094570927934,0.05238665462148164,0.0072936533049404164,1.1368683772161603e-13
0.0,0.0007561972242910997,0.0,0.0,0.0,0.0
0.0,0.002554789108216937,0.0,0.0,0.0,0.0
0.0,0.0,0.0,0.0,0.0,0.0
0.0,0.0,0.0,0.0,0.0,0.0
0.0,0.0,0.0,0.0,0.0,0.0
0.0,0.0,0.0,0.0,0.0,0.0
0.0,0.01488582598267385,0.005185352398139884,0.0,0.0,0.0
0.0,0.0030348820027938928,0.006147277375473305,0.0024798561577549123,0.0,0.0
0.0,0.0,0.0,0.0,0.0,0.0
0.0,0.0,0.0,0.0,0.0,0.0
0.0,0.0,0.0,0.0,0.0,0.0
0.0,0.0,0.0,0.0,0.0,0.0
0.0,0.004967115494764585,0.004717260591641247,0.0,0.0,0.0
0.0,0.03208133567022742,0.01078955247188192,0.0,0.0,0.0
0.0,0.03835834186884313,0.035211062224781604,0.007208931287669064,0.0005680529404880625,-0.0
0.0,0.013703427979635308,0.012815440462049518,0.0,0.0,0.0
0.0,0.03650814062257268,0.016895700512338956,0.0,0.0,0.0
0.0,0.0017111880943048163,0.0009085632884732461,0.0,0.0,0.0
0.0,0.001168321531622496,0.0,0.0,0.0,0.0
0.0,0.0,0.0,0.0,0.0,0.0
0.0,0.0,0.0,0.0,0.0,0.0
0.0,0.0,0.0,0.0,0.0,0.0
0.0,0.0007167655776356696,0.002072841180569464,0.0,0.0,0.0
0.0,0.023291928452636057,0.02283582968380067,0.0,0.0,0.0
0.0,0.007479292985408392,0.007223078140878251,0.0,0.11360635049007879,0.3249243854368896
0.0,0.033828976303084346,0.03235224975089155,0.0033908355976558675,0.0,0.0
0.0,0.0,0.0,0.0,0.0,0.0
0.0,0.0006487141881734715,0.005603722689782629,0.0019065010673184623,0.0,0.0
0.0,0.0,0.0,0.0,0.0,0.0
0.0,0.0,0.0,0.0,0.0,0.0
0.0,0.005820347273584048,0.0026567299105991625,0.0,0.0,0.0
0.0,0.0,0.0,0.0,0.0,0.0
0.0,0.0,0.0,0.0,0.0,0.0
0.0,0.0,0.0,33.55488726603062,98.56700046314798,131.87535523095235
0.0,0.03178403051879286,0.03100709406527318,0.00717913211496461,0.0005723809625489883,-0.0
0.0,0.0,0.0,0.0,0.0,0.0
0.0,0.0007231255212900578,0.0,0.0,0.0,0.0
0.0,0.0,0.0,455.3416905053534,803.7821959083914,1000.0
0.0,0.0,0.0,0.0,0.0,0.0
0.0,0.0,0.0,0.0,0.0,0.0
0.0,0.0,0.0,0.0,0.0,0.0
0.0,0.0,0.0,0.0,0.0,0.0
0.0,0.0,0.0,0.0,0.0,0.0
0.0,0.0,0.0,0.0,0.0,0.0
0.0,0.0,0.0,0.0,0.0,0.0
0.0,0.0,0.0,0.0,0.0,0.0
0.0,0.0,0.0,0.0,0.0,0.0
0.0,0.010435303635858872,0.004654024586671987,0.0,0.0,0.0
0.0,0.0,0.0,0.0,0.0,0.0
0.0,0.0007243975096571376,0.0,0.0,0.0,0.0
0.0,0.0,0.0,0.0,0.0,0.0
0.0,0.0,0.0,0.0,0.0,0.0
0.0,0.0,0.0,0.0,0.0,0.0
0.0,0.0,0.0,0.0,0.0,0.0
0.0,0.0,0.0,0.0,0.0,0.0
0.0,0.005580213999564876,0.004203160285134703,0.001928041584689183,0.0,0.0
0.0,0.034684307212046406,0.009044047097276143,0.0012318566213137534,0.0,0.0
0.0,0.0,0.0,0.0,0.0,0.0
0.0,0.0260916662236923,0.0011947694762517531,0.0,0.0,0.0
0.0,0.0,0.0,0.0,0.0,0.0
0.0,0.0,0.0009865974210504964,0.0,0.0,0.0
0.0,0.004082719985490257,0.001968311507409187,0.0,0.0,0.0
0.0,0.0,0.0,0.0,0.0,0.0
0.0,0.0013891932649130467,0.0012828913627289595,0.0,0.0,0.0
0.0,0.0,0.0,0.0,0.0285927121805426,0.07014672477093015
0.0,0.0,0.0,0.0,0.0,0.0
0.0,0.0,0.0,0.0,0.0,0.0
0.0,0.0,0.0,0.0,0.0,0.0
0.0,0.0,0.0,0.0,0.0,0.0
0.0,0.0,0.0,0.0,0.0,0.0
0.0,0.0057512964676789124,0.0,0.0,0.0,0.0
0.0,0.0,0.0,0.0,0.0,0.0
0.0,1.0,0.6994141755056944,10.511336053440155,38.686857149045174,43.14659035348471
0.0,0.0,0.0,0.0,0.0,0.0
0.0,0.0,0.0,0.0,0.0,0.0
0.0,0.0,0.0,0.0,0.0,0.0
0.0,0.0,0.0,0.0,0.0,0.0
0.0,0.0,0.0,0.0,0.0,0.0
0.0,0.0,0.0,0.0,0.0,0.0
0.0,0.0,0.0,0.0,0.0,0.0
0.0,0.0,0.0,0.0,0.0,0.0
0.0,0.0,0.0,0.0,0.0,0.0
0.0,0.0,0.0,0.0,0.0,0.0
0.0,0.0,0.0,0.0,0.0,0.0
0.0,0.0,0.0,0.0,0.0,0.0
0.0,0.0,0.0,0.0,0.0,0.0
0.0,0.0,0.0,0.0,0.0,0.0
0.0,0.0,0.0,0.0,0.0,0.0
0.0,0.0,0.0,0.0,0.0,0.0
0.0,0.0,0.0,0.0,0.0,0.0
0.0,0.0,0.0,0.0,0.0,0.0
0.0,0.0,0.0,0.0,0.0,0.0
0.0,0.0,0.0,0.0,0.0,0.0
0.0,0.0,0.0,0.0,0.0,0.0
0.0,0.0,0.0,0.0,0.0,0.0
0.0,0.0,0.0,0.0,0.0,0.0
0.0,0.0,0.0,0.0,0.0,0.0
0.0,0.0,0.0,0.0,0.0,0.0
0.0,0.0,0.0,0.0,0.0,0.0
0.0,0.0,0.0,0.0,0.0,0.0
0.0,0.0,0.0,0.0,0.0,0.0
0.0,0.0,0.0,0.0,0.0,0.0
0.0,0.0,0.0,17.72006839796565,59.784278824713766,72.37364613667744
0.0,0.0,0.0,270.6202891712883,528.2855066906029,803.7418245886605
0.0,0.0,0.0,0.0,0.0,0.0
0.0,0.0,0.0,0.0,0.0,0.0
0.0,0.0,0.0,0.0,0.0,0.0
0.0,0.0,0.0,0.0,0.0,0.0
0.0,0.0,0.0,0.0,0.0,0.0
0.0,0.0,0.0,0.0,0.0,0.0
0.0,0.0,0.0,0.0,0.0,0.0
0.0,0.0,0.0,0.0,0.0,0.0
0.0,0.0,0.0,0.0,0.0,0.0
0.0,0.0,0.0,0.0,0.0,0.0
0.0,0.0,0.0,0.0,0.0,0.0
0.0,0.0,0.0,0.0,0.0,0.0
0.0,0.0,0.0,0.0,0.0,0.0
0.0,0.03260561071601842,0.009468034304490355,0.0,0.0,0.0
0.0,0.0,0.0,0.0,0.0,0.0
0.0,0.0,0.0,0.0,0.0,0.0
0.6994141755057419,1.6994141755048986,0.6994141755055061,0.0,0.0,0.0
0.0,0.0,0.0,0.0,0.0,0.0
0.6994141755057419,1.6994141755048986,0.6994141755055132,0.0,0.0,0.0
0.0,0.018249220491270535,0.0,0.0,0.0,0.0
0.0,0.002821997570208623,0.0008872120508607909,0.0,0.0,0.0
0.0,0.03743217147075484,0.019267447369314183,0.0,0.0,0.0
0.0,0.0,0.0,0.0,0.0,0.0
0.0,0.0,0.0,0.0,1.156091373353369,3.30466862685825
0.0,0.0,0.0,0.0,0.0,0.0
0.0,0.0,0.0,0.0,0.02001489852649352,0.07077450320986267
0.0,0.0,0.0,0.0,0.041403095299566185,0.14227441214789427
0.0,0.0,0.0,0.0,0.0,0.0
0.0,0.0,0.0,0.0,0.0,0.0
0.0,0.0,0.0,0.0,0.0,0.0
0.0,0.0,0.0,0.0,0.0,0.0
0.0,0.000925371708945022,0.0,0.0,0.0,0.0
0.0,0.0,0.0,0.0,0.0,0.0
0.0,0.0,0.0,0.0,0.0,0.0
0.0,0.0,0.0,0.0,0.0,0.0
0.0,0.0,0.0,0.0,0.0,0.0
0.0,0.0,0.0,0.0,0.0,0.0
0.6994141755057419,0.6994141755048986,1.6994141755059218,0.0,0.0,0.0
0.0,0.0,0.0,0.0,0.0,0.0
0.0,0.0,0.0,0.0,0.0,0.0
0.0,0.0,0.0,0.0,0.0,0.0
0.0,0.0,0.0,0.0,0.0,0.0
0.0,0.0,0.0,0.0,0.0,0.0
0.0,0.0,0.0,0.0,0.0,0.0
0.0,0.0,0.0,0.0,0.0,0.0
0.0,0.0,0.0,0.0,0.0,0.0
0.0,0.0,0.0,0.0,0.0,0.0
0.0,0.058900159126096696,0.01983539028140755,0.0,0.0,0.0
0.0,0.009990925338570378,0.0009285516800160446,0.0,0.0,0.0
0.0,0.0,0.0,0.0,0.0,0.0
0.0,0.0,0.0,0.0,0.0,0.0
0.0,0.0,0.0,0.0,0.0,0.0
0.0,0.0,0.0,0.0,0.0,0.0
0.0,0.0,0.0,0.0,0.0,0.0
0.0,0.0,0.0,0.0,0.0,0.0
0.0,0.0,0.0,0.0,0.0,0.0
0.0,0.0,0.0,0.0,0.0,0.0
0.0,0.0017127326509580598,0.0,0.0,0.0,0.0
0.0,0.000984519178928167,0.0,0.0,0.0,0.0
0.0,0.0,0.0,0.0,0.0,0.0
0.0,0.0,0.0,0.0,0.0,0.0
0.0,0.0,0.0,0.0,0.0,0.0
0.0,0.0,0.0,0.0,0.0,0.0
0.0,0.0,0.0,0.0,0.0,0.0
0.0,0.0,0.0,0.0,0.0,0.0
0.0,0.0,0.0,0.0,0.0,0.0
0.0,0.0,0.0,0.0,0.0,0.0
0.0,0.0,0.0,0.0,0.0,0.0
0.0,0.0,0.0,0.0,0.0,0.002990735185369575
0.0,0.04294233524342417,0.01897361800261445,0.0,0.0,0.0
0.0,0.013696046425138775,0.0059007551308740015,0.0,0.0,0.0
0.0,0.010996977467584657,0.0,0.0,0.0,0.0
0.0,0.0,0.0,0.0,0.0,0.0
0.0,0.0,0.0,0.0,0.0,0.0
0.0,0.0,0.0,0.0,0.0,0.0
0.0,0.03218231108166947,0.003946344642455613,0.0,0.0,0.0
0.0,0.0,0.0,0.0,0.0,0.0
0.0,0.0,0.0,0.0,0.0,0.0
0.0,0.0,0.0,0.0,0.0,0.0
0.0,0.0,0.0,0.0,0.0,0.0
0.0,0.0,0.0,0.0,0.0,0.0
0.0,0.0,0.0,0.0,0.0,0.0
0.0,0.0023509983602707507,0.0,0.0,0.0,0.0
0.0,0.0,0.0,0.0,0.0,0.001151447237949188
0.0,0.0,0.0,0.0,0.0,0.0
0.0,0.0,0.0,0.0,0.0,0.0
0.0,0.0,0.0,0.0,0.0,0.0
0.0,0.0084205645507609,0.0,0.0,0.0,0.0
0.0,0.0,0.0,0.0,0.0,0.0
0.0,0.0,0.0,0.0,0.0,0.0
0.0,0.0,0.0,0.0,0.0,0.0
0.0,0.0,0.0,0.0,0.0,0.0
0.0,0.0,0.0,0.0,0.0,0.0
0.0,0.0,0.0,0.0,0.0,0.0
0.0,0.04267966960014746,0.0,0.0,0.0,0.0
0.0,0.0,0.0,0.0,0.0,0.0
0.0,0.0,0.0,0.0,0.0,0.0
0.0,0.0,0.0,0.0,0.0,0.0
0.0,0.0,0.0,0.0,0.0,0.0
0.0,0.0,0.0,0.0,0.0,0.0
0.0,0.0,0.0,0.0,0.0,0.0
0.0,0.0006900538173795212,0.0,0.0,0.0,0.0
0.0,0.0,0.0,0.0,0.0,0.0
0.0,0.0,0.0,0.0,0.0,0.0
0.0,0.0,0.0,0.0,0.0,0.0
0.0,0.0,0.0,0.0,0.0,0.0
0.0,0.0,0.0,0.0,0.0,0.0
0.0,0.0,0.0,0.0,0.0,0.0
0.6994141755057419,1.6994141755048986,0.699414175505467,0.0,0.0,0.0
0.0,0.0,0.0,0.0,0.0,0.0
0.0,0.0,0.0,0.0,0.0,0.0
0.0,0.0,0.0,0.0,0.0,0.0
0.0,0.0,0.0,0.0,0.0,0.0
0.0,0.0,0.0,0.0,0.0,0.0
0.0,0.00550135070716351,0.0,0.0,0.0,0.0
0.0,0.0,0.0,0.0,0.0,0.0
0.0,0.0,0.0,0.0,0.0,0.0
0.0,0.0,0.0,0.0,0.0,0.0
0.0,0.0,0.0,0.0,0.0,0.0
0.0,0.04069827478087973,0.0007282134753240233,0.0,0.0,0.0
0.0,0.0,0.0,0.0,0.0,0.0
0.0,0.0,0.0,0.0,0.0,0.0
0.0,0.0,0.0,0.0,0.0,0.0
0.0,0.0,0.0,0.0,0.0,0.0
0.0,0.0,0.0,0.0,0.0,0.0
0.0,0.0,0.0,0.0,0.0,0.0
0.0,0.0,0.0,0.0,0.0,0.0
0.0,0.0,0.0,0.0,0.0,0.0
0.0,0.0,0.0,0.0,0.0,0.0
0.0,0.0,0.0,0.0,0.0,0.0
0.0,0.0,0.0,0.0,0.0,0.0
0.0,0.0,0.0,0.0,0.0,0.0
0.0,0.0,0.0,0.0,0.0,0.0
0.0,0.0,0.0,0.0,0.0,0.0
0.0,0.0,0.0,0.0,0.0,0.0
0.0,0.0,0.0,0.0,0.0,0.0
0.0,0.0,0.0,0.0,0.0,0.0
0.0,0.0,0.0,0.0,0.0,0.0
0.0,0.006432446363760391,0.0,0.0,0.0,0.0
0.0,0.0459518602820026,0.0,0.0,0.0,0.0
0.6994141755057419,1.6994141755048986,0.6994141755056944,0.0,0.0,0.0
0.0,0.038964190889601014,0.0,0.0,0.0,0.0
0.0,0.005133110005772323,0.0,0.0,0.0,0.0
0.0,0.0,0.0,0.0,0.0,0.0
0.0,0.0,0.0,0.0,0.0,0.0
0.0,0.0,0.0,0.0,0.0,0.0
0.0,0.0,0.0,0.0,0.0,0.0
0.0,0.0,0.0,0.0,0.0,0.0
0.0,0.0,0.0,0.0,0.0,0.0
0.0,0.0015422861797560472,0.0,0.0,0.0,0.0
0.0,0.017844728114141617,0.0,0.0,0.0,0.0
0.0,0.0,0.0,0.0,0.0,0.0
0.0,0.0,0.0,0.0,0.0,0.0
0.0,0.0,0.0,0.0,0.0,0.0
0.0,0.0,0.0,0.0,0.0,0.0
0.0,0.0,0.0,0.0,0.0,0.0
0.0,0.0,0.0,0.0,0.0,0.0
0.0,0.0,0.0,0.0,0.0,0.0
0.0,0.0,0.0,0.0,0.0,0.0
0.0,0.0,0.0,0.0,0.0,0.0
0.0,0.0,0.0,0.0,0.0,0.0
0.0,0.0,0.0,0.0,0.0,0.0
0.0,0.0,0.0,0.0,0.0,0.0
0.0,0.0,0.0,0.0,0.0,0.0
0.0,0.03406767076103279,0.0,0.0,0.0,0.0
0.0,0.0,0.0,0.0,0.0,0.0
0.0,0.0,0.0,0.0,0.0,0.0
0.0,0.0,0.0,0.0,0.0,0.0
0.0,0.0,0.0,0.0,0.0,0.0
0.0,0.0,0.0,0.0,0.0,0.0
0.0,0.0,0.0,0.0,0.0,0.0
0.0,0.0,0.0,0.0,0.0,0.0
0.0,0.0,0.0,0.0,0.0,0.0
0.0,0.0,0.0,0.0,0.0,0.0
0.0,0.0,0.0,0.0,0.0,0.0
0.0,0.0,0.0,0.0,0.0,0.0
0.0,0.0,0.0,0.0,0.0,0.0
0.0,0.00989034738176997,0.0,0.0,0.008597279473913482,0.006893875160687082
0.0,0.0,0.0,0.0,0.0,0.0
0.0,0.0,0.0,0.0,0.0,0.0
0.0,0.03708037576780043,0.0,0.0,0.0049955402806793545,0.0013520258209097581
0.0,0.0,0.0,0.0,0.0,0.0
0.0,0.0,0.0,0.0,0.0,0.0
0.0,0.0,0.0,0.0,0.0,0.0
0.0,0.0,0.0,0.0,0.0,0.0
0.0,0.0,0.0,0.0,0.0,0.0
0.0,0.0013063322940070066,0.0,0.0,0.0,0.0
0.0,0.0,0.0,0.0,0.0,0.0
0.0,0.0,0.0,0.0,0.0,0.0
0.0,0.0,0.0,0.0,0.0,0.0
0.0,0.0,0.0,0.0,0.0,0.0
0.0,0.0015829898156880517,0.0,0.0,0.0,0.0
0.0,0.0,0.0,0.0,0.0,0.0
0.0,0.005054246713370958,0.0,0.0,0.0,0.0
0.0,0.0,0.0,0.0,0.0,0.0
0.0,0.013247761300590355,0.0,0.0,0.0,0.0
0.0,0.0038159658079166547,0.0,0.0,0.0,0.0
0.0,0.0,0.0,0.0,0.0,0.0
0.0,0.0,0.0,0.0,0.0,0.0
0.0,0.0,0.0,0.0,0.0,0.0
0.0,0.0,0.0,0.0,0.0,0.0
0.0,0.0,0.0,0.0,0.0,0.0
0.0,0.0,0.0,0.0,0.0,0.0
0.0,0.0,0.0,0.0,0.0,0.0
0.0,0.0,0.0,0.0,0.0,0.0
0.0,0.0,0.0,0.0,0.0,0.0
0.0,0.0059611745873553446,0.0,0.0,0.0,0.0
0.0,0.0,0.0,0.0,0.0,0.0
0.0,0.0,0.0,0.0,0.0,0.0
0.0,0.0,0.0,0.0,0.0,0.0
0.0,0.0,0.0,0.0,0.0,0.0
0.0,0.0,0.0,0.0,0.0,0.0
0.0,0.0,0.0,0.0,0.0,0.0
0.0,0.0,0.0,0.0,0.0,0.0
0.0,0.000838240489429154,0.0,0.0,0.0,0.0
0.0,0.00186855125684815,0.0,0.0,0.0,0.0
0.0,0.0,0.0,0.0,0.0,0.0
0.0,0.0,0.0,0.0,0.0,0.0
0.0,0.0,0.0,0.0,0.0,0.0
0.0,0.002538889250899956,0.0,0.0,0.0,0.0
0.0,0.0,0.0,0.0,0.0,0.0
0.0,0.0,0.0,0.0,0.0,0.0
0.0,0.0,0.0,0.0,0.0,0.0
0.0,0.0,0.0,0.0,0.0,0.0
0.0,0.0008973879594122991,0.0,0.0,0.0,0.0
0.0,0.0,0.0,0.0,0.0,0.0
0.0,0.0,0.0,0.0,0.0,0.0
0.0,0.0,0.0,0.0,0.0,0.0
0.0,0.0,0.0,0.0,0.0,0.0
0.0,0.0,0.0,0.0,0.0,0.0
0.0,0.0,0.0,0.0,0.0,0.0
0.0,0.0,0.0,0.0,0.0,0.0
0.0,0.0,0.0,0.0,0.0,0.0
0.0,0.0,0.0,0.0,0.0,0.0
0.0,0.0,0.0,0.0,0.0,0.0
0.0,0.0,0.0,0.0,0.0,0.0
0.0,0.0,0.0,0.0,0.0,0.0
0.0,0.0,0.0,0.0,0.0,0.0
0.0,0.0,0.0,0.0,0.0,0.0
0.0,0.0,0.0,0.0,0.0,0.0
0.0,0.0,0.0,0.0,0.0,0.0
0.0,0.0,0.0,0.0,0.0,0.0
0.0,0.0,0.0,0.0,0.0,0.0
0.0,0.0,0.0,0.0,0.0,0.0
0.0,0.0,0.0,0.0,0.0,0.0
0.0,0.0,0.0,0.0,0.0,0.0
0.0,0.0,0.0,0.0,0.0,0.0
0.0,0.0,0.0,0.0,0.0,0.0
0.0,0.0,0.0,0.0,0.0,0.0
0.0,0.0,0.0,0.0,0.0,0.0
0.0,0.0,0.0,0.0,0.0,0.0
0.0,0.0,0.0,0.0,0.0,0.0
0.0,0.0,0.0,0.0,0.0,0.0
0.0,0.0,0.0,0.0,0.0,0.0
0.0,0.0,0.0,0.0,0.0,0.0
0.0,0.0,0.0,0.0,0.0,0.0
0.0,0.0,0.0,0.0,0.0,0.0
0.0,0.0,0.0,0.0,0.0,0.0
0.0,0.0,0.0,0.0,0.0,0.0
0.0,0.0,0.0,0.0,0.0,0.0
0.0,0.0,0.0,0.0,0.0,0.0
0.0,0.0,0.0,0.0,0.0,0.0
0.0,0.0,0.0,0.0,0.0,0.0
0.0,0.0,0.0,0.0,0.0,0.0
0.0,0.0,0.0,0.0,0.0,0.0
0.0,0.0,0.0,0.0,0.0,0.0
0.0,0.0,0.0,0.0,0.0,0.0
0.0,0.0,0.0,0.0,0.0,0.0
0.0,0.0,0.0,0.0,0.0,0.0
0.0,0.0,0.0,0.0,0.0,0.0
0.0,0.0,0.0,0.0,0.0,0.0
0.0,0.0,0.0,0.0,0.0,0.0
0.0,0.0,0.0,0.0,0.0,0.0
0.0,0.0,0.0,0.0,0.0,0.0
0.0,0.0,0.0,0.0,0.0,0.0
0.0,0.0,0.0,0.0,0.0,0.0
0.0,0.0,0.0,0.0,0.0,0.0
0.0,0.0,0.0,0.0,0.0,0.0
0.0,0.0,0.0,0.0,0.0,0.0
0.0,0.0,0.0,0.0,0.0,0.0
0.0,0.0,0.0,0.0,0.0,0.0
0.0,0.0,0.0,0.0,0.0,0.0
0.0,0.0,0.0,0.0,0.0,0.0
0.0,0.0,0.0,0.0,0.0,0.0
0.0,0.0,0.0,0.0,0.0,0.0
0.0,0.0,0.0,0.0,0.0,0.0
0.0,0.0,0.0,0.0,0.0,0.0
0.0,0.0,0.0,0.0,0.0,0.0
0.0,0.0,0.0,0.0,0.0,0.0
0.0,0.0,0.0,0.0,0.0,0.0
0.0,0.0,0.0,0.0,0.0,0.0
0.0,0.0,0.0,0.0,0.0,0.0
0.0,0.0,0.0,0.0,0.0,0.0
0.0,0.0,0.0,0.0,0.0,0.0
0.0,0.0,0.0,0.0,0.0,0.0
0.0,0.0,0.0,0.0,0.0,0.0
0.0,0.0,0.0,0.0,0.0,0.0
0.0,0.0,0.0,0.0,0.0,0.0
0.0,0.0,0.0,0.0,0.0,0.0
0.0,0.0,0.0,0.0,0.0,0.0
0.0,0.0,0.0,0.0,0.0,0.0
0.0,0.0,0.0,0.0,0.0,0.0
0.0,0.0,0.0,0.0,0.0,0.0
0.0,0.0,0.0,0.0,0.0,0.0
0.0,0.0,0.0,0.0,0.0,0.0
0.0,0.0,0.0,0.0,0.0,0.0
0.0,0.0,0.0,0.0,0.0,0.0
0.0,0.0,0.0,0.0,0.0,0.0
0.0,0.0,0.0,0.0,0.0,0.0
0.0,0.0,0.0,0.0,0.0,0.0
0.0,0.0,0.0,0.0,0.0,0.0
0.0,0.0,0.0,0.0,0.0,0.0
0.0,0.0,0.0,0.0,0.0,0.0
0.0,0.0,0.0,0.0,0.0,0.0
0.0,0.0,0.0,0.0,0.0,0.0
0.0,0.0,0.0,0.0,0.0,0.0
0.0,0.0,0.0,0.0,0.0,0.0
0.0,0.0,0.0,0.0,0.0,0.0
0.0,0.0,0.0,0.0,0.0,0.0
0.0,0.0,0.0,0.0,0.0,0.0
0.0,0.0,0.0,0.0,0.0,0.0
0.0,0.0,0.0,0.0,0.0,0.0
0.0,0.0,0.0,0.0,0.0,0.0
0.0,0.0,0.0,0.0,0.0,0.0
0.0,0.0,0.0,0.0,0.0,0.0
0.0,0.0,0.0,0.0,0.0,0.0
0.0,0.0,0.0,0.0,0.0,0.0
0.0,0.0,0.0,0.0,0.0,0.0
0.0,0.0,0.0,0.0,0.0,0.0
0.0,0.0,0.0,0.0,0.0,0.0
0.0,0.0,0.0,0.0,0.0,0.0
0.0,0.0,0.0,0.0,0.0,0.0
0.0,0.0,0.0,0.0,0.0,0.0
0.0,0.0,0.0,0.0,0.0,0.0
0.0,0.0,0.0,0.0,0.0,0.0
0.0,0.0,0.0,0.0,0.0,0.0
0.0,0.0,0.0,0.0,0.0,0.0
0.0,0.0,0.0,0.0,0.0,0.0
0.0,0.0,0.0,0.0,0.0,0.0
0.0,0.0,0.0,0.0,0.0,0.0
0.0,0.0,0.0,0.0,0.0,0.0
0.0,0.0,0.0,0.0,0.0,0.0
0.0,0.0,0.0,0.0,0.0,0.0
0.0,0.0,0.0,0.0,0.0,0.0
0.0,0.0,0.0,0.0,0.0,0.0
0.0,0.0,0.0,0.0,0.0,0.0
0.0,0.0,0.0,0.0,0.0,0.0
0.0,0.0,0.0,0.0,0.0,0.0
0.0,0.0,0.0,0.0,0.0,0.0
0.0,0.0,0.0,0.0,0.0,0.0
0.0,0.0,0.0,0.0,0.0,0.0
0.0,0.0,0.0,0.0,0.0,0.0
0.0,0.0,0.0,0.0,0.0,0.0
0.0,0.0,0.0,0.0,0.0,0.0
0.0,0.0,0.0,0.0,0.0,0.0
0.0,0.0,0.0,0.0,0.0,0.0
0.0,0.0,0.0,0.0,0.0,0.0
0.0,0.0,0.0,0.0,0.0,0.0
0.0,0.0,0.0,0.0,0.0,0.0
0.0,0.0,0.0,0.0,0.0,0.0
0.0,0.0,0.0,0.0,0.0,0.0
0.0,0.0,0.0,0.0,0.0,0.0
0.0,0.0,0.0,0.0,0.0,0.0
0.0,0.0,0.0,0.0,0.0,0.0
0.0,0.0,0.0,0.0,0.0,0.0
0.0,0.0,0.0,0.0,0.0,0.0
0.0,0.0,0.0,0.0,0.0,0.0
0.0,0.0,0.0,0.0,0.0,0.0
0.0,0.0,0.0,0.0,0.0,0.0
0.0,0.0,0.0,0.0,0.0,0.0
0.0,0.0,0.0,0.0,0.0,0.0
0.0,0.0,0.0,0.0,0.0,0.0
0.0,0.0,0.0,0.0,0.0,0.0
0.0,0.0,0.0,0.0,0.0,0.0
0.0,0.0,0.0,0.0,0.0,0.0
0.0,0.0,0.0,0.0,0.0,0.0
0.0,0.0,0.0,0.0,0.0,0.0
0.0,0.0,0.0,0.0,0.0,0.0
0.0,0.0,0.0,0.0,0.0,0.0
0.0,0.0,0.0,0.0,0.0,0.0
0.0,0.0,0.0,0.0,0.0,0.0
0.0,0.0,0.0,0.0,0.0,0.0
0.0,0.0,0.0,0.0,0.0,0.0
0.0,0.0,0.0,0.0,0.0,0.0
0.0,0.0,0.0,0.0,0.0,0.0
0.0,0.0,0.0,0.0,0.0,0.0
0.0,0.0,0.0,0.0,0.0,0.0
0.0,0.0,0.0,0.0,0.0,0.0
0.0,0.0,0.0,0.0,0.0,0.0
0.0,0.0,0.0,0.0,0.0,0.0
0.0,0.0,0.0,0.0,0.0,0.0
0.0,0.0,0.0,0.0,0.0,0.0
0.0,0.0,0.0,0.0,0.0,0.0
0.0,0.0,0.0,0.0,0.0,0.0
0.0,0.0,0.0,0.0,0.0,0.0
0.0,0.0,0.0,0.0,0.0,0.0
0.0,0.0,0.0,0.0,0.0,0.0
0.0,0.0,0.0,0.0,0.0,0.0
0.0,0.0,0.0,0.0,0.0,0.0
0.0,0.0,0.0,0.0,0.0,0.0
0.0,0.0,0.0,0.0,0.0,0.0
0.0,0.0,0.0,0.0,0.0,0.0
0.0,0.0,0.0,0.0,0.0,0.0
0.0,0.0,0.0,0.0,0.0,0.0
0.0,0.0,0.0,0.0,0.0,0.0
0.0,0.0,0.0,0.0,0.0,0.0
0.0,0.0,0.0,0.0,0.0,0.0
0.0,0.0,0.0,0.0,0.0,0.0
0.0,0.0,0.0,0.0,0.0,0.0
0.0,0.0,0.0,0.0,0.0,0.0
0.0,0.0,0.0,0.0,0.0,0.0
0.0,0.0,0.0,0.0,0.0,0.0
0.0,0.0,0.0,0.0,0.0,0.0
0.0,0.0,0.0,0.0,0.0,0.0
0.0,0.0,0.0,0.0,0.0,0.0
0.0,0.0,0.0,0.0,0.0,0.0
0.0,0.0,0.0,0.0,0.0,0.0
0.0,0.0,0.0,0.0,0.0,0.0
0.0,0.0,0.0,0.0,0.0,0.0
0.0,0.0,0.0,0.0,0.0,0.0
0.0,0.0,0.0,0.0,0.0,0.0
0.0,0.0,0.0,0.0,0.0,0.0
0.0,0.0,0.0,0.0,0.0,0.0
0.0,0.0,0.0,0.0,0.0,0.0
0.0,0.0,0.0,0.0,0.0,0.0
0.0,0.0,0.0,0.0,0.0,0.0
0.0,0.0,0.0,0.0,0.0,0.0
0.0,0.0,0.0,0.0,0.0,0.0
0.0,0.0,0.0,0.0,0.0,0.0
0.0,0.0,0.0,0.0,0.0,0.0
0.0,0.0,0.0,0.0,0.0,0.0
0.0,0.0,0.0,0.0,0.0,0.0
0.0,0.0,0.0,0.0,0.0,0.0
0.0,0.0,0.0,0.0,0.0,0.0
0.0,0.0,0.0,0.0,0.0,0.0
0.0,0.0,0.0,0.0,0.0,0.0
0.0,0.0,0.0,0.0,0.0,0.0
0.0,0.0,0.0,0.0,0.0,0.0
0.0,0.0,0.0,0.0,0.0,0.0
0.0,0.0,0.0,0.0,0.0,0.0
0.0,0.0,0.0,0.0,0.0,0.0
0.0,0.0,0.0,0.0,0.0,0.0
0.0,0.0,0.0,0.0,0.0,0.0
0.0,0.0,0.0,0.0,0.0,0.0
0.0,0.0,0.0,0.0,0.0,0.0
0.0,0.0,0.0,0.0,0.0,0.0
0.0,0.0,0.0,0.0,0.0,0.0
0.0,0.0,0.0,0.0,0.0,0.0
0.0,0.0,0.0,0.0,0.0,0.0
0.0,0.0,0.0,0.0,0.0,0.0
0.0,0.0,0.0,0.0,0.0,0.0
0.0,0.0,0.0,0.0,0.0,0.0
0.0,0.0,0.0,0.0,0.0,0.0
0.0,0.0,0.0,0.0,0.0,0.0
0.0,0.0,0.0,0.0,0.0,0.0
0.0,0.0,0.0,0.0,0.0,0.0
0.0,0.0,0.0,0.0,0.0,0.0
0.0,0.0,0.0,0.0,0.0,0.0
0.0,0.0,0.0,0.0,0.0,0.0
0.0,0.0,0.0,0.0,0.0,0.0
0.0,0.0,0.0,0.0,0.0,0.0
0.0,0.0,0.0,0.0,0.0,0.0
0.0,0.0,0.0,0.0,0.0,0.0
0.0,0.0,0.0,0.0,0.0,0.0
0.0,0.0,0.0,0.0,0.0,0.0
0.0,0.0,0.0,0.0,0.0,0.0
0.0,0.0,0.0,0.0,0.0,0.0
0.0,0.0,0.0,0.0,0.0,0.0
0.0,0.0,0.0,0.0,0.0,0.0
0.0,0.0,0.0,0.0,0.0,0.0
0.0,0.0,0.0,0.0,0.0,0.0
0.0,0.0,0.0,0.0,0.0,0.0
0.0,0.0,0.0,0.0,0.0,0.0
0.0,0.0,0.0,0.0,0.0,0.0
0.0,0.0,0.0,0.0,0.0,0.0
0.0,0.0,0.0,0.0,0.0,0.0
0.0,0.0,0.0,0.0,0.0,0.0
0.0,0.0,0.0,0.0,0.0,0.0
0.0,0.0,0.0,0.0,0.0,0.0
0.0,0.0,0.0,0.0,0.0,0.0
0.0,0.0,0.0,0.0,0.0,0.0
0.0,0.0,0.0,0.0,0.0,0.0
0.0,0.0,0.0,0.0,0.0,0.0
0.0,0.0,0.0,0.0,0.0,0.0
0.0,0.0,0.0,0.0,0.0,0.0
0.0,0.0,0.0,0.0,0.0,0.0
0.0,0.0,0.0,0.0,0.0,0.0
0.0,0.0,0.0,0.0,0.0,0.0
0.0,0.0,0.0,0.0,0.0,0.0
0.0,0.0,0.0,0.0,0.0,0.0
0.0,0.0,0.0,0.0,0.0,0.0
0.0,0.0,0.0,0.0,0.0,0.0
0.0,0.0,0.0,0.0,0.0,0.0
0.0,0.0,0.0,0.0,0.0,0.0
0.0,0.0,0.0,0.0,0.0,0.0
0.0,0.0,0.0,0.0,0.0,0.0
0.0,0.0,0.0,0.0,0.0,0.0
0.0,0.0,0.0,0.0,0.0,0.0
0.0,0.0,0.0,0.0,0.0,0.0
0.0,0.0,0.0,0.0,0.0,0.0
0.0,0.0,0.0,0.0,0.0,0.0
0.0,0.0,0.0,0.0,0.0,0.0
0.0,0.0,0.0,0.0,0.0,0.0
0.0,0.0,0.0,0.0,0.0,0.0
0.0,0.0,0.0,0.0,0.0,0.0
0.0,0.0,0.0,0.0,0.0,0.0
0.0,0.030961594587097352,0.060956517719690004,0.03366754043403217,0.007960765546860744,0.006254083647974539
0.0,0.0105180737491537,0.06246379019370259,0.048445013630207846,0.02124392810000382,0.019586034053420746
0.0,0.024422453735496674,0.054337579654393786,0.029058756033652457,0.00691145428608259,0.0061283237353143265
0.0,0.08736526522625354,0.10674058982800491,0.030383407647335,2.2737367544323206e-13,-0.0
0.0,0.1910885725164917,0.32686708493696415,0.165975286141278,0.02254838815624939,3.410605131648481e-13
0.6994141755057419,0.6994141755048986,0.6994141755052397,0.246190050549825,3.410605131648481e-13,-0.0
0.6994141755057419,0.6994141755048986,0.7090301341471421,0.2676556894435862,0.0027705747546008584,-0.0
0.6994141755057419,0.7171190091221433,0.7642444401468214,0.3013451241079679,0.003988112488670001,-0.0
0.6994141755057419,0.7597324444604965,0.816699701431384,0.3224465149858524,0.0,-0.0
0.6994141755057419,0.8127634664624566,0.932838355487232,0.37562475512577526,0.0,-0.0
0.0,0.22847552521670877,0.276175958265128,0.10509169255661935,0.010608485478335393,-0.0
0.0,0.18776439483917784,0.2289238237696054,0.060168394285081944,0.00430253292761046,-0.0
0.0,0.026684845498493814,0.03643149419607923,0.008131242910863047,0.0,-0.0
0.0,0.08554933438335866,0.12801104693629817,0.05318358649255553,0.003673826439132037,-0.0
0.0,0.055963774688279955,0.06987729334065342,0.014129792733542588,1.1368683772161603e-13,-0.0
0.0,0.4870113358811068,0.4633228504235376,0.09595310236744319,0.008206001921168174,0.0035532214649451176
0.0,0.4337723509352145,0.675842437522113,0.4239152430333206,0.034387249531620985,0.0
0.0,0.29293862328358955,0.4706923851312581,0.15207914568030456,0.025464776176655688,0.0
0.0,0.9394916703786294,1.699414175505126,0.7548173164494034,0.14248439871268304,1.1368683772161603e-13
0.0,1.2611859005883161,1.708415243610034,1.060885618614245,0.2188647070386126,3.410605131648481e-13
0.0,1.6282380713810198,2.411521533792211,1.19206917678665,0.26180730151555115,0.01269887062094624
0.0,1.0,1.763587470180255,0.9211766493998691,0.19416229240107657,3.410605131648481e-13
0.0,0.8384424782325368,1.699414175505126,0.8501255666176566,0.16277124393442294,0.0
0.0,1.7107046846895173,2.4673924117987553,1.513376917821498,0.3110212944672533,0.0
0.0,3.9828592840813144,5.311522355613306,2.5216108050687263,0.4850071820971488,0.00909426505404574
0.0,2.5511691099818563,4.106191577322079,1.9416427611904616,0.3518095664762718,0.0013823446698033193
0.0,3.1630726082521505,6.1585038263017395,2.526723833910369,0.4475895640983057,0.0021697574418254074
4.78405306208744,2.538584969045587,2.2053747260736696,0.9524155042618735,0.1891599812538043,2.2737367544323206e-13
7.86549764049722,5.597768224034553,4.970696662535374,1.4152595254679108,0.2455672909186714,0.01350398905966502
6.92796215463529,4.476098393056418,3.973076430117544,1.2647560598361853,0.22616657257024692,0.0019457549399888308
2.83657735452957,2.099805898291379,1.8968834583805574,0.7791306350204439,0.14166533113495222,0.0
0.0,0.06761977952464804,0.06416408808304888,0.006763060839392518,0.0006977050912939582,-0.0
0.0,0.08144792605617113,0.1032473914697514,0.03201993439062688,0.0027327254968974764,-0.0
0.0,0.10966385482970509,0.22736690661815454,0.07147187344396527,0.00876728801218982,1.1368683772161603e-13
0.0,0.6772259572553594,1.066688057554394,0.46449049152727184,0.04101108972395632,1.1368683772161603e-13
3.44796152289313,3.010104691980814,2.9857416709347717,1.2064117693576373,0.21066689550042703,0.0026551332976939537
6.726688990299801,6.383567051116188,6.135093875235725,2.3338107387837947,0.427735295861716,0.02023122526427024
6.777383689651121,6.352835598982892,6.17112264453533,2.4022774084696583,0.42844383170349787,0.014661469806885957
0.0,3.029740360368123,3.5689808556385603,1.3857234342555467,0.2534398066496211,0.015194573158565487
19.676318945063798,18.239582430309383,16.91074194588873,6.85210166774408,1.9795911998444558,1.149514700450939
16.423704096013797,15.455217212370371,14.388540122139943,5.583196475004937,0.8467034958306149,0.13712603562265263
12.019482413851401,9.099652766126383,8.205471642519342,2.7467274911026633,0.4588025285104303,0.005708698461866217
0.0,0.0873806177150982,0.08944212760310628,0.025087270170276586,0.0009517750580357455,-0.0
0.0,0.19992309549979836,0.24453559510432035,0.08135722273627118,0.00886637131361769,1.1368683772161603e-13
0.0,0.5388286546885865,0.7248107008891793,0.2673194367105462,0.01914794375156667,1.1368683772161603e-13
0.0,0.13173330544304918,0.11033828696333005,0.01768441209878988,0.0012506034648018848,-0.0
0.0,0.09452476340356952,0.10711465619766798,0.023722728867416172,0.0014226212698206088,-0.0
0.7761248201664129,1.1459759910858338,1.6994141755059218,0.5007666319297073,0.026125860111918087,0.0
3.80074041121282,3.8848494958274387,3.028994099560691,1.3275265607830242,0.24413471785373242,0.007284598417922734
2.31719839002883,2.3427617212209952,2.332564157379493,0.8752518359110829,0.157138160267487,0.008874625533644973
1.3218962858439998,1.6994141755048986,1.699414175505467,0.564909516924176,0.08647025137537111,0.0038419328790611756
0.0,0.030106607041489042,0.020807419997704836,0.0034033167883818554,0.000693755816398417,-0.0
0.0,0.02047983421380195,0.029057734872348546,0.007222028226507436,0.0,0.0
2.04565719031161,2.3534122266564736,2.367288563651755,0.8985593417329191,0.152030862294585,0.0014762781111008854
2.6423692119693603,2.762501591942055,2.7018853619262018,0.9955723418841731,0.1802720402248494,0.002564116948320816
0.6994141755057419,1.6994141755048986,0.6994141755057228,0.012359026175704772,0.0,0.0
0.6994141755057419,0.6994141755048986,1.6994141755052397,0.04545614931809287,0.006567434232582504,-0.0
1.37033159526777,1.6994141755048986,1.699414175505808,0.6075077950576708,0.10432787524057163,1.1368683772161603e-13
0.726178031023389,0.9534874374448918,1.0214932968464243,0.3882073706886331,0.025606691335346553,0.0
0.851618481629471,1.2367790012922342,1.3384063904444834,0.4734068249704819,0.025809205378313896,1.1368683772161603e-13
0.6994141755057419,0.9332306138949207,1.044669617520029,0.37978407862709673,0.012943567133620139,3.410605131648481e-13
0.0,0.11915341239273403,0.06947601003449413,0.005298637741704806,0.0,0.0
0.0,0.2903559812157255,0.1707338482947634,0.032682018997464465,0.00772622294788697,0.0027537599243506183
2.09327725395615,2.1689477585769055,2.0294933113012803,0.7398841996256644,0.13508668391101042,0.0014166177024970835
3.7720405111937705,3.4306637405934453,2.950625491562164,1.0714177658904076,0.21012746081041783,0.005445318225598617
3.44819489752944,3.263402904364739,2.867492620040025,1.0139782702525557,0.18585072927959517,0.004411949459004916
2.93537922466496,3.024560325337916,2.8069194471891024,0.9434463684098351,0.15408562608860477,0.00246130979773602
0.6994141755057419,0.8284875787012425,0.8455853149241529,0.2732241202942237,0.012497127949208717,1.1368683772161603e-13
0.0,0.02563270685459429,0.016698930564985268,0.0034369549639121553,0.0,0.0
0.0,0.011607259422817151,0.006713555848210328,3.410605131648481e-13,0.0,0.0
0.0,0.015024638518298161,0.009518007876442003,0.0008218827104271715,0.0,0.0
0.6994141755057419,0.9201889615760592,0.896958394537345,0.2783317145619999,0.017988210879456946,3.410605131648481e-13
2.49263138426229,2.612613744234295,2.42151153795461,0.8233983011147075,0.122728317985297,0.0023060184856227295
6.508163033881379,5.290968008491291,4.457142828652852,1.263877594059792,0.24327815867577618,0.01609104521516236
3.10581026288441,2.597673016931367,2.094048164806598,0.8055020143156616,0.14963546967351998,0.010089604756855313
4.78902552188097,4.295425382705616,3.609220014902306,1.3287816719130374,0.26297767438715824,0.013887118473362551
7.85457977861212,6.368616621712135,5.371060304170442,1.583680542674513,0.3264075871554782,0.025831745586893957
0.0,0.21144953920702392,0.121982528504485,0.0021905151858959623,0.0,0.0
0.0,0.11712253277164564,0.06201494559454523,0.0010187119670553857,0.0,0.0
0.0,0.09495187027187058,0.051791098542541054,0.0007523954647123965,0.0,0.0
0.0,0.043197842815970944,0.021899927721359132,0.0,0.0,0.0
0.0,0.05092195538782107,0.03635511075716303,0.005846402712070526,0.0008319804098890854,-0.0
0.0,0.011635243173259369,0.008493340473673483,0.0,0.0,0.0
0.0,0.016019052795854805,0.01200235791296517,0.0020825828445922606,0.0,0.0
1.8611836233310801,1.7559889615076827,1.699414175505808,0.5256959178994407,0.03168469426821287,0.002293098398414296
5.16952210179526,4.681021984454674,3.9330617087403805,1.3868594305020565,0.24535985920669579,0.022178069853558347
10.7097037795431,8.485041326574901,7.110549962222277,3.0400092227305966,0.5369350160895918,0.07769176993205955
9.887192333736571,7.5390838940138565,6.300468916902099,2.79134032195664,0.4656302234663259,0.07081330111686726
7.74685516760563,6.105679349440834,5.168906713297076,1.506537558477756,0.33095494909179357,0.06234408159098365
6.665075255493529,5.468925979624146,4.653992636954158,1.3064976800188788,0.2811354185807033,0.054216198548411434
1.716819298682,1.6994141755048986,1.6994141755059218,0.455706760464378,0.04518613188897275,0.004915710809239413
6.623321098995089,5.105945304273519,4.225716385244365,1.2730892359396435,0.28515670432947915,0.04270236279216925
0.0,0.046350406630153884,0.031602941411736786,0.006636694079971025,0.0015691782419530037,-0.0
0.0,0.0884117957093622,0.06383286640200551,0.01300862373777421,0.0015435079605321106,-0.0
0.0,0.5238980716721926,0.4338569869588582,0.06748157732350636,0.004002211712785164,-0.0
10.2922355183781,8.889314730021397,7.651435620611661,2.173291249346562,0.34723377529981725,0.049624170020770964
14.9028483528751,12.518729568360868,10.75523755830507,5.206267031927496,2.1156421710024924,1.4968615519156887
13.5624404235785,10.701372730337425,9.037092829372982,4.806491232895871,2.2309394481152376,1.6338162064056279
37.1913110387938,30.73357426000439,27.571083294146817,13.946060784766036,6.742175661430023,5.205465827957548
0.6994141755057419,1.6994141755048986,0.6994141755053818,0.0029554257183371955,0.0,0.0
0.0,0.18906572009564115,0.10496778252842519,0.0031620342081649724,0.0,0.0
0.6994141755057419,0.6994141755048986,1.6994141755061491,0.0006948875315237468,0.0,0.0
45.6478041574068,42.19701084227836,41.332729074991256,22.467331982603127,8.112576096627974,5.730436743852949
19.9784814614531,17.27335987146853,16.384246604677358,6.418890611056179,2.3829820442775964,1.7475136666742277
3.20486255613627,2.9321823871841843,2.2587111963918916,0.8637948211113553,0.16542935442483897,0.02947834372102979
0.0,0.08707325720388326,0.05571280514043656,0.009340604779120631,0.0021374129641243897,-0.0
0.6994141755057419,0.6994141755048986,0.6994141755058081,0.037222936046734316,0.0039509196309493325,-0.0
15.500781290559999,11.753038546808057,10.050819583866316,4.77642632812791,1.9942134319516052,1.532336649357576
7.518249451872591,5.552288476123067,4.594713869069722,1.4260893590739043,0.4058016454084858,0.09732818798301446
0.0,0.1464374230372414,0.08790578340210113,0.011044525200136181,0.0,0.0
0.6994141755057419,0.6994141755048986,0.6994141755056944,0.0036811350181968766,0.0,0.0
0.6994141755057419,0.7581617190471661,0.6994141755053533,0.222297569284379,0.021019285486236487,-0.0
0.707199793064802,0.8934900548183577,0.7528867993679165,0.24897561385661096,0.021387081845037757,-0.0
0.6994141755057419,1.6994141755048986,0.6994141755059502,0.04721800559427997,0.005404102744594346,-0.0
0.6994141755057419,0.6994141755048986,1.6994141755057228,0.02764456698789606,0.0,0.0
0.6994141755057419,1.6994141755048986,0.6994141755052681,0.016762416137640998,0.0008452065137412084,-0.0
0.6994141755057419,0.6994141755048986,0.6994141755056944,0.033950367359352966,0.004918574738177394,-0.0
0.0,0.24421945012363722,0.1492312112789777,0.01909921592923357,0.001112176007191403,-0.0
0.6994141755057419,0.6994141755048986,0.6994141755057086,0.0070189236051865665,0.0,0.0
16.3063360700985,12.12945322696578,10.296910676340778,5.924860179725945,3.023250024865532,2.3503018975557715
161.261778063823,148.1172701309415,140.2589704276253,70.42132311083901,25.204106297740886,17.289536403070308
8.66725777112916,6.439148699583711,5.439431037638606,1.8381262756609726,0.4882032867568272,0.1143052685460576
2.87466298561693,2.259681739896223,1.9491516310818506,0.46902150256984304,0.02209883095094024,0.008681128986112296
63.1570420591384,61.36344031086992,62.61823542574271,27.28877536482264,7.8055304645433505,5.495116867354783
37.912668562108706,28.924415020739616,25.757726028116195,12.522575400078201,5.723479812606483,4.673954494823776
17.5911112275626,12.682861180483997,10.825239094451714,5.433407887757306,2.508386841078503,1.9829023259230782
10.0769192405018,8.29090547301439,7.092977621128966,3.0445631720631243,0.4115353700743909,0.045096260387289006
2.49654579593317,2.271762587599369,1.9432712823417109,0.6495377661904349,0.12063884756677554,0.005377973005743386
0.0,0.4209211559191317,0.3928274321100389,0.08175628007674211,0.01391425309424573,0.0
0.0,0.3147226169703572,0.2980831837353435,0.05820361333624081,0.010230140946375619,3.410605131648481e-13
847.277784021054,1000.0,1000.0,630.4708748416981,150.97132113779563,44.211172179033525
0.0,0.10528018286277074,0.05673837811758408,0.008234822645710642,0.0021447849426712655,-0.0
0.6994141755057419,0.6994141755048986,1.6994141755059218,0.047394832773674185,0.009806480321536845,0.0027363178432830205
2.84020253229516,1.6994141755048986,1.699414175505126,0.7238477559107599,0.3800563320318254,0.170443377380045
59.5857435281506,43.886388235866434,39.61814707289487,21.06200096768856,10.897856946640566,9.58029486263863
9.61789199189021,6.05647873664293,5.217160316859122,1.777505849587274,0.5075744841806806,0.1423789923344218
20.2187779289283,13.532558475893893,11.741836975269724,6.271825867131213,2.883247759806474,2.2710411967018667
33.8808013631173,23.72045827722104,20.993288584594126,11.216239435491104,5.5725218267015695,4.702133032410738
0.0,0.11415811897950334,0.07219205925612011,0.011798871247500816,0.0,0.0
0.6994141755057419,0.6994141755048986,0.6994141755053533,0.1585189158842308,0.0027451572302400586,-0.0
0.6994141755057419,1.6994141755048986,0.6994141755059502,0.031030075194528398,0.0,-0.0
0.0,1.0,1.8207930664292462,0.7711110769191224,0.12450554858513324,0.00714392960265681
3.82747838654315,3.7308450984000956,3.443323725708193,1.200449069287913,0.2084511587588338,0.009824606124384927
0.0,1.0,1.8258164094904137,0.7671069692977994,0.13667568734535962,0.0038940759744807794
0.0,0.9618709409851363,1.699414175505808,0.7000048932255822,0.10986178943170444,0.0028620160251542
0.6994141755057419,1.6994141755048986,0.6994141755056091,0.006601372830295124,0.0013241916052995429,0.0
0.0,0.17696638241068285,0.4521167215828825,0.34299761900857106,0.23982672051229884,0.1656385690041937
0.0,42.522403709699574,86.88037239790629,140.572007212784,105.06520857489673,73.52518838628869
1000.0,1000.0,1000.0,1000.0,1000.0,1000.0
168.582201788711,144.84138825555874,133.7356871842967,60.37865183218318,24.33256640902726,19.176174616403614
698.886101390282,800.2074125000427,864.004443620322,361.9449876613278,69.10719047020548,29.11773993399985
0.0,6.319856326493209,9.72337925383395,6.143623246608968,3.205667026910666,2.654813324819266
0.0,2.9477581338842356,4.717112849826124,3.516608416768804,2.0515583048431103,1.666865883978697
13.3543720720339,13.039709053072329,12.255083459284606,3.4052674866629813,0.5281224753003642,0.05784686475885819
6.071143463773089,6.2656406523638,5.969604266920328,1.9865247891165012,0.3434418124950014,0.022210343166871552
0.0,3.795232627105179,6.030190850735024,5.3902716217835405,4.287676470050463,4.128166513857715
