"V1","V2","V3","V4","V5","V6","V7"
0,0,0,0,0,0,0
0,2.41517046701797e-06,6.27692689660622e-05,3.75147980740822e-05,3.47647742617318e-06,3.58246382938928e-06,0
0,0,0,8.49372196554546e-07,0,0,0
0,2.86468070150818e-06,6.20126920170072e-05,3.54730309878553e-05,2.80555337517779e-06,2.8762400983258e-06,0
0,0,0,0,0,0,0
0,0,0,1.29136253324886e-06,0,0,0
0,0,0,0,0,0,0
0,0,0,0,0,0,0
0,0,0,0,0,0,0
0,0,0,0,0,0,0
0,0,0,0,0,0,0
0,0,0,0,0,0,0
0,0,0,0,0,0,0
0,0,0,0,0,0,0
0,0,0,0,0,0,0
0,0,0,0,0,0,0
0,0,0,0,0,0,0
0,0,0,0,0,0,0
0,0,0,0,0,0,0
0,0,0,0,0,0,0
0,0,0,0,0,0,0
0,0,0,0,0,0,0
0,0,0,0,0,0,0
0,0,0,0,0,0,0
0,0,0,0,0,0,0
0,0,0,0,0,0,0
0,0,0,0,0,0,0
0,0,0,0,0,0,0
0,0,0,0,0,0,0
0,0,0,0,0,0,0
0,0,0,0,0,0,0
0,0,0,0,0,0,0
0,0,0,0,0,0,0
0,0,0,0,0,0,0
0,0,0,0,0,0,0
0,0,0,0,0,0,0
0,0,0,0,0,0,0
0,0,0,0,0,0,0
0,0,0,0,0,0,0
0,0,0,0,0,0,0
0,0,0,0,0,0,0
0,0,0,0,0,0,0
0,0,0,0,0,0,0
0,0,0,0,0,0,0
0,0,0,0,0,0,0
0,0,0,0,0,0,0
0,0,0,0,0,0,0
0,0,0,0,0,0,0
0,0,0,0,0,0,0
0,2.15921588474649e-05,0.000127716750470772,6.89233857810271e-05,9.27552430651104e-06,9.50097703880806e-06,0
0,2.41874698444044e-05,0.000189420467694201,0.000109856632886053,2.09386839349054e-05,2.12773208337819e-05,0
0,0.000403522171592006,0.000938454235839269,8.8646287910666e-05,2.35078948124845e-05,9.82579604048365e-05,1.62625159694233e-05
0,9.55810839485184e-05,0.000266795702993194,0.000130585081720073,2.47228020531786e-05,2.51107531414372e-05,0
0,0.00035406839996563,0.000805908230004134,8.3380900554154e-05,2.37446920234662e-05,8.90452378660602e-05,1.78988703602471e-05
0,7.9906296504525e-05,0.000210396466763514,0.000106408386718544,1.61996977258158e-05,1.64872260407468e-05,0
0,0.000228025444006761,0.000452767170559384,6.29401449155644e-05,0.000169498582395004,6.60226139645247e-05,1.6479949427291e-05
0,0,0,0,0,0,0
0,0,0,0,0,0,0
0,0,0,0,0,0,0
0,0,0,0,0,0,0
0,0,0,0,0,0,0
0,0,0,0,0,0,0
0,0,0,0,0,0,0
0,0.000164426531098073,0.000393667083280358,0.00029553545866407,2.76895384362823e-05,5.97389661597897e-05,1.57337922412392e-05
0,0.000405223619131359,0.000932639393200723,0.000107914598434306,0.000150448325161116,0.000129008320432671,0.000117616920300647
0,0.000299768593160161,0.000786683680547331,7.63360737419466e-05,0.00014896894736255,5.53001301483733e-05,1.52715112267548e-05
0,0.000393214465153443,0.000931145170438793,9.2973824484497e-05,2.31652288186935e-05,8.48323731527372e-05,1.71022261056196e-05
0,0.00254157187682107,0.000358167138289687,0.000248183983351384,0.000239619451664508,0.000204272592170847,0.000185413746525716
0,0.00264561358786765,0.00037400536353882,0.000210995591716003,0.000173547522939203,0.000146068268566052,0.000132133599142655
0,0.00212803726448488,0.000310471309534154,0.00269960861458016,0.00277208933629502,0.000291895947912085,0.000173014207020525
0,0.00212179016369609,0.000317492367996774,0.000184883661805515,0.000156602075838329,0.000132172947093486,0.000116083115484559
0,0.000487977559136216,0.000109657443161022,0.000188407347810992,0.000198757733767762,0.000169456603713903,0.000152227320904284
0,0.000434883101551698,0.000994492878596318,0.000112018670574021,0.00013654687853026,0.000116686039880545,5.88148505080806e-06
0,0.000384231856350397,0.000805367274412271,0.000110802645619224,0.000174779109744438,0.000150973611195446,0.000137466996703266
0,0.000503027090778272,0.000108220575998423,0.000186374688465917,0.000197416298032556,0.000168313871426331,0.000151587302197525
0,0,0,0,0,0,0
0,0,0,0,0,0,0
0,0,0,0,0,0,0
0,0,0,0,0,0,0
0,0,0,0,0,0,0
0,0,0,0,0,0,0
0,0,0,0,0,0,0
0,0,0,0,0,0,0
0,0,0,0,0,0,0
0,0,0,0,0,0,0
0,0,7.72739665959357e-06,4.00852066629774e-06,0,0,0
0,3.36503508141276e-06,6.7731552903188e-05,3.56958235011394e-05,3.11244968711964e-06,3.20552463792369e-06,0
0,0,5.05451373109519e-06,3.16504586720278e-06,0,0,0
0,0,0,0,0.00365081756563529,0.00507738577245279,0.00700355913405002
0,0,0,0,0.00366148319367936,0.0051130167066162,0.00704898708094151
0,0,0,0,0,0,0
0,0,0,0,0,0,0
0,0,0,0.00795963608974515,0.0507454127234889,0.103034358531962,0.170578874459079
0,0,0,0.0191320137455733,0.0823631205531768,0.153231794619049,0.242299155344231
0,0.000439765651500329,0.000982722059723111,6.2027553946009e-05,2.31258532052764e-05,2.15565389138684e-05,0
0,5.04097905056393e-05,0.000299222514643925,0.000109363142211015,1.98305670855502e-05,2.01606862610865e-05,0
0,7.15538064984937e-05,0.000222189201219858,7.29716801212479e-05,7.9972350856079e-06,8.16530595366941e-06,0
0,3.85498784557094e-05,0.000237585736655483,9.70458965166768e-05,1.60040920300719e-05,1.62869917295723e-05,0
0,0,0,0,0,0,0
0,0,0,0,0,0,0
0,0,0,0,0,0,0
0,0,0,0,0,0,0
0,0,0,0,0,0,0
0,0,0,0,0,0,0
0,0,0,0,0,0,0
0,0,0,0,0,0,0
0,0,0,0,0,0,0
0,0,0,0,0,0,0
0,0,0,0,0,0,0
0,0,0,0,0,0,0
0,0,0,0.0025883778662983,0.0308746625623478,0.0421775977656478,0.0567329232707467
0,2.11034291918329e-05,0.000171739387318464,9.30517051404173e-05,1.44125083069047e-05,1.46635653347047e-05,0
0,0,0,0,0,0,0
0,0,0,0,0,0,0
0,0,0,0,0,0,0
0,0,0,0,0,0,0
0,0,0,0,0,0,0
0,0,0,0,0,0,0
0,0,0,0,0,0,0
0,0,0,0,0,0,0
0,0,0,0,0,0,0
0,0,0,0,0,0,0
0,0,0,0,0,0,0
0,0,0,0,0.00274363870912766,0.00643753082620933,0.0116794253554693
0,0,0,0,0.00183205506224775,0.00254332378850857,0.0034918986941509
0,0,0,0.0335371162044336,0.125617405198935,0.217104470458614,0.328331913159239
0,0,0,0,0,0,0
0,0,0,0,0,0,0
0,0,0,0,0,0,0
0,0,0,0,0,0,0
0,0,0,0,1.20979500827104e-05,0.000144306645240322,0.000197136005148731
0,0,0,0,0,8.56299259643398e-06,1.18874499026319e-05
0,0,0,0,0,0,0
0,0,0,0,0,0,0
0,0,0,0,0,0,0
0,0,6.81789843351703e-06,1.47782238557238e-06,0,0,0
0,3.17899527521322e-06,4.2827101233608e-05,1.71752787127737e-05,0,0,0
0,0,2.19797496473261e-05,9.11733271838999e-06,0,0,0
0,5.710136841019e-06,9.60898541464924e-05,4.79389067446414e-05,4.03048449324423e-06,4.12575750579934e-06,0
0,0.000124142739785187,0.000123294599465315,0,0,0,0
0,2.84070825368807e-06,3.08093941399696e-06,0,0,0,0
0,0.000258757571251619,0.000251173583625767,5.86656865044319e-05,1.00017064831269e-05,7.46906964775182e-07,0
0,0.000205456894964757,0.00020108998726752,5.74935596207642e-05,9.03804248528653e-06,7.33728885546443e-07,0
0,0.000128803149620471,0.000127310701534663,2.08303708496101e-05,0,0,0
0,8.71581228722161e-05,8.70597791949718e-05,0,0,0,0
0,0.00016695016044385,0.000148178799135046,2.75200989066319e-05,0,0,0
0,0.00041577126743731,0.000363796128187379,0.000113411713590193,2.59737465695792e-05,1.01616518851513e-05,0
0,0.000303729398442354,0.000315467404497402,9.2531338342247e-05,1.06512119029123e-05,7.9588415266047e-07,0
0,0.000260682371325766,0.00025133631824059,6.85503769943433e-05,9.08112232577986e-06,7.36960939051035e-07,0
0,0.000171409129266635,0.000168168735597674,2.84258622353806e-05,0,0,0
0,0.000137484744169293,0.000136067921266865,2.12243874570564e-05,0,0,0
0,0.000262498581595936,0.000251783499819868,5.78100110123356e-05,9.02009197719024e-06,7.32544762176243e-07,0
0,0.000176139276679008,0.000171933614276029,2.90764633693452e-05,0,0,0
0,0.000141141781935457,0.000139062610972236,2.63017871033496e-05,0,0,0
0,0.000120143560361054,0.00011924358631043,0,0,0,0
0,0.000144260276857567,0.000142218763490724,2.6755010867686e-05,0,0,0
0,0.000122147793755796,0.000121297669504903,0,0,0,0
0,0,0,0,0,0,0
0,0,0,0,0,0,0
0,0,0,0,0,0,0
0,0,0,0,0,0,0
0,0,0,0,0,0,0
0,0,0,0,0,0,0
0,0,0,0,0,0,0
0,0,0,0,0,0,0
0,0,0,0,0,0,0
0,0,0,0,0,1.27573064740884e-05,2.9933078802659e-06
0,0,0,0,1.20979500827104e-05,0.00015706395171441,0.000200129313028997
0,0,0,0,0,0,0
0,0,0,0,0,0,0
0,0,0,0,0,0,0
0,0,0,0,0,0,0
0,0,0,0,0,0,0
0,4.07732747597682e-06,7.74828616187572e-05,3.52676697998953e-05,0,0,0
0,1.22682922604845e-05,0.000119321824833187,5.69916778151176e-05,2.9948632131288e-06,3.06815791957215e-06,0
0,0,0,0,0,0,0
0,0,0,0,0,0,0
0,0,0,0,0,0,0
0,0,0,0,0,0,0
0,1.21171307790663e-05,8.9076812344089e-05,3.37460379838745e-05,0,0,0
0,3.32322034530492e-05,9.00247427973293e-05,2.76792836076496e-05,0,0,0
0,1.05822337311986e-05,0.000155030778357339,6.35182161360764e-05,3.51094804555031e-06,3.59526440702657e-06,0
0,2.36055463201125e-05,0.000117351213939152,4.22442226571352e-05,0,0,0
0,8.84426101767188e-06,0.00011915627356446,4.4882745647424e-05,0,0,0
0,0,0,0,0,0,0
0,0,0,0,0,0,0
0,0,0,0,0,0,0
0,0,0,0,0,0,0
0,0,0,0,0,0,0
0,0,0,0,0,0,0
0,0,0,0,0,0,0
0,0,0,0,0,0,0
0,0,0,0,0,0,0
0,0,0,0,0,0,0
0,0,0,0,0,0,0
0,0,0,0,0,0,0
0,0,0,0,0,0,0
0,0,0,0,0,0,0
0,0,0,0,0,0,0
0,2.66818619698734e-06,7.96655975747334e-05,3.71814667947262e-05,0,0,0
0,0,0,0,0,0,0
0,0,0,0,0,0,0
0,0,0,0,0,0,0
0,0,0,0,0,0,0
0,0,0,0,0,0,0
0,0,0,0,0,0,0
0,0,0,0,0,0,0
0,0,0,0,0,0,0
0,2.95148229462191e-05,5.01322157320251e-05,1.08561854526463e-05,0,0,0
0,5.87160827704417e-05,6.83406970696287e-05,8.40473848435871e-06,0,0,0
0,1.75704396040698e-05,4.06197738536498e-05,8.03240071394183e-06,0,0,0
0,0,0,0,0,0,0
0,0,0,0,0,0,0
0,0,0,0,0,0,0
0,0,0,0,0,0,0
0,0,0,0,0,0,0
0,0,0,0,0,0,0
0,0,0,0,0,0,0
0,0,0,0,0,0,0
0,0,0,0,0,0,0
0,0,0,0,0,0,0
0,0,0,0,0,0,0
0,2.92496133593223e-05,8.29645964541938e-05,2.18402099644104e-05,0,0,0
0,7.48730172465548e-07,7.57159983276391e-07,0,0,0,0
0,0,0,0,0,0,0
0,0,0,0,0,0,0
0,7.78187449856408e-07,7.86160991682554e-07,0,0,0,0
0,2.99548532038342e-06,3.22748749654005e-06,0,0,0,0
0,7.44994029137695e-05,7.47709006568359e-05,0,0,0,0
0,2.71875460953322e-05,2.72320950976141e-05,0,0,0,0
0,6.62215614851692e-06,7.25804743547866e-06,0,0,0,0
0,0.000211011910201694,0.000205844386161546,6.95641671142979e-05,9.31027977238263e-06,7.5577914022131e-07,0
0,0.000170896185319599,0.000168496345646919,2.90072669960471e-05,0,0,0
0,7.45743231214101e-05,7.49731563848629e-05,0,0,0,0
0,0.000177290121579848,0.000182568441911688,3.02000640636238e-05,8.58933338000609e-06,0,0
0,3.9455420113366e-05,4.02500295028413e-05,0,0,0,0
0,0.000412369295391248,0.000359956391378544,0.000114185649161808,3.2121026805557e-05,1.02751190647741e-05,8.231842131252e-06
0,0,0,0,0,0,0
0,0,0,0,0,0,0
0,0,0,0,0,0,0
0,0,0,0,0,0,0
0,0,0,0,0,0,0
0,8.21285610115447e-07,9.75970563880372e-06,4.45873789901389e-06,0,0,0
0,2.23544392339113e-06,2.33307208988913e-05,8.70329078871231e-06,0,0,0
0,2.08790630054191e-06,2.28276289543799e-05,8.51089154192583e-06,0,0,0
0,0,0,0,0,0,0
0,0,0,0,0,0,0
0,0,0,0,0,0,0
0,0,0,0,0,0,0
0,0,0,0,0,0,0
0,0,0,0,0,0,0
0,0,0,0,0,0,0
0,0,0,0,0,0,0
0,0,0,0,0,0,0
0,0,0,0,0,0,0
0,1.71380636840561e-06,0,0,0,0,0
0,3.68765530058123e-06,2.47833786284885e-05,7.58794659040748e-06,0,0,0
0,1.5713192037866e-06,0,0,0,0,0
0,0,0,0,0,0,0
0,0,0,0,0,0,0
0,0,0,0,0,0,0
0,0,0,0,0,0,0
0,0,0,0,0,0,0
0,0,0,0,0,0,0
0,0,0,0,0,0,0
0,9.15045357597783e-06,6.98743202778216e-06,0,0,0,0
0,3.13150699189715e-05,2.32938838138943e-05,9.18613468247838e-07,0,0,0
0,0,0,0,0,0,0
0,0,0,0,0,0,0
0,0,0,0,0,0,0
0,0,0,0,0,0,0
0,0,0,0,0,0,0
0,0,0,0,0,0,0
0,0,0,0,0,0,0
0,0,0,0,0,0,0
0,0,0,0,0,0,0
0,0,0,0,0,0,0
0,0,0,0,0,0,0
0,0,0,0,0,0,0
0,0,0,0,0,0,0
0,0,0,0,0,0,0
0,0,0,0,0,0,0
0,0,0,0,0,0,0
0,0,0,0,0,0,0
0,0,0,0,0,0,0
0,0,0,0,0,0,0
0,0,0,0,0,0,0
0,0,0,0,0,0,0
0,0,0,0,0,0,0
0,0,0,0,0,0,0
0,0,0,0,0,0,0
0,0,0,0,0,0,0
0,0,0,0,0,0,0
0,0,0,0,0,0,0
0,7.40994328892615e-07,7.36925547025347e-07,0,0,0,0
0,0,0,0,0,0,0
0,0,0,0,0,0,0
0,0,0,0,0,0,0
0,0,0,0,0,0,0
0,0,0,0,0,0,0
0,0,0,0,0,0,0
0,0,0,0,0,0,0
0,0,0,0,0,0,0
0,2.01962094319112e-06,0,0,0,0,0
0,5.50522073244589e-06,7.82162840991971e-07,0,0,0,0
0,3.66419823263833e-06,7.79131597309711e-07,0,0,0,0
0,0,0,0,0,0,0
0,0,0,0,0,0,0
0,4.33851911563728e-06,2.7090825022619e-06,0,0,0,0
0,1.3384002567985e-05,7.16279830874528e-06,0,0,0,0
0,0,0,0,0,0,0
0,1.36698828406095e-06,0,0,0,0,0
0,0,0,0,0,0,0
0,0,0,0,0,0,0
0,0,0,0,0,0,0
0,0,0,0,0,0,0
0,0,0,0,0,0,0
0,0,0,0,0,0,0
0,3.17940607236471e-06,1.67846722423238e-06,0,0,0,0
0,0,0,0,0,0,0
0,0,0,0,0,0,0
0,0,0,0,0,0,0
0,0,0,0,0,0,0
0,0,0,0,0,0,0
0,0,0,0,0,0,0
0,4.08494579723642e-06,1.85255035752046e-06,0,0,0,0
0,7.24867322819679e-06,5.01077360315678e-06,0,0,0,0
0,0,0,0,0,0,0
0,0,0,0,0,0,0
0,0,0,0,0,0,0
0,0,0,0,0,0,0
0,0,0,0,0,0,0
0,0,0,0,0,0,0
0,0,0,0,0,0,0
0,0,0,0,0,0,0
0,0,0,0,0,0,0
0,0,0,0,0,0,0
0,1.39315679550121e-05,9.74298239735973e-06,0,0,0,0
0,1.78360589293431e-05,1.18755655462149e-05,0,0,0,0
0,9.17718501382556e-05,8.63189560467094e-05,1.79598983086543e-06,0,0,0
0,9.74672784208912e-07,9.85341285801382e-07,0,0,0,0
0,6.57794597521101e-06,5.32203821010611e-06,0,0,0,0
0,0,0,0,0,0,0
0,0,0,0,0,0,0
0,0,0,0,0,0,0
0,0,0,0,0,0,0
0,5.42370768940394e-05,5.0122449427599e-05,0,0,0,0
0,0,0,0,0,0,0
0,0,0,0,0,0,0
0,0,0,0,0,0,0
0,0,0,0,0,0,0
0,0,0,0,0,0,0
0,0,0,0,0,0,0
0,0,0,0,0,0,0
0,0,0,0,0,0,0
0,0.00012741597699628,0.000115182120168248,1.94161233332341e-06,0,0,0
0,0.000155949837442987,0.000145743362498077,2.22408553280362e-05,0,0,0
0,0.000197111136387763,0.000182134244009236,3.18075947402671e-05,0,0,0
0,0.000236251184477613,0.000221436952189352,3.37833415836098e-05,8.73081193718025e-06,7.12299290985641e-07,0
0,0.000155386246702342,0.000147075449862539,2.78542614888531e-05,0,0,0
0,0,0,0,0,0,0
0,0,0,0,0,0,0
0,2.25964889549728e-06,0,0,0,0,0
0,0,0,0,0,0,0
0,2.2343475500864e-06,0,0,0,0,0
0,0,0,0,0,0,0
0,0,0,0,0,0,0
0,0,0,0,0,0,0
0,0,0,0,0,0,0
0,0,0,0,0,0,0
0,0,0,0,0,0,0
0,0,0,0,0,0,0
0,0,0,0,0,0,0
0,0,0,0,0,0,0
0,0,0,0,0,0,0
0,0,0,0,0,0,0
0,0,0,0,0,0,0
0,0,0,0,0,0,0
0,0,0,0,0,0,0
0,0,0,0,0,0,0
0,0,0,0,0,0,0
0,0,0,0,0,0,0
0,0,0,0,0,0,0
0,0,0,0,0,0,0
0,3.18879702752307e-06,0,0,0,0,0
0,0,0,0,0,0,0
0,8.47976911051339e-07,0,0,0,0,0
0,1.40003298605735e-05,9.72765020294569e-06,0,0,0,0
0,1.52148598345257e-05,9.83106585383515e-06,0,0,0,0
0,0,0,0,0,0,0
0,0,0,0,0,0,0
0,0,0,0,0,0,0
0,8.85250727895793e-06,4.56023408517581e-06,0,0,0,0
0,1.84618520265233e-05,1.47475261396375e-05,0,0,0,0
0,4.38620602052861e-05,3.52607221672336e-05,0,0,0,0
0,4.6600937929177e-05,3.33994253218504e-05,1.17016581643444e-06,0,0,0
0,7.14237252853228e-05,5.94034270760878e-05,0,0,0,0
0,1.80977504912645e-06,1.82291944254542e-06,0,0,0,0
0,2.15208396662597e-06,0,0,0,0,0
0,2.73406384068536e-06,0,0,0,0,0
0,0,0,0,0,0,0
0,0,0,0,0,0,0
0,0,0,0,0,0,0
0,0,0,0,0,0,0
0,0,0,0,0,0,0
0,1.16857151049328e-06,0,0,0,0,0
0,0,0,0,0,0,0
0,2.24963084118239e-07,0,0,0,0,0
0,2.76601318973284e-06,0,0,0,1.94374714223219e-06,0
0,0,0,0,0,0,0
0,0,0,0,0,0,0
0,0,0,0,0,0,0
0,9.59642528061129e-06,0,0,0,0,3.10274298943432e-06
0,0,0,0,0,0,0
0,0,0,0,0,0,0
0,0,0,0,0,0,0
0,0,0,0,0,0,0
0,0,0,0,0,0,0
0,3.97000030556419e-06,0,0,0,0,0
0,5.04575642618249e-06,0,0,0,0,0
0,6.21643642312542e-05,4.4945229881411e-05,1.52552425898816e-06,0,0,0
0,4.83147373794514e-05,2.95952556222484e-05,2.26848347752422e-06,0,0,0
0,2.36993700322868e-05,1.80062937846873e-05,9.79677040600484e-07,0,0,0
0,0,0,0,0,0,0
0,0,0,0,0,0,0
0,0,0,0,0,0,0
0,0,0,0,0,0,0
0,0,0,0,0,0,0
0,5.41317875319177e-06,0,0,0,0,0
0,0,0,0,0,0,0
0,0,0,0,0,0,0
0,9.39134958429291e-07,0,0,0,0,0
0,2.4580209408566e-06,0,0,0,0,0
0,9.29621615667881e-06,4.16375439114597e-06,0,0,0,0
0,0,0,0,0,0,0
0,0,0,0,0,0,0
0.000699414175505742,0.000699414175505742,9.67926971961e-05,8.11938019845805e-07,0,0,0
0,2.53366012039386e-05,1.37967191011092e-05,0,0,0,0
0,1.41948493591707e-05,5.59128999021833e-06,0,0,0,0
0,1.99446209046604e-05,1.27238729822938e-05,0,0,0,0
0,3.71021718602056e-05,2.67855472226288e-05,0,0,0,0
0,7.6627450527458e-05,4.35240027816818e-05,0,0,0,0
0,3.95424556533678e-05,1.56000183120514e-05,0,0,0,0
0,5.13498960676629e-05,3.06655772832998e-05,0,0,0,0
0,3.1889626250252e-05,2.12769776168233e-05,0,0,0,0
0,0,0,0,0,0,0
0,0,0,0,0,0,0
0,8.93276971572541e-07,0,0,0,2.49552762459704e-06,3.32031652302502e-06
0,0,0,0,0,0,0
0,0,0,0,0,0,0
0,0,0,0,0,0,0
0,0,0,0,0,0,0
0,2.83322736548892e-05,2.28173656092243e-05,0,0,0,0
0,2.8648935533794e-05,0,0,3.78602233650146e-05,0.00103274990859785,0.000190505820687245
0.000699414175505742,0.000347770659608997,0,0,1.23236617373869e-05,2.70944800301248e-05,1.52367579406917e-05
0,2.45521284310818e-05,0,0,0,0,0
0,3.86324736108119e-06,0,0,0,0,0
0,1.28829702557554e-06,0,0,0,1.05291656309994e-06,3.13849154557745e-06
0,0,0,0,0,0,0
0,0,0,0,0,0,0
0,0,0,0,0,0,0
0,0,0,0,0,0,0
0.000699414175505742,0.000491155943728356,0,0,0.000809958259089365,0.0002595149445138,0.000260744046534425
0,4.71105589917699e-05,2.81709202930205e-05,1.62842714888922e-06,0,0,0
0,0,0,0,0,0,0
0,0,0,0,0,0,0
0,0,0,0,0,0,0
0,0,0,0,0,0,0
0,1.01857563135976e-05,0,0,0,0,0
0,1.07949202969088e-05,0,0,0,0,0
0,1.05538773754648e-05,2.28400125036439e-06,0,0,0,0
0,1.81629541925241e-05,1.12976957981076e-05,0,0,0,0
0,3.90789773345529e-05,2.85644668499792e-05,0,0,0,0
0,7.3144788072678e-06,0,0,0,0,0
0,7.83262466613291e-07,0,0,0,0,0
0,2.28204647933134e-06,0,0,0,0,0
0,4.38973165977741e-06,0,0,0,0,0
0,6.93469642808364e-06,0,0,0,0,0
0,1.37523904856503e-05,0,0,0,0,0
0,0,0,0,0,0,0
0,2.52920183631128e-05,0,0,0,0,0
0,0,0,0,0,0,0
0,0,0,0,0,0,0
0,5.95809830168469e-05,3.28509561651159e-05,0.0815058385367382,0.243902657795925,0.224425269115198,0.291383231912511
0,0,0,0,0,0,0
0,1.20411933291854e-06,0,0,0,0,0
0,1.15267586224938e-06,0,0,0.000809958636589273,0.00247590937792819,0.000487727427179182
0,3.19155452446027e-06,0,0,0,0,0
0,2.14690181379942e-05,0,0,0,0,0
0,2.21800133935572e-05,0,0,0,0,0
0,1.56958660885676e-05,8.84039926864454e-07,0,0,0,0
0,3.23976532993119e-05,1.37846931679263e-05,1.57198648310776e-06,0,0,0
0,4.42710139946562e-05,1.78593109865024e-05,3.24619065076555e-06,0,0,0
0,5.51261902661036e-05,2.89341586266601e-05,3.45843978483199e-06,0,0,0
0,2.16309202640277e-05,8.72741170257706e-06,0,0,0,0
0,6.82565238942219e-06,1.08231811289834e-06,0.134102141232441,0.391863234316566,0.508158070255118,0.653413033276534
0,0,0,0,0,0,0
0,0,0,0,0,0,0
0,1.27961170111447e-05,3.40379206068143e-06,0,0,0,0
0,4.30424510470062e-05,4.27414849471309e-06,0,0,0,0
0,0,0,0,0,0,0
0,0,0,0,0,0,0
0,0,0,0,0,0,0
0,0,0,0,0,0,0
0,0,0,0,0,0,0
0,0,0,0,0,0,0
0,0,0,0,0,0,0
0,0,0,0,0,0,0
0,0,0,0,0,0,0
0,0,0,0,0,0,0
0,0,0,0,0,0,0
0,0,0,0,0,0,0
0,0,0,0,0,0,0
0,0,0,0,0,0,0
0,0,0,0,0,0,0
0,0,0,0,0,0,0
0,0,0,0,0,0,0
0,0,0,0,0,0,0
0,1.02619711182164e-05,0,0,0,0,1.81070824435051e-06
0,0.000131924811528353,6.94855027697758e-05,0,0,0,0
0,9.32983480800879e-05,2.99480333368457e-05,0,0,0,0
0,0,0,0,0,0,0
0,0,0,0,0,0,0
0,4.12754110963779e-05,0,0.00939509753580459,0.0309583806067912,0.00979832674826378,0.0281172063261165
0,0,0,0,0,0,0
0,0,0,0,0,0,0
0.000699414175505742,0.000283654814502924,5.06201363148615e-06,0,0,0,0
0,0,0,0,0,0,0
0,5.06418393169761e-05,0,0,0,0,0
0,6.4294102426676e-06,0,0,0.000361245093603993,0.00153706117333621,0.00214881238009243
0,4.23310988635936e-06,9.4129529622651e-07,0.0777509289632649,0.245942934777349,0.320196931303799,0.413229745658084
0,0.000194351422205827,0.000184923762704527,0.239854124869875,0.562238086664588,0.834208270381475,1
0,8.73633905566568e-06,0,0,0.000361244550510833,0.000147901583151669,0.000162307998459378
0,2.13973406553081e-05,5.95439302477511e-06,0,0,0,0
0,3.78450458094874e-05,1.2753724787024e-05,1.66258400621586e-06,0,0,0
0,8.3466499454054e-06,0,0,0,0,0
0,1.84625296978799e-05,0,0,0,0,0
0,1.4516570769621e-05,1.80314313965501e-06,0,0,0,0
0,2.04725689132698e-05,8.60664594397887e-07,0,0,0,0
0,0,0,0,0,0,0
0,1.46330637821383e-06,0,0,0,0,0
0,3.6632166638569e-06,0,0,0,0,0
0.000699414175505742,2.84347580918199e-05,0,0,0,0,0
0.000699414175505742,3.01816101576705e-05,0,0,0,0,0
0,5.04649242434653e-05,1.85240603398594e-05,0,0,0,0
0,5.82649946684742e-05,7.33188975207376e-06,0,0,0,0
0,5.90052831918157e-05,1.96003322713058e-05,4.20580453392325e-06,0,0,0
0.000699414175505742,0.000247497756794369,0,0,0,0,0
0,0,0,0,0,0,0
0,0,0,0,0,0,0
0,2.48340104801944e-05,0,0,0,0,2.24636472888672e-06
0,2.44199782144573e-05,7.00592042581685e-06,0,0,0,0
0,1.58015900960641e-05,1.07864248918029e-06,0,0,0,0
0,1.76880510181071e-05,3.60751979025574e-06,0,0,0,0
0,2.31580205580658e-05,0,0,0,0,0
0,0,0,0,0,0,0
0,1.26378536486905e-06,0,0,0,0,0
0,0,0,0.0129430170200772,0.0484422217478062,0.0579254353537316,0.0584101782843231
0,2.77492674906249e-06,0,0.0120456325006288,0.00903682135110401,0.00691164921480662,0.00573239426181265
0,3.35332132595742e-06,0,0,0,0,0
0,6.96089146946161e-06,0,0,0,0,0
0,1.44284672572668e-05,0,0,0,0,0
0,2.49481577764614e-05,0,0,0,0,0
0,5.12877306880806e-05,0,0,0,0,0
0,0,0,0,0,0,0
0,0,0,0,0.000215131141236679,6.12962562005038e-05,5.64524509029098e-05
0,0,0,0,0,0,0
0,0,0,0,0,0,0
0,0,0,0,0,0,0
0,0,0,0,0,0,0
0,0,0,0,0,0,0
0,1.86104341015568e-05,7.16517826994101e-06,2.69463812510833e-05,6.57058200677169e-06,2.61048246518647e-05,9.01817135094539e-06
0.000699414175505742,0.000284019096483942,0,1.52326880700176e-05,2.53336943367529e-06,1.31478254692017e-06,1.13651910804966e-06
0.000699414175505742,0.000325868177842058,7.01315310716625e-07,4.27388996535462e-06,0,0,0
0,2.39937363203911e-05,0,0,0,0,0
0,4.3905918378958e-05,1.54473782397733e-05,1.22412644586435e-06,0,0,0
0,7.28806225041493e-05,2.37673466881493e-05,2.99580912557734e-06,0,0,0
0,3.52629390939711e-05,1.60240611777758e-05,0,0,0,0
0,5.77123704863431e-06,9.69347425262174e-07,0,0,0,0
0,0,0,0,0,0,0
0,0,0,0,0,0,0
0,0,0,0,0,0,0
0,0,0,0,0,0,0
0,2.32937747738137e-05,7.83037338005945e-06,0,0,0,0
0,0,0,0,0,0,0
0,0,0,0,0,0,0
0,0,0,0,0,0,0
0,1.38410978341871e-05,0,0,0,0,0
0,1.23029601143415e-05,0,0,0,0,0
0,1.08568515846863e-05,1.43835859082346e-06,0,0,0,0
0,2.74008839610516e-06,0,0,0,0,0
0,2.66958757844913e-06,0,0,0,0,0
0,4.52388936277318e-06,0,0,0,0,0
0,8.86446216417756e-06,0,0,0,0,0
0,1.39237906749904e-05,3.64427156527836e-06,0,0,0,0
0,2.58359306591286e-05,8.87355937445091e-06,0,0,0,0
0,4.86488042410753e-05,1.86758242637117e-05,7.85912819527527e-07,0,0,0
0,0,0,0,0,0,0
0,9.79052863716821e-07,0,0,0,0,0
0,0,0,0,0,0,0
0,0,0,0,0,0,0
0,0,0,0,0,0,0
0,0,0,0,0,0,0
0,0,0,0,0,0,0
0,0,0,0,0,0,0
0,0,0,0,0,0,0
0,0,0,0,0,0,0
0.000833573814154598,5.40425184461973e-05,0.000353293763831832,4.48090721495476e-05,0.000120713318592549,5.57775510020943e-05,2.89327937947234e-05
0.0021764256315839,0.000328198844943246,0.000196800479478178,0.000109047721292901,9.66406214183259e-05,8.68565025976936e-05,7.02991166561609e-05
0,0.0437768956935984,0.077839158399397,0.0743069633859292,0.0366611546375361,0.0194991726780016,0.012005033442984
0.245061977123525,0.232244755809928,0.221612691251604,0.320195103541444,0.321041988586201,0.28354676480703,0.236722055824449
0.0471310921363687,0.00834125539715844,0.00472651885888635,0.0232490034646767,0.00247721024586765,0.00156351515711605,0.00150457816103392
1,1,1,1,1,1,1
0.0616738987230634,0.0119539648406557,0.00698330789135911,0.00334910859209549,0.00191092209999208,0.00170876394275693,0.00167138168450803
0,0.000132090545926496,0.000334452400213474,0.000290480151052586,0.000117325849541705,5.57303854114189e-05,2.89104219821492e-05
0,0.000437936789302305,9.13080748181597e-05,2.01292292550469e-05,3.25479185216993e-05,1.22035085353043e-05,0
0,0.00336070698959242,0.000830033171568982,0.000178882326855548,0.000105770209803655,8.98831889408085e-05,7.09652574979354e-05
0,0.0273784947739715,0.0274607307725197,0.00299032166461225,0.00118081870007123,0.00101255413743281,0.000990528143608363
0.0476935264137897,0.0454403698412753,0.042166719765941,0.0234249855793109,0.00225170712895936,0.00144401169792343,0.00138933477077305
0.096436780451231,0.108414184853885,0.108857393865145,0.0406060503863571,0.0113463268316214,0.00706468621259552,0.00638033428913521
0.0170405855929445,0.00559433907834098,0.00257699023375826,0.000717242994296875,7.07479599008036e-05,1.35266392613179e-05,7.07712183106494e-05
0.0271715215361316,0.0314825034655393,0.032299897908265,0.0116551363232973,0.00328080761837639,0.00194557201963805,0.000250931533518724
0.0219516024342426,0.0102304011044084,0.00535692991492369,0.00129711086968022,0.000241597133094774,0.000139810403495676,0.000132159550004325
0,7.02859685277065e-07,0,0,0,0,0
0,0.0199946696133156,0.0198820151764366,0.0101649203774071,0.000916769381425753,0.00039815851488879,0.000371853560537872
0,0.000230979835675236,0.00346168480862176,0.00144955601689492,0.000788014227784762,0.000713817653978509,0.000700263656022516
0.000699414175505742,0.000358477895668359,0.000120253747835425,6.12137749278159e-05,1.05469816749943e-05,5.1487624476938e-06,3.58387725379754e-06
0,0.000126114086344837,5.80948908456063e-05,9.63165525571803e-06,0,0,0
0,0.000108650010039664,6.22668701906908e-05,0,0,0,0
0.000699414175505742,3.68870597778088e-05,3.73441512945185e-05,1.35722299077522e-06,0,0,0
0.000699414175505742,3.57801001576479e-05,3.22667964332619e-05,2.96802566454223e-06,0,0,0
0.000699414175505742,0.000699414175505742,2.62436355563973e-05,3.7035821957162e-06,0,0,0
0.000699414175505742,3.38559251656692e-05,2.84565812424334e-05,7.30555823773274e-06,0,0,0
0.00793783118618404,0.00991862203433485,0.010108668425323,0.00330239434191946,0.000699414175505742,0.000699414175505742,4.98151917119229e-05
0.0200362433773695,0.0229025686148791,0.0134517082789342,0.0030372495228838,0.000253796757624966,2.41723222719595e-05,3.58172957617294e-05
0,0.00330593403708097,0.00570590567354507,0.00252321693386371,0.000699414175505742,0.000699414175505742,6.2013413326408e-05
0,0.00330201996438554,0.00658264301292787,0.00357625905419471,0.000699414175505742,0.000699414175505742,7.14241161426088e-05
0.125230146177102,0.133936718922111,0.128807162461921,0.0492858048012178,0.0166615662148919,0.0119628184290733,0.0112345576974315
0.0152529183551343,0.00512500500605563,0.00219238278835242,0.000437366142308568,4.22173183435298e-05,6.92385660120299e-06,3.29980930871832e-05
0.00725417907138986,0.00322379863939512,0.00160621257865436,0.000275395878651027,3.05472310279169e-05,4.72014270307604e-06,1.68302283522036e-05
0.0155271666461321,0.00632126820262023,0.00297945409070249,0.000720952149095282,6.03686394354779e-05,7.08425530028073e-06,3.35844612100959e-05
0.00660396169604985,0.00807577784947139,0.00482379696702122,0.00102252901828945,8.16564720126371e-05,7.88732500662358e-06,1.17325575267681e-05
0.0202060994165204,0.0195544137886627,0.0187309769954684,0.00850579449144951,0.000710527353952668,0.000343197401618152,0.0003276750965774
0.0122738302351145,0.00705492750388279,0.0109885772922752,0.00354859204403306,0.00026722802142726,2.1528340305097e-05,1.81548451760725e-05
0.0139401924666313,0.0158062106773276,0.015944743307607,0.00479906178993407,0.000736706807166767,5.85867229566015e-05,2.21559797110434e-05
0.0278911991117469,0.0274359417489239,0.0241763769004868,0.0136464320922077,0.00908772879601441,0.00817282289855435,0.00797953030667872
0,8.96129426900019e-07,4.67129517938608e-06,7.71393163213378e-06,3.19210357115753e-06,2.28994651854693e-05,0
0.00222280778511138,0.00311859084757487,0.00300040861604729,0.00103669869640483,7.53626269405322e-05,1.64342284216766e-06,0
0.00325364068125597,0.00440047497637806,0.0047459150439768,0.00170066772024125,0.0001361219117301,6.7231971573998e-06,0
0.000699414175505742,0.000268258520264566,0.000118834448610852,2.11554953110618e-05,1.13958495564239e-05,0,0
0.00143742950698512,0.000719338999766447,0.000330349171504865,7.19019428148214e-05,9.26852976480678e-06,3.09741557074076e-06,0
0.000699414175505742,0.000830503849634369,0.000298901681345178,3.91515647526562e-05,4.61255957418738e-06,0,0
0.000699414175505742,0.000699414175505742,2.66650332990693e-05,1.43430697997911e-06,0,0,0
0,0.00545598924562401,0.00675065351728495,0.00083789360012376,0.000235582559854116,0.000188787168636877,0.000181471191887463
0,0.0139493404853046,0.00303712254625756,0.00117457859442457,0.00658749872941262,0.00618090003948763,0.006101279786469
0.0155362251610002,0.00413594533950423,0.00197636483398332,0.000716821615273396,0.000225768954837241,0.000168078710187361,0.000158680819514845
0,7.62922126651469e-07,0,0,0,0,0
0,1.17529166765478e-06,0,0,0,0,0
0,4.54740074648247e-06,0,0,0,0,0
0,6.15371165305954e-06,0,0,0,0,0
0,2.69071096271844e-06,0,0,0,0,0
0.0157334231097642,0.0157388421251395,0.0131514875132995,0.00697191411978915,0.000469590492885046,0.000280118463815283,0.000267753960231528
0,0.00910381748690526,0.00831268303124447,0.000910539114323578,5.49106540205256e-05,5.52944135837095e-05,4.19584326477397e-05
0.00179079643462123,0.000811189957186186,0.00104017029151096,0.000699414175505742,2.14388814677158e-05,2.54811845765589e-05,5.37939734108319e-06
0.0050082216147941,0.000525548114469092,0.00350882231704041,0.000985420516412425,4.1607107191988e-05,8.83288174288894e-05,6.02093803629001e-05
0,0.00316369491454554,0.000720771126750998,0.000230474703258232,0.00179335560158939,0.000200902259570656,0.000125539289913625
0,0,0,0,0,0,0
0,0,0,0,0,0,0
0,0,0,0,0,0,0
0,0,0,0,0,0,0
0,0,0,0,0,0,0
0,0,0,0,0,0,0
0,0,0,0,0,0,0
0,0,0,0,0,0,0
0.0171484482291186,0.0186697449631865,0.0163475041194184,0.00442556267213547,0.000699414175505742,4.69896745506389e-05,2.75835946453676e-05
0,2.43793964876855e-05,8.87742266173633e-06,0,0,0,0
0,0,0,0,0,0,0
0,0,0,0,0,0,0
0,0,0,0,0,0,0
0,0,0,0,0,0,0
0,0,0,0,0,0,0
0.0113511884722256,0.0129964407747441,0.011980539412776,0.00333938760497904,0.000699414175505742,4.35903748255225e-05,2.08043882488332e-05
0,0.522846408154764,0.72547969254624,0.963143949990881,1,1,1
0,0.0105718063583514,0.0222126283688161,0.0313558183967363,0.0227495107605092,0.00714122218920411,0.00330305825955061
0.0177247846950361,0.00642662904486147,0.0031333773317274,0.000916494598641027,0.00229143897779485,0.00187618028192894,0.000219747870717406
0,4.34017549700191e-05,1.59062687308675e-05,0,0,0,0
0.000699414175505742,0.000180779620221533,0.000137412824558544,4.10349968122494e-05,7.16134948816921e-06,0,0
0,5.0577729081356e-05,1.10309823586947e-05,0,0,0,0
0.0108343939854525,0.00205416944996083,0.00103224884163657,0.000448905862499281,0.0032640382879166,0.00303126414780105,0.000346611534758201
0,0.000270105761052437,0.000180783671318992,7.33533849411293e-05,1.50411806599802e-05,3.35123202246029e-06,0
0.0151962882798826,0.00246497939310067,0.0120808027153629,0.00139305418848499,0.000412565475155401,0.000335532403695635,0.00032671560721542
0.0147510096802766,0.00713157589145022,0.00386210407282139,0.000949700685149591,8.39388665185119e-05,1.01063048115524e-05,2.58480918366231e-05
0.00429106069986583,0.00225141804037078,0.00123968337108846,0.000214202898348746,2.18340999026325e-05,2.90697032983934e-06,0
0,8.17503350975989e-05,2.55348916379081e-05,1.053444069984e-06,0,0,0
0.000699414175505742,4.64797509098837e-05,2.95489888255451e-05,1.40934243616029e-06,0,0,0
0,0.000162096102390357,8.1778018322425e-05,1.94112897841855e-05,4.81245428653435e-06,0,0
0.0190640256164891,0.00869640765068787,0.0042852917115977,0.00100627796866089,8.71478509790646e-05,1.17419734291083e-05,4.04023664131397e-05
0.0164698778287114,0.0155846266452322,0.0137923656986661,0.0078386940306685,0.00072140976652389,0.000325594433360637,0.000306282686046215
0.0127126114216183,0.0123969359300903,0.0106003864718026,0.00583153378140165,0.00359362958885659,0.00296399280247295,0.000275058695305561
0,7.99546264179205e-06,1.52544191478253e-06,0,0,0,0
0,1.03094426279264e-05,2.61348125029662e-06,0,0,0,0
0,0,0,0,0,0,0
0,0,0,0,0,0,0
0,6.3013972554048e-06,0,0,0,0,0
0,1.52216974800892e-05,2.35863168601694e-06,0,0,0,0
0.000699414175505742,0.000699414175505742,2.44277104692538e-05,5.21590070657588e-06,1.0294098616527e-06,0,0
0,1.64994780973318e-06,0,0,0,0,0
0.00838859411205447,0.00231924402172492,0.000948642009428085,0.000247919514487887,3.65361194009998e-05,7.65031944494739e-05,5.68235742066967e-05
0.00223212102676102,0.00170259266683627,0.00122873073783384,0.000699414175505742,2.64292056505193e-05,3.03691698574301e-05,2.40368768880801e-05
0,0,0,0,0,0,0
0,0,0,0,0,0,0
0,0,0,0,0,0,0
0,0,0,0,0,0,0
0.00462858726346323,0.00398844515806706,0.0032973644806891,0.000952443150534079,0.000699414175505742,2.27870890248754e-05,4.71843845106118e-05
0.00113715678111104,0.000802980902064687,0.000699414175505742,4.12824849837737e-05,3.42843151455534e-05,1.30834781255316e-05,8.5756747094685e-06
0.000699414175505742,0.000699414175505742,2.51874408952467e-05,2.82610490743842e-06,8.38581025568242e-07,0,0
0,0.000136803132317804,5.94500284361564e-05,1.62185317812402e-05,4.18460412291525e-06,0,0
0.00987547345595971,0.00171913434707,0.000861159527744983,0.000326273375331286,0.0001797144327511,0.000144432908635451,0.000136978774866897
0.00724640209705201,0.00706234460597424,0.00531180303797994,0.000435469872933804,3.48142409835526e-05,5.914486002765e-05,4.49241857956988e-05
0,0.00372208725680266,0.00337232133131404,0.000301965644713053,2.37820063025021e-05,3.65305225787538e-05,2.78426626169232e-05
0,5.7322980672419e-05,1.71322929718667e-05,0,0,0,0
0,7.68756785728175e-05,2.10218892565776e-05,0,0,0,0
0.00567955128038182,0.00515968328122529,0.00427201578159764,0.00117809923620996,0.000699414175505742,2.15463322941837e-05,4.22562437084422e-05
0.0135788395348188,0.00661041461259615,0.0034438337340047,0.000525893248690734,0.000226162101392904,1.78514327852203e-05,2.66096189758333e-05
0.00594380578997063,0.00269039765289188,0.00142204764604325,0.000253715058451672,3.10648172649047e-05,3.36336580961786e-05,1.22879555914512e-05
0.00262831300139304,0.00115671811184368,0.000436813345092792,7.53180795596037e-05,7.04392964498993e-06,3.90055609249517e-06,0
0,0,0,0,0,0,0
0,0,0,0,0,0,0
0,9.02499686764923e-07,0,0,0,0,0
0,2.23483196175413e-06,0,0,0,0,0
0,0.00644547386849743,0.00537239751223456,0.00266201027560056,0.0012371157277864,0.0010015731432353,0.00090510314579639
0,3.82761115826471e-06,1.07553958569221e-06,0,0,0,0
0,8.73760293376691e-06,2.03251493091666e-06,0,0,0,0
0,3.25543538033332e-06,0,0,0,0,0
0,3.2016706662292e-06,0,0,0,0,0
0.000699414175505742,0.000200148550446885,7.10520465640613e-05,1.49579265899302e-05,1.08231041230157e-05,0,0
0,2.3826498601436e-05,8.07520855500111e-06,0,0,0,0
0.0072429566022635,0.00687795088502596,0.00573831671566659,0.00312316655445302,0.000699414175505742,2.47268621409415e-05,5.69095019288521e-05
0.00651561023864931,0.00653018762736865,0.00524229819597631,0.0028512987985245,0.000699414175505742,2.5887698504149e-05,6.66493609219534e-05
0,4.9320975477411e-05,0.000105053523483155,4.62452479173921e-05,4.30135945521819e-05,4.14332589133816e-05,2.06216529672802e-05
0,3.70913037967723e-06,9.58381568278501e-05,3.48702012787114e-05,6.47017978055281e-06,2.98997496273978e-06,1.68353367619563e-06
0,1.62047512040477e-05,2.24650933312293e-05,7.51133103075449e-06,0,0,0
0,1.34653045096972e-06,7.45956837732957e-07,0,0,0,0
0.000699414175505742,2.9206028011368e-05,2.79932805995563e-05,0,0,0,0
0.000699414175505742,0.000248364752963883,9.68441796176721e-05,1.53349687892256e-05,2.89245413341914e-06,0,0
0.000699414175505742,0.000168750688320377,8.80038389341324e-05,5.82186598943146e-06,0,0,0
0,3.8820077119487e-05,1.31544791521558e-05,0,0,0,0
0.0107736615115881,0.00271012415650342,0.00120964687681967,0.000417659580582646,0.000239237853640399,0.000199664438903739,0.000192944126249446
0,0.000100238179100235,3.70054262599022e-05,1.07445016752718e-05,1.72608924257916e-06,0,0
0,0,0,0,0,0,0
0,0,0,0,0,0,0
0,0,0,0,0,0,0
0,2.16473387960042e-05,5.52837763769911e-06,0,0,0,0
0,8.61837601210928e-06,1.73587608901292e-06,0,0,0,0
0.0184179426387366,0.0193644285894468,0.0176450114145375,0.00620295865455365,0.000830031458967015,5.77455353603254e-05,2.83743867803351e-05
0.00507500451804971,0.00167405216165362,0.000511743550244217,9.78116374968477e-05,0.000123961550662622,1.00631964385475e-05,2.73319752415863e-05
0,0.00216547893807433,0.000788528569859027,0.000111892127724889,1.3236882285036e-05,2.49579879536198e-05,1.79485322591887e-05
0,0.000261692210403307,0.000229164054525203,0.000165373666306387,8.64443815881173e-05,2.85552575492257e-05,1.99214862687685e-05
0,5.67223136334249e-06,2.64441921570544e-06,0,0,0,0
0,0.00218290469439525,0.00110951569526291,0.000172711940774661,1.73464425962871e-05,2.15139925480053e-05,1.26406443586109e-05
0,0,0,0,0,0,0
0,0,0,0,0,0,0
0,0,0,0,0,0,0
0,8.20652724580066e-07,0,0,0,0,0
0,0.000365359683026241,0.000150694113682097,6.50096835318912e-05,1.60939173660532e-05,2.78701225800337e-06,1.77288891490957e-06
0.00166722236278492,0.000301227626281975,0.000108764339328931,4.73322042466489e-05,1.54086747511494e-05,4.47260147024788e-05,4.42014537180819e-05
0.00790304573340847,0.00231664544902909,0.000939993084727162,0.000132515258684742,2.71822349513886e-05,6.97592271479076e-05,4.23602405948527e-05
0,0,0,0,0,0,0
0,0,0,0,0,0,0
0,0,0,0,0,0,0
0,0.000101934518551613,3.52579549756797e-05,6.76623013896912e-06,1.79526965995661e-06,0,0
0,0.00211436036669602,0.00116483498862036,0.000198585206194231,2.00427287167466e-05,1.21684443517206e-05,3.06369178990007e-06
0,2.94415894611207e-05,9.69599526752596e-06,0,0,0,0
0.00517848578327669,0.00144357504184533,0.000512408119822981,0.000228700937348583,4.19748350378539e-05,0.00148262908220442,0.000195479245945044
0,5.67617920157539e-05,2.23646158823573e-05,8.37783958792258e-07,0,0,0
0.00214208918750699,0.00194980571539909,0.00121562842436163,0.000699414175505742,2.43565340894503e-05,2.77468648802763e-05,1.84503773627142e-05
0,1.51285499216755e-06,0,0,0,0,0
0,0.000315647497377338,0.000104104117113053,3.17334585069045e-05,7.41734512698425e-06,1.03265647906042e-06,0
0.00541435296186716,0.00108980149528751,0.000358409534236391,8.33927124769024e-05,2.29822513172495e-05,6.55176857191413e-05,3.15976655869114e-05
0.00660537423578185,0.0014248168093962,0.000470974600758107,0.000104234257063508,3.14213484170497e-05,8.91005694857747e-05,3.53752656648378e-05
0,0,0,0,0,0,0
0,0,0,0,0,0,0
0,0,0,0,0,0,0
0,0,0,0,0,0,0
0,0,0,0,0,0,0
0,0,0,0,0,0,0
0,0,0,0,0,0,0
0,0,0,0,0,0,0
0,4.31657845920418e-05,1.35107916930504e-05,0,0,0,0
0,4.89665176468571e-05,1.71436184423241e-05,0,0,0,0
0.000699414175505742,0.000197428905337475,6.94465528730227e-05,7.72539282830666e-06,0,0,0
0.000699414175505742,0.000164913298773595,8.28755608159601e-05,3.12881463799886e-06,0,0,0
0,8.28806291671121e-05,2.48257714614598e-05,1.59581413921598e-06,0,0,0
0,2.18663187560307e-05,6.59603791765056e-06,0,0,0,0
0,5.77920934235817e-06,2.30111032149684e-06,0,0,0,0
0,1.88709289087153e-06,1.10803937046402e-06,0,0,0,0
0.000699414175505742,0.000699414175505742,0.000104417855893576,0,0,0,0
0,0.00115085403974038,0.000451752061215125,7.27083697148253e-05,6.48481143153761e-06,2.92837242482707e-06,0
0,2.34005528178082e-05,8.24935030196501e-06,0,0,0,0
0.00790006666112528,0.00224317584797994,0.000970563382186497,0.000297399535824941,0.00182143898774577,0.00020590431044029,0.000123344113041539
0.00456476416622651,0.00147862398919647,0.000449898939147198,9.37961414047873e-05,1.8136679865189e-05,6.27859161899e-05,2.67910427149412e-05
0.00268532025645743,0.0026842671534187,0.0016294796956659,0.000699414175505742,3.53758516839609e-05,6.83795400787355e-05,2.66048454075217e-05
0,1.44458551810781e-05,5.64710055346256e-06,0,0,0,0
0.00149270300083079,0.00045039219343226,0.000164055165599421,3.69748187624925e-05,4.84350079291005e-05,1.28536067954481e-05,1.5349611669613e-05
0,0.00416242331212697,0.00201757697193549,0.000277827315838826,2.81008560999058e-05,4.22366133258928e-05,2.37480631572856e-05
0,1.41147997963359e-06,1.3166247570668e-06,0,0,0,0
0,1.49831411114251e-06,1.41131315988095e-06,0,0,0,0
0,0,0,0,0,0,0
0,0,0,0,0,0,0
0,0,0,0,0,0,0
0,0.00131066836364863,0.000135223477520865,2.16903287101385e-05,3.34622156919501e-05,7.7187904748222e-06,3.64757533166355e-06
0,0.000101579200800008,8.41947104948435e-05,0.000134822834472583,0.000168338839383022,4.42463654572541e-05,3.68571146398749e-05
0,2.35316765056527e-06,1.51484971580304e-06,0,0,0,0
0,0,0,0,0,0,0
0,0,0,0,0,0,0
0,0.000701678814328602,0.00129957940321963,0.000699414175505742,0.000699414175505742,5.02816907985712e-05,3.65793772391705e-06
0.00818715694708244,0.00311702015134368,0.00142455096834092,0.000227074731618231,4.10301024350274e-05,8.52626521056833e-05,3.7108767762353e-05
0,0,0,0,0,0,0
0,0,0,0,0,0,0
0,0,0,0,0,0,0
0,0,0,0,0,0,0
0,0,0,0,0,0,0
0,0,0,0,0,0,0
0,0,0,0,0,0,0
0,0,0,0,0,0,0
0,0,0,0,0,0,0
0,0,0,0,0,0,0
0,1.57957750986626e-05,6.05370774470518e-06,0,0,0,0
0,2.17437606080132e-05,8.16558037458903e-06,0,0,0,0
0,1.56537483945987e-06,8.38384111009539e-07,0,0,0,0
0.0027270013542392,0.00106885298671133,0.000366336739176322,0.000476685047320699,3.75361829882691e-05,3.7471211119096e-05,3.94319748967574e-05
0,5.42601447429054e-06,1.20908265562584e-06,0,0,0,0
0,0.00121160355449746,0.000756758951271441,0.000699414175505742,5.06302694575939e-05,2.01286307144777e-05,1.25952669275311e-05
0.0132566463857896,0.00588026312115474,0.00298130595890455,0.00421876561944505,0.00242499447446188,0.00027389065918042,0.000142681932041239
0,6.87492291790163e-05,1.7410314065567e-05,9.72591159358467e-07,0,0,0
0.000699414175505742,0.000159702056661941,5.66497924764145e-05,1.14799993734183e-05,2.60359619237199e-06,0,0
0.000699414175505742,0.000318921866604372,0.000144238796247785,2.37952913113242e-05,1.17427112199682e-05,2.78188983382534e-06,0
0.0027785130811489,0.00267589145733359,0.00191470669138298,0.000144698932193375,1.75844356806248e-05,5.19422086755146e-05,1.64376267384157e-05
0,1.12845431408241e-05,4.43767682266181e-06,0,0,0,0
0,1.24725459461813e-06,1.17068876960865e-06,0,0,0,0
0,0,0,0,5.89950919793141e-05,2.65007269493611e-05,2.27735830096392e-05
0,2.69343486395602e-05,1.07778794329112e-05,0,0,0,0
0,0.00214862028662362,0.00193256954852546,0.000163254079922671,1.7288967164395e-05,5.42425869306984e-05,1.93105149593606e-05
0,0.00448749012745169,0.00578098409391447,0.00166052234574423,0.000699414175505742,4.75384799490582e-05,2.61406980209395e-05
0,2.58398911443128e-05,1.03631781758351e-05,0,0,0,0
0,0.0022106043978902,0.00317599101748281,0.000495019413595113,4.35225348812217e-05,4.12164633243305e-05,2.02073457000667e-05
0,4.86986127264613e-05,5.13738807562658e-05,1.9766152637313e-05,3.50851798482212e-06,0,0
0,7.32807496646898e-05,3.70630192678163e-05,0,0,0,0
0,7.45326946041426e-05,0.000130718378887037,9.0759431838021e-06,0,0,0
0,7.35660781245561e-05,8.74878575596867e-05,0.000193876514856358,0.000194683484014231,5.32416830432708e-05,0.00135806981345415
0,0.000215109328814491,0.000363273760091069,6.59643851617617e-05,1.38695439723981e-05,4.3888326793799e-06,0
0,0.0029058028438888,0.0060656037096943,0.00347234874510023,0.00114354488435048,0.00498197099735574,0.00628407910707769
0,0,0,0,0,0,0
0,0,0,0,0,0,0
0.000899256737075142,0.00128835629003394,0.000387873823296996,4.98476150566265e-05,1.93242432503113e-05,4.83029401715106e-06,2.21173647455664e-06
0,0.000933201056296581,0.000196121056460844,2.68143397826282e-05,2.55622380848904e-05,4.59852274139555e-06,0
0,6.92687950530243e-05,2.06820482157893e-05,0,0,0,0
0,0,0,0,0,0,0
0,0,0,0,0,0,0
0,0,0,0,0,0,0
0,0,0,0,0,0,0
0.00271378874783606,0.00162015470777892,0.00101528228176318,0.000179913530281386,1.60285269296044e-05,7.62436764496076e-06,3.8281923891458e-06
0,0,0,0,0,0,0
0,0.000302715752954485,0.000223152577553873,5.90941126386969e-05,6.97032740475023e-06,3.96425081351265e-06,0
0,4.42559777623864e-06,8.73552752717385e-07,0,0,0,0
0,9.83390198023906e-06,4.17551945024876e-06,0,0,0,0
0,0,0,0,0,0,0
0,0,0,0,0,0,0
0,0,0,0,0,0,0
0,0,0,0,0,0,0
0,0,0,0,0,0,0
0,1.74781082617545e-06,0,0,0,0,0
0,1.21352878581134e-05,5.14035418281028e-06,0,0,0,0
0,1.61561967210645e-05,6.58138634457443e-06,0,0,0,0
0,2.62305297839515e-05,1.00139671483463e-05,0,0,0,0
0,0,0,0,0,0,0
0,0.00369436165903175,0.00431690895335363,0.00153048756561913,0.000107112895232642,4.87624835225468e-05,1.67289262115679e-05
0,0.000300581691405693,0.000384953903468863,9.69100541367812e-05,3.43185541032584e-05,7.78629479801399e-06,3.59064041315233e-06
0,0.0012569334432225,0.00080835371742203,0.000152624420693832,1.77954563764331e-05,3.08305952264968e-05,1.38423988389515e-05
0,0.00187446204690641,0.000483825162048631,7.63964971958191e-05,1.18639383749838e-05,2.5188384029514e-05,4.36823598627051e-06
0,0.00125380676566679,0.000500791014699532,8.86300396745765e-05,1.03916922155975e-05,1.98071561716815e-05,5.27186353394588e-06
0,0,0,0,0.000127860418055987,5.4499199442773e-05,0.00157368070851634
0,0.00387016870108148,0.00855522073642768,0.00543277673661961,0.00397363230634243,0.00359346203063438,0.00376447122485292
0,2.73675883834379e-06,9.17900312574881e-07,0,0,0,0
0.000699414175505742,0.00025458201440261,9.58789803354509e-05,1.78376699799302e-05,3.45951454526292e-06,8.15185990959276e-07,0
0,6.71377379378976e-05,7.70716902640118e-05,1.45466078073319e-06,0,0,0
0,1.32254640559358e-05,6.47264823275877e-06,0,0,0,0
0.0157926653038033,0.0167391281892058,0.0161948420385471,0.00626053573147595,0.00103357152772113,8.24806487096916e-05,4.41913075913822e-05
0,0,0,0,0,0,0
0,0,0,0,0,0,0
0,0,2.31249144153659e-05,2.39148705592619e-05,0,0,0
0,0.00108429772604382,0.000240300749558259,4.02931162254465e-05,4.28659005065182e-05,7.64742576666567e-06,0
0,0.000451979167479492,0.000132092989339653,2.13617926952562e-05,2.07548426792865e-05,4.07287289809618e-06,0
0,2.49236727166468e-05,3.76740096111224e-06,0,0,0,0
0,8.62235179176693e-05,1.32086601622697e-05,0,0,0,0
0,0,0,0,0,0,0
0,8.7540478521693e-07,0,0,0,0,0
0,1.02880293509069e-05,3.46486427746531e-06,0,0,0,0
0,0,0,0,0,0,0
0,1.65731894836158e-05,6.08149109176003e-06,0,0,0,0
0,0,0,0,0,0,0
0,0,0,0,0,0,0
0,0,0,0,0,0,0
0,0,0,0,0,0,0
0,0,0,0,0,0,0
0,0,0,0,0,0,0
0.00260152344068133,0.00158865239218261,0.00202713129121277,0.000333708250597051,2.57486935096095e-05,8.73124537421413e-06,3.57953067477333e-06
0.000699414175505742,0.000179713930335017,0.000261005096887581,5.45482301138823e-05,9.45236432052892e-06,1.94568490174393e-06,0
0.00831165536412091,0.00672081145876672,0.00741316231751088,0.00274884405210258,0.000244638463195532,2.35210780347346e-05,2.01315623834782e-05
0,0.00052290426264212,0.000483123576139133,0.000156603262513488,1.9547095626914e-05,6.29355918096074e-06,3.65058062954905e-06
0,2.55272595188879e-06,7.03192121252393e-07,0,0,0,0
0,0.000420519149451855,0.000119028363812031,2.28047020048005e-05,2.51157190022849e-05,3.69333840885722e-06,0
0,0,0,0,0,0,0
0,0,0,0,0,0,0
0,2.45524611975203e-05,5.64988132057824e-05,6.58150848601998e-05,7.81988588348989e-05,2.83019779995586e-05,2.64659509953861e-05
0,1.6121974641186e-05,5.37342592728502e-05,0.000136532764489118,0.000110369482830722,4.73987489864495e-05,3.90235012162023e-05
0,0.000157755775271383,0.000173973756533112,2.10602685744603e-05,0,0,0
0.0127788089804387,0.0148135968721125,0.0127377913445448,0.00445849611963255,0.000413367783093315,3.92901536785657e-05,2.11612802348783e-05
0,0,0,0,0,0,0
0.000699414175505742,0.000209982390483511,0.000182538318722452,1.97312318172021e-05,5.4787801940259e-06,1.78193440672384e-06,0
0,0,0,0,0,0,0
0,0,0,0,0,0,0
0,0,0,0,0,0,0
0,0.000380450813099013,0.000440755664651132,6.93465788012452e-05,1.39991745880039e-05,3.09614476863709e-06,0
0,9.15737907900989e-06,9.00323278391198e-06,0,0,0,0
0.00277399559132051,0.00205086687194955,0.00151494497245591,0.000308910686577099,3.12635340385203e-05,2.32326452280962e-05,1.42719162912509e-05
0,6.02546095400942e-06,2.33494801325413e-06,0,0,0,0
0,0.000417519768910513,0.000242752963639578,5.06220068427153e-05,1.7827874359749e-05,6.37642340904202e-06,0
0,2.53595250030375e-05,1.04427771724312e-05,0,0,0,0
0,1.99749338994034e-05,7.90706228499477e-06,0,0,0,0
0,0,0,0,0.00160177993191415,0.000361570121254805,0.000223898155162129
0,0,0,0,0.00311747816531591,0.00425321038337715,0.00147422524012913
0,0,0,0.00186722663110847,0.0024494201426721,0.00276830760367742,0.00311879681513551
0,2.28812872620614e-06,0,0,0,0,0
0,0,0,0,0,0,0
0,7.50976463502978e-06,2.79879089300414e-06,0,0,0,0
0,1.15055691395063e-05,2.21835172845079e-06,0,0,0,0
0,5.83655048717327e-05,8.49004974109823e-06,0,0,0,0
0.000699414175505742,0.000179097003918061,1.81569368242504e-05,1.36077136936127e-06,0,0,0
0,0,0,0,0,0,0
0,0,0,0,0,0,0
0,2.22360278869423e-06,1.14684487132448e-06,0,0,0,0
0,0,0,0,0,0,0
0,0,0,0,0,0,0
0,4.49526589519961e-06,2.14936849391234e-06,0,0,0,0
0,0.000160793395967416,5.82949391557203e-05,5.72145674878738e-06,1.02748111658665e-06,0,0
0,0.001075036278889,0.00123695538158425,0.000390169008800805,4.77201021352417e-05,1.67652584387657e-05,3.89574003927394e-06
0,9.69137653823518e-07,0,0,0,0,0
0,6.85731370698955e-05,7.69963568487615e-05,1.50013438524518e-05,0,0,0
0,0,0,0,0,0,0
0,3.27281011854125e-05,6.23065711277652e-05,5.79189108206909e-06,0,0,0
0,7.24121027766725e-05,0.000123448254396246,5.86027424493442e-06,0,0,0
0,7.07317172988062e-06,2.81560211284626e-06,0,0,0,0
0,1.06032243662962e-05,4.81542079472896e-06,0,0,0,0
0,5.60766890552901e-06,5.3605336567305e-06,0,0,0,0
0,1.9235737548715e-05,1.87946749850954e-05,0,0,0,0
0,0,0,0,0,0,0
0,0,0,0,0,0,0
0,0,0,0,0,0,0
0,0,0,0,0,0,0
0,0,0,0,0,0,0
0,0,0,0,0,0,0
0.00593727268241166,0.00529725826449659,0.004668395151307,0.00145141614091986,0.000143923626348029,1.55902257899907e-05,1.89363620120052e-05
0.0138412318255419,0.0161676802193179,0.0150573795806745,0.00497244981973641,0.000497500452788336,5.02600916145042e-05,2.20616981699025e-05
0,5.00767787146082e-06,1.90810870871356e-06,0,0,0,0
0,2.19180963232786e-06,9.7538381403084e-07,0,0,0,0
0.00244652865899666,0.00215714529140804,0.00187593101694633,0.000442561495128331,4.68495750131526e-05,2.18630380293012e-05,1.41724563301218e-05
0,0.000237890839142736,0.000166055919114902,0.000125868965953043,7.80475422233408e-05,2.67504939081255e-05,1.52163770077684e-05
0,0,0,0,0,0,0
0,0,0,0,0,0,0
0,0,0,0,0,0,0
0,0,0,0,0,0,0
0,1.23503780194248e-05,5.35818652069961e-05,4.24800477422316e-06,0,0,0
0,5.11029451721501e-05,8.20866726475791e-05,8.9730516749471e-06,7.71310330859205e-07,0,0
0,3.11970769193637e-06,7.41995402411783e-07,0,0,0,0
0,1.68778754903655e-05,7.60172995698027e-07,0,0,0,0
0,3.69761865864608e-06,3.53646136604544e-06,0,0,0,9.50024686758582e-07
0,0,0,0,0,0,2.86277384954816e-06
0,1.68690099231854e-06,7.88402594569236e-07,0,0,0,0
0,0.000132901539868807,0.000139757299174079,3.6959828350251e-05,4.41649798599824e-06,7.78347055674877e-07,0
0,0,0,0,0,0,0
0,0,0,0,0,0,0
0,8.76889211003436e-07,8.16708921384296e-07,0,0,0,0
0,1.72938278128467e-06,8.63548358684761e-07,0,0,0,0
0,0,0,0,0,0,1.04081066203944e-06
0,0,0,0,0,3.12492841526312e-06,4.30630251176625e-06
0,8.59157692460787e-05,4.26723729277506e-05,3.44974777630953e-05,3.64210253993621e-05,1.02604257880784e-05,3.30698217252241e-06
0,5.05394979209421e-05,3.91092896271679e-05,2.52308972706764e-05,1.7695765254611e-05,4.81104001253872e-06,0
0,0.000486695958202732,0.00033314070535079,8.07739969551927e-05,8.8336994827769e-06,7.14429224541472e-06,3.38761838381466e-06
0,1.44456262259041e-05,1.39903593243863e-05,0,0,0,0
0.000830020737699098,0.00167385629332981,0.00151770305400859,0.000363589456461207,3.59215042834649e-05,5.62167175423326e-06,3.16240605819898e-06
0,0.000105062468240996,0.000152859734828268,4.30861469305311e-05,0,0,0
0,0,3.08132919587646e-06,1.24683641939097e-06,0,0,0
0,0,0,0,0,0,0
0,0,0,0,0,0,0
0,4.97019131408291e-05,7.54059548393897e-06,0,0,0,0
0,0,0,0,0,0,0
0,0,0,0,0,0,0
0,0,0,0,0,0,0
0,0,0,0,0,0,0
0.000699414175505742,0.000699414175505742,0.000384963324068206,0,2.96675784274448e-06,4.43710511666121e-06,9.36513143505577e-06
0,1.67259019863275e-05,1.62923908596137e-05,0,0,0,6.77918364805231e-06
0,8.21329814432885e-07,0,0,0,0,0
0,0,0,0,0,0,0
0,0,0,0,0,0,0
0,1.28981134643508e-05,5.19365317923388e-06,0,0,0,0
0,1.62460412166057e-05,6.54584057769828e-06,0,0,0,0
0,1.38127788784621e-06,1.62646903114853e-05,0,0,0,0
0,3.97889766915658e-06,1.08472617185472e-05,0,0,0,0
0,0,0,0,0,0,0
0,0,0,0,0,0,0
0,0,0,0,0,0,0
0,0,0,0,0,0,0
0,0,0,0,2.18672673109364e-05,0.000944394464980582,0.000143396158996972
0,1.74373117929978e-05,6.12536565100591e-06,0,0,0,0
0,2.91513876833323e-06,9.76166727741789e-07,0,0,0,0
0,3.6441730199979e-05,5.30088995991151e-05,3.95035591521285e-06,0,0,0
0,6.58214995280328e-06,2.05248236457079e-05,0,0,0,0
0,0,0,0,0,0,0
0,0,0,0,0,0,0
0,0,0,0,0,0,0
0,0,0,0,0,0,0
0,7.97204602806064e-06,1.44065664679615e-06,0,0,0,0
0,6.82184401179179e-06,1.67835457432308e-06,0,0,0,0
0,0,0,0,0,0,0
0,0,0,0,0,0,0
0,2.31804234684564e-06,1.25590635868584e-06,0,0,0,0
0,0.000344078263302312,0.000294228719139153,0.000110583826330106,2.32612350395844e-05,8.67121041393994e-06,3.62875020549572e-06
0,0,0,0,0,0,0
0,0,0,0,0,0,0
0,3.68256299494594e-05,5.31278557758979e-05,1.46430906757894e-05,0,0,0
0,0.000255161938610163,0.000218682310586311,6.24551449027791e-05,1.88891940510094e-05,6.80831296909479e-06,3.1936469104143e-06
0,0.000174038342125154,0.000162095680680339,4.79228865261579e-05,4.22972261651906e-06,7.78816353093367e-07,0
0,8.31939973248831e-07,0,0,0,0,0
0,2.80921859745564e-06,0,0,0,0,0
0,0,0,0,0,0,0
0,0,0,0,0,0,0
0,0,0,0,0,0,0
0,0,0,0,0,0,0
0,1.41866669962243e-05,5.06492664623543e-06,0,0,0,0
0,3.33781439713767e-06,6.6591702633055e-06,1.94332490055455e-06,0,0,0
0,0,0,0,0,0,0
0,0,0,0,0,0,0
0,0,0,0,0,0,0
0,0,0,0,0,0,0
0,3.82393453886281e-06,3.63115994564271e-06,0,0,0,0
0,3.02180308368397e-05,1.03440511601474e-05,0,0,0,0
0,4.21869277254054e-05,5.03557531434518e-05,7.57979701356637e-06,7.3426989375867e-07,0,0
0,1.50726190308723e-05,1.85693240984445e-05,0,0,0,0
0,3.45839906083243e-05,1.46803543675152e-05,0,0,0,0
0,1.57782522558664e-06,6.99642007830722e-07,0,0,0,0
0,1.28503023650358e-06,0,0,0,0,0
0,0,0,0,0,0,0
0,0,0,0,0,0,0
0,0,0,0,0,0,0
0,7.88524123273554e-07,2.27807019913293e-06,0,0,0,0
0,1.79302624925854e-05,1.75787782096348e-05,0,0,0,3.7462746971764e-06
0,5.75765516653544e-06,5.56056911734464e-06,0,2.18674740620022e-05,0.000944401605607142,0.000149522262971801
0,3.71984719856895e-05,4.5570370340327e-05,1.76928195988349e-06,0,0,0
0,0,0,0,0,0,0
0,7.13252473228396e-07,6.14318081238161e-06,0,0,0,0
0,0,0,0,0,0,0
0,0,0,0,0,0,0
0,5.31616251237651e-06,2.5118218060053e-06,0,0,0,0
0,0,0,0,0,0,0
0,0,0,0,0,0,0
0,0,0,0.0528618201719668,0.180479546699345,0.205628378940987,0.225602033139213
0,3.49502688876191e-05,4.26993164804444e-05,3.20440374793241e-06,7.4005160656023e-07,0,0
0,0,0,0,0,0,0
0,7.95186102439919e-07,0,0,0,0,0
0,0,0,0.726351988748221,1,1,1
0,0,0,0,0,0,0
0,0,0,0,0,0,0
0,0,0,0,0,0,0
0,0,0,0,0,0,0
0,0,0,0,0,0,0
0,0,0,0,0,0,0
0,0,0,0,0,0,0
0,0,0,0,0,0,0
0,0,0,0,0,0,0
0,9.52896734640213e-06,4.51438787793351e-06,0,0,0,0
0,0,0,0,0,0,0
0,7.96534406014962e-07,0,0,0,0,0
0,0,0,0,0,0,0
0,0,0,0,0,0,0
0,0,0,0,0,0,0
0,0,0,0,0,0,0
0,0,0,0,0,0,0
0,6.13685157849779e-06,4.60374449642593e-06,0,0,0,0
0,3.76380548307625e-05,1.09338427032314e-05,0,0,0,0
0,0,0,0,0,0,0
0,2.86937076536637e-05,1.31331623975846e-06,0,0,0,0
0,0,0,0,0,0,0
0,0,1.08443840518265e-06,0,0,0,0
0,3.73708612389732e-06,1.74013103884428e-06,0,0,0,0
0,0,0,0,0,0,0
0,1.06971870885719e-06,9.87393824049897e-07,0,0,0,0
0,0,0,0,3.89920121572672e-05,3.28588072297448e-05,2.89596817045507e-05
0,0,0,0,0,0,0
0,0,0,0,0,0,0
0,0,0,0,0,0,0
0,0,0,0,0,0,0
0,0,0,0,0,0,0
0,6.32509062342027e-06,0,0,0,0,0
0,0,0,0,0,0,0
0,0,0,0.0186211111861705,0.0164826558213433,0.0136703989775985,0.0116356557207443
0,0,0,0,0,0,0
0,0,0,0,0,0,0
0,0,0,0,0,0,0
0,0,0,0,0,0,0
0,0,0,0,0,0,0
0,0,0,0,0,0,0
0,0,0,0,0,0,0
0,0,0,0,0,0,0
0,0,0,0,0,0,0
0,0,0,0,0,0,0
0,0,0,0,0,0,0
0,0,0,0,0,0,0
0,0,0,0,0,0,0
0,0,0,0,0,0,0
0,0,0,0,0,0,0
0,0,0,0,0,0,0
0,0,0,0,0,0,0
0,0,0,0,0,0,0
0,0,0,0,0,0,0
0,0,0,0,0,0,0
0,0,0,0,0,0,0
0,0,0,0,0,0,0
0,0,0,0,0,0,0
0,0,0,0,0,0,0
0,0,0,0,0,0,0
0,0,0,0,0,0,0
0,0,0,0,0,0,0
0,0,0,0,0,0,0
0,0,0,0,0,0,0
0,0,0,0.0298462201244109,0.107387819251977,0.14543969577872,0.16946472271508
0,0,0,0.436324573269322,0.928071687266834,1,1
0,0,0,0,0,0,0
0,0,0,0,0,0,0
0,0,0,0,0,0,0
0,0,0,0,0,0,0
0,0,0,0,0,0,0
0,0,0,0,0,0,0
0,0,0,0,0,0,0
0,0,0,0,0,0,0
0,0,0,0,0,0,0
0,0,0,0,0,0,0
0,0,0,0,0,0,0
0,0,0,0,0,0,0
0,0,0,0,0,0,0
0,3.26726503439341e-05,1.03957368357993e-05,0,0,0,0
0,0,0,0,0,0,0
0,0,0,0,0,0,0
0.000699414175505742,0.000483617811231049,1.96250381607188e-05,0,0,0,0
0,0,0,0,0,0,0
0.000699414175505742,0.000386655124468474,5.19916492967106e-06,0,0,0,0
0,2.00688888017038e-05,0,0,0,0,0
0,2.66568184782278e-06,9.75819095649686e-07,0,0,0,0
0,3.18429878633225e-05,2.11888806909471e-05,0,0,0,0
0,0,0,0,0,0,0
0,0,0,0,0.00266309437127712,0.000772775925853146,0.000514968129430957
0,0,0,0,0,0,0
0,0,0,0,3.89899541363578e-05,3.55242950703566e-05,2.61196864857695e-05
0,0,0,0,8.51985543893322e-06,4.62697854981141e-05,0.000411666643520315
0,0,0,0,0,0,0
0,0,0,0,0,0,0
0,0,0,0,0,0,0
0,0,0,0,0,0,0
0,1.01729883666412e-06,0,0,0,0,0
0,0,0,0,0,0,0
0,0,0,0,0,0,0
0,0,0,0,0,0,0
0,0,0,0,0,0,0
0,0,0,0,0,0,0
0.000699414175505742,0.000699414175505742,0.000460354783894519,0,0,0,0
0,0,0,0,0,0,0
0,0,0,0,0,0,0
0,0,0,0,0,0,0
0,0,0,0,0,0,0
0,0,0,0,0,0,0
0,0,0,0,0,0,0
0,0,0,0,0,0,0
0,0,0,0,0,0,0
0,0,0,0,0,0,0
0,5.53130745985306e-05,2.18136774404479e-05,0,0,0,0
0,1.05304607196372e-05,1.02102506100095e-06,0,0,0,0
0,0,0,0,0,0,0
0,0,0,0,0,0,0
0,0,0,0,0,0,0
0,0,0,0,0,0,0
0,0,0,0,0,0,0
0,0,0,0,0,0,0
0,0,0,0,0,0,0
0,0,0,0,0,0,0
0,1.8834260389919e-06,0,0,0,0,0
0,1.08277990322352e-06,0,0,0,0,0
0,0,0,0,0,0,0
0,0,0,0,0,0,0
0,0,0,0,0,0,0
0,0,0,0,0,0,0
0,0,0,0,0,0,0
0,0,0,0,0,0,0
0,0,0,0,0,0,0
0,0,0,0,0,0,0
0,0,0,0,0,0,0
0,0,0,0,0,8.41674497536053e-06,2.38181325283596e-06
0,3.80795142150413e-05,2.08655468706501e-05,0,0,0,0
0,1.21906310814103e-05,6.48886747565919e-06,0,0,0,0
0,1.20932676204966e-05,0,0,0,0,0
0,0,0,0,0,0,0
0,0,0,0,0,0,0
0,0,0,0,0,0,0
0,3.34801661999243e-05,4.34021406213868e-06,0,0,0,0
0,0,0,0,0,0,0
0,0,0,0,0,0,0
0,0,0,0,0,0,0
0,0,0,0,0,0,0
0,0,0,0,0,0,0
0,0,0,0,0,0,0
0,2.27335438756709e-06,0,0,0,0,0
0,0,0,0,0,3.23971506954217e-06,9.20352863721165e-07
0,0,0,0,0,0,0
0,0,0,0,0,0,0
0,0,0,0,0,0,0
0,9.25984661514572e-06,0,0,0,0,0
0,0,0,0,0,0,0
0,0,0,0,0,0,0
0,0,0,0,0,0,0
0,0,0,0,0,0,0
0,0,0,0,0,0,0
0,0,0,0,0,0,0
0,4.69355109159666e-05,0,0,0,0,0
0,0,0,0,0,0,0
0,0,0,0,0,0,0
0,0,0,0,0,0,0
0,0,0,0,0,0,0
0,0,0,0,0,0,0
0,0,0,0,0,0,0
0,7.59158612750699e-07,0,0,0,0,0
0,0,0,0,0,0,0
0,0,0,0,0,0,0
0,0,0,0,0,0,0
0,0,0,0,0,0,0
0,0,0,0,0,0,0
0,0,0,0,0,0,0
0.000699414175505742,0.0003574492572771,0,0,0,0,0
0,0,0,0,0,0,0
0,0,0,0,0,0,0
0,0,0,0,0,0,0
0,0,0,0,0,0,0
0,0,0,0,0,0,0
0,6.05002587039569e-06,0,0,0,0,0
0,0,0,0,0,0,0
0,0,0,0,0,0,0
0,0,0,0,0,0,0
0,0,0,0,0,0,0
0,4.43980092751546e-05,8.00883488841784e-07,0,0,0,0
0,0,0,0,0,0,0
0,0,0,0,0,0,0
0,0,0,0,0,0,0
0,0,0,0,0,0,0
0,0,0,0,0,0,0
0,0,0,0,0,0,0
0,0,0,0,0,0,0
0,0,0,0,0,0,0
0,0,0,0,0,0,0
0,0,0,0,0,0,0
0,0,0,0,0,0,0
0,0,0,0,0,0,0
0,0,0,0,0,0,0
0,0,0,0,0,0,0
0,0,0,0,0,0,0
0,0,0,0,0,0,0
0,0,0,0,0,0,0
0,0,0,0,0,0,0
0,7.07436765088384e-06,0,0,0,0,0
0,5.05337798012246e-05,0,0,0,0,0
0.000699414175505742,0.000241428419824225,0,0,0,0,0
0,4.28497398707135e-05,0,0,0,0,0
0,5.64542834271386e-06,0,0,0,0,0
0,0,0,0,0,0,0
0,0,0,0,0,0,0
0,0,0,0,0,0,0
0,0,0,0,0,0,0
0,0,0,0,0,0,0
0,0,0,0,0,0,0
0,1.69640337980599e-06,0,0,0,0,0
0,1.96247422822251e-05,0,0,0,0,0
0,0,0,0,0,0,0
0,0,0,0,0,0,0
0,0,0,0,0,0,0
0,0,0,0,0,0,0
0,0,0,0,0,0,0
0,0,0,0,0,0,0
0,0,0,0,0,0,0
0,0,0,0,0,0,0
0,0,0,0,0,0,0
0,0,0,0,0,0,0
0,0,0,0,0,0,0
0,0,0,0,0,0,0
0,0,0,0,0,0,0
0,3.74648228105206e-05,0,0,0,0,0
0,0,0,0,0,0,0
0,0,0,0,0,0,0
0,0,0,0,0,0,0
0,0,0,0,0,0,0
0,0,0,0,0,0,0
0,0,0,0,0,0,0
0,0,0,0,0,0,0
0,0,0,0,0,0,0
0,0,0,0,0,0,0
0,0,0,0,0,0,0
0,0,0,0,0,0,0
0,0,0,0,0,0,0
0,1.08765160338547e-05,0,0,2.10770859657594e-05,1.87783520014031e-05,1.35067836087389e-05
0,0,0,0,0,0,0
0,0,0,0,0,0,0
0,4.07783277699369e-05,0,0,1.13285061749105e-05,7.37371719268329e-06,3.35780789652498e-06
0,0,0,0,0,0,0
0,0,0,0,0,0,0
0,0,0,0,0,0,0
0,0,0,0,0,0,0
0,0,0,0,0,0,0
0,1.43658536486112e-06,0,0,0,0,0
0,0,0,0,0,0,0
0,0,0,0,0,0,0
0,0,0,0,0,0,0
0,0,0,0,0,0,0
0,1.74118899395173e-06,0,0,0,0,0
0,0,0,0,0,0,0
0,5.55833838464209e-06,0,0,0,0,0
0,0,0,0,0,0,0
0,1.45685508151986e-05,0,0,0,0,0
0,4.19651693728442e-06,0,0,0,0,0
0,0,0,0,0,0,0
0,0,0,0,0,0,0
0,0,0,0,0,0,0
0,0,0,0,0,0,0
0,0,0,0,0,0,0
0,0,0,0,0,0,0
0,0,0,0,0,0,0
0,0,0,0,0,0,0
0,0,0,0,0,0,0
0,6.5555822966254e-06,0,0,0,0,0
0,0,0,0,0,0,0
0,0,0,0,0,0,0
0,0,0,0,0,0,0
0,0,0,0,0,0,0
0,0,0,0,0,0,0
0,0,0,0,0,0,0
0,0,0,0,0,0,0
0,9.22137928431784e-07,0,0,0,0,0
0,2.05507253849108e-06,0,0,0,0,0
0,0,0,0,0,0,0
0,0,0,0,0,0,0
0,0,0,0,0,0,0
0,2.79182615984456e-06,0,0,0,0,0
0,0,0,0,0,0,0
0,0,0,0,0,0,0
0,0,0,0,0,0,0
0,0,0,0,0,0,0
0,9.87097476403861e-07,0,0,0,0,0
0,0,0,0,0,0,0
0,0,0,0,0,0,0
0,0,0,0,0,0,0
0,0,0,0,0,0,0
0,0,0,0,0,0,0
0,0,0,0,0,0,0
0,0,0,0,0,0,0
0,0,0,0,0,0,0
0,0,0,0,0,0,0
0,0,0,0,0,0,0
0,0,0,0,0,0,0
0,0,0,0,0,0,0
0,0,0,0,0,0,0
0,0,0,0,0,0,0
0,0,0,0,0,0,0
0,0,0,0,0,0,0
0,0,0,0,0,0,0
0,0,0,0,0,0,0
0,0,0,0,0,0,0
0,0,0,0,0,0,0
0,0,0,0,0,0,0
0,0,0,0,0,0,0
0,0,0,0,0,0,0
0,0,0,0,0,0,0
0,0,0,0,0,0,0
0,0,0,0,0,0,0
0,0,0,0,0,0,0
0,0,0,0,0,0,0
0,0,0,0,0,0,0
0,0,0,0,0,0,0
0,0,0,0,0,0,0
0,0,0,0,0,0,0
0,0,0,0,0,0,0
0,0,0,0,0,0,0
0,0,0,0,0,0,0
0,0,0,0,0,0,0
0,0,0,0,0,0,0
0,0,0,0,0,0,0
0,0,0,0,0,0,0
0,0,0,0,0,0,0
0,0,0,0,0,0,0
0,0,0,0,0,0,0
0,0,0,0,0,0,0
0,0,0,0,0,0,0
0,0,0,0,0,0,0
0,0,0,0,0,0,0
0,0,0,0,0,0,0
0,0,0,0,0,0,0
0,0,0,0,0,0,0
0,0,0,0,0,0,0
0,0,0,0,0,0,0
0,0,0,0,0,0,0
0,0,0,0,0,0,0
0,0,0,0,0,0,0
0,0,0,0,0,0,0
0,0,0,0,0,0,0
0,0,0,0,0,0,0
0,0,0,0,0,0,0
0,0,0,0,0,0,0
0,0,0,0,0,0,0
0,0,0,0,0,0,0
0,0,0,0,0,0,0
0,0,0,0,0,0,0
0,0,0,0,0,0,0
0,0,0,0,0,0,0
0,0,0,0,0,0,0
0,0,0,0,0,0,0
0,0,0,0,0,0,0
0,0,0,0,0,0,0
0,0,0,0,0,0,0
0,0,0,0,0,0,0
0,0,0,0,0,0,0
0,0,0,0,0,0,0
0,0,0,0,0,0,0
0,0,0,0,0,0,0
0,0,0,0,0,0,0
0,0,0,0,0,0,0
0,0,0,0,0,0,0
0,0,0,0,0,0,0
0,0,0,0,0,0,0
0,0,0,0,0,0,0
0,0,0,0,0,0,0
0,0,0,0,0,0,0
0,0,0,0,0,0,0
0,0,0,0,0,0,0
0,0,0,0,0,0,0
0,0,0,0,0,0,0
0,0,0,0,0,0,0
0,0,0,0,0,0,0
0,0,0,0,0,0,0
0,0,0,0,0,0,0
0,0,0,0,0,0,0
0,0,0,0,0,0,0
0,0,0,0,0,0,0
0,0,0,0,0,0,0
0,0,0,0,0,0,0
0,0,0,0,0,0,0
0,0,0,0,0,0,0
0,0,0,0,0,0,0
0,0,0,0,0,0,0
0,0,0,0,0,0,0
0,0,0,0,0,0,0
0,0,0,0,0,0,0
0,0,0,0,0,0,0
0,0,0,0,0,0,0
0,0,0,0,0,0,0
0,0,0,0,0,0,0
0,0,0,0,0,0,0
0,0,0,0,0,0,0
0,0,0,0,0,0,0
0,0,0,0,0,0,0
0,0,0,0,0,0,0
0,0,0,0,0,0,0
0,0,0,0,0,0,0
0,0,0,0,0,0,0
0,0,0,0,0,0,0
0,0,0,0,0,0,0
0,0,0,0,0,0,0
0,0,0,0,0,0,0
0,0,0,0,0,0,0
0,0,0,0,0,0,0
0,0,0,0,0,0,0
0,0,0,0,0,0,0
0,0,0,0,0,0,0
0,0,0,0,0,0,0
0,0,0,0,0,0,0
0,0,0,0,0,0,0
0,0,0,0,0,0,0
0,0,0,0,0,0,0
0,0,0,0,0,0,0
0,0,0,0,0,0,0
0,0,0,0,0,0,0
0,0,0,0,0,0,0
0,0,0,0,0,0,0
0,0,0,0,0,0,0
0,0,0,0,0,0,0
0,0,0,0,0,0,0
0,0,0,0,0,0,0
0,0,0,0,0,0,0
0,0,0,0,0,0,0
0,0,0,0,0,0,0
0,0,0,0,0,0,0
0,0,0,0,0,0,0
0,0,0,0,0,0,0
0,0,0,0,0,0,0
0,0,0,0,0,0,0
0,0,0,0,0,0,0
0,0,0,0,0,0,0
0,0,0,0,0,0,0
0,0,0,0,0,0,0
0,0,0,0,0,0,0
0,0,0,0,0,0,0
0,0,0,0,0,0,0
0,0,0,0,0,0,0
0,0,0,0,0,0,0
0,0,0,0,0,0,0
0,0,0,0,0,0,0
0,0,0,0,0,0,0
0,0,0,0,0,0,0
0,0,0,0,0,0,0
0,0,0,0,0,0,0
0,0,0,0,0,0,0
0,0,0,0,0,0,0
0,0,0,0,0,0,0
0,0,0,0,0,0,0
0,0,0,0,0,0,0
0,0,0,0,0,0,0
0,0,0,0,0,0,0
0,0,0,0,0,0,0
0,0,0,0,0,0,0
0,0,0,0,0,0,0
0,0,0,0,0,0,0
0,0,0,0,0,0,0
0,0,0,0,0,0,0
0,0,0,0,0,0,0
0,0,0,0,0,0,0
0,0,0,0,0,0,0
0,0,0,0,0,0,0
0,0,0,0,0,0,0
0,0,0,0,0,0,0
0,0,0,0,0,0,0
0,0,0,0,0,0,0
0,0,0,0,0,0,0
0,0,0,0,0,0,0
0,0,0,0,0,0,0
0,0,0,0,0,0,0
0,0,0,0,0,0,0
0,0,0,0,0,0,0
0,0,0,0,0,0,0
0,0,0,0,0,0,0
0,0,0,0,0,0,0
0,0,0,0,0,0,0
0,0,0,0,0,0,0
0,0,0,0,0,0,0
0,0,0,0,0,0,0
0,0,0,0,0,0,0
0,0,0,0,0,0,0
0,0,0,0,0,0,0
0,0,0,0,0,0,0
0,0,0,0,0,0,0
0,0,0,0,0,0,0
0,0,0,0,0,0,0
0,0,0,0,0,0,0
0,0,0,0,0,0,0
0,0,0,0,0,0,0
0,0,0,0,0,0,0
0,0,0,0,0,0,0
0,0,0,0,0,0,0
0,0,0,0,0,0,0
0,0,0,0,0,0,0
0,0,0,0,0,0,0
0,0,0,0,0,0,0
0,0,0,0,0,0,0
0,0,0,0,0,0,0
0,0,0,0,0,0,0
0,0,0,0,0,0,0
0,0,0,0,0,0,0
0,0,0,0,0,0,0
0,0,0,0,0,0,0
0,0,0,0,0,0,0
0,0,0,0,0,0,0
0,0,0,0,0,0,0
0,0,0,0,0,0,0
0,0,0,0,0,0,0
0,0,0,0,0,0,0
0,0,0,0,0,0,0
0,0,0,0,0,0,0
0,0,0,0,0,0,0
0,0,0,0,0,0,0
0,0,0,0,0,0,0
0,0,0,0,0,0,0
0,0,0,0,0,0,0
0,0,0,0,0,0,0
0,0,0,0,0,0,0
0,0,0,0,0,0,0
0,0,0,0,0,0,0
0,0,0,0,0,0,0
0,0,0,0,0,0,0
0,0,0,0,0,0,0
0,0,0,0,0,0,0
0,0,0,0,0,0,0
0,0,0,0,0,0,0
0,0,0,0,0,0,0
0,0,0,0,0,0,0
0,0,0,0,0,0,0
0,0,0,0,0,0,0
0,0,0,0,0,0,0
0,0,0,0,0,0,0
0,0,0,0,0,0,0
0,0,0,0,0,0,0
0,0,0,0,0,0,0
0,0,0,0,0,0,0
0,0,0,0,0,0,0
0,0,0,0,0,0,0
0,0,0,0,0,0,0
0,0,0,0,0,0,0
0,0,0,0,0,0,0
0,0,0,0,0,0,0
0,0,0,0,0,0,0
0,0,0,0,0,0,0
0,0,0,0,0,0,0
0,0,0,0,0,0,0
0,0,0,0,0,0,0
0,0,0,0,0,0,0
0,0,0,0,0,0,0
0,0,0,0,0,0,0
0,0,0,0,0,0,0
0,0,0,0,0,0,0
0,0,0,0,0,0,0
0,0,0,0,0,0,0
0,0,0,0,0,0,0
0,0,0,0,0,0,0
0,0,0,0,0,0,0
0,0,0,0,0,0,0
0,0,0,0,0,0,0
0,0,0,0,0,0,0
0,0,0,0,0,0,0
0,0,0,0,0,0,0
0,0,0,0,0,0,0
0,0,0,0,0,0,0
0,0,0,0,0,0,0
0,2.80422600632519e-05,9.68778262949194e-05,2.86108565587586e-05,0,0,0
0,1.01058908855001e-05,0.000122065030326718,4.35129268413593e-05,3.97453188341431e-06,4.06755183787834e-06,0
0,2.10867243269298e-05,8.53323542301092e-05,2.49469608249348e-05,0,0,0
0,6.76929350425786e-05,8.40608180879588e-05,9.03908130056113e-06,1.54467668025872e-06,0,0
0,0.000176212616247586,0.000327258492144,7.37222215646012e-05,5.11256400032841e-06,0,0
0.000699414175505742,0.000504201572942599,0.000318598694983376,5.42436883528054e-05,0,0,0
0.000699414175505742,0.000460465937019446,0.000303701950791358,9.1330176393772e-05,8.5046545064257e-06,0,0
0.000699414175505742,0.000717119040177472,0.000773592132139227,0.000699414175505742,6.73854234105233e-05,0,0
0.000699414175505742,0.000759731995939666,0.000759691872401596,0.000153952380732177,2.2601969313195e-06,0,0
0.000699414175505742,0.000812763088274139,0.00090985850180724,0.000699414175505742,7.00712707196486e-05,0,0
0,0.000238253120963615,0.00033686649624265,6.95165121214923e-05,0,0,0
0,0.000169425906461646,0.000181417974017479,4.22304967003699e-05,0,0,0
0,2.47894838096875e-05,5.29644395576834e-05,7.0623482367583e-06,0,0,0
0,8.71167189658918e-05,0.000156230935234754,4.15696534115204e-05,0,0,0
0,5.59155339085472e-05,9.08915699683006e-05,1.15073142755495e-05,0,0,0
0,0.00048357291804102,0.00029879822237644,6.73600180520011e-05,2.7182779512489e-06,8.32069350143862e-07,0
0,0.000461780670132474,0.000250754348090265,6.3870035661015e-05,5.69279560701215e-06,9.60543289815381e-07,0
0,0.000311174447771789,0.000765723405438661,0.000119970291976884,7.89605953053804e-06,8.15572760384726e-07,0
0,0.00129022659227264,0.000452421592743353,9.52491301261558e-05,9.35426630509063e-06,1.24260993339029e-06,0
0,0.00251334765220922,0.00109200663867598,0.00106058575050217,0.000699414175505742,2.97737035457715e-05,0
0,0.00325853477381325,0.00174277656297065,0.000339308713890478,3.50757391887601e-05,5.23388046442081e-06,1.62901813615684e-06
0,0.00160719281794598,0.00281193315939403,0.00114633628015297,0.000699414175505742,3.14391308153129e-05,0
0,0.00111151473371489,0.000712274346317644,0.000165690912423925,1.74081758277041e-05,1.26326233703373e-06,0
0,0.00344795441830789,0.00546066327054427,0.00226428668651648,0.000699414175505742,3.08158837428668e-05,1.85194569749558e-06
0,0.00805235339774584,0.0103848949257642,0.003510545139336,0.000245627841554617,1.29121623140013e-05,1.28147644526176e-05
0,0.00514067425568376,0.00365103528672083,0.00211720686262747,0.000699414175505742,3.54990139562465e-05,0
0,0.00638426690984952,0.00388945697731549,0.000968483643161267,0.000699414175505742,3.3902488358356e-05,2.98319593315653e-06
0.00478405306208744,0.00294128872752452,0.00118849005257091,0.000169335387331794,1.89318692983316e-05,1.99224386568714e-06,0
0.00786549764049722,0.00239049682267163,0.00106635152887098,0.000177854690525667,1.83763848145543e-05,1.45740626724327e-05,5.96585601338249e-06
0.00692796215463529,0.00186348349842449,0.00479450237573521,0.00047656335737718,3.1190453627665e-05,6.36513100814075e-06,1.10789847383307e-06
0.00283657735452957,0.00262811284047678,0.00236105863256007,0.000305732174951032,2.32764320242822e-05,1.13099148116898e-05,7.38013814817452e-07
0,6.577733311873e-05,7.86629042564427e-05,6.43143288871654e-06,0,0,0
0,8.15454911593361e-05,0.000117449357885524,1.57734600881453e-05,0,0,0
0,0.000113223810514269,0.00026507577614706,4.82013838369946e-05,1.30147247381313e-06,0,0
0,0.000935121367531335,0.000284773644494454,4.8984105826187e-05,4.10593926576319e-06,1.04330900418136e-06,0
0.00344796152289313,0.00159238306769167,0.000856226117292255,0.00102180130215006,0.000699414175505742,4.346242739967e-05,2.62782404141802e-06
0.0067266889902998,0.00302866284408389,0.00155805107725081,0.00153035470583112,0.000106423241769158,6.70917415332649e-06,1.18732115120782e-05
0.00677738368965112,0.003581662870204,0.00611652836832196,0.00228649717443612,0.000699414175505742,0.000699414175505742,4.59481470287483e-05
0,0.00606352420532641,0.00210143886003055,0.000285694778232874,2.51952062114229e-05,7.73608533728289e-06,3.27441383668387e-06
0.0196763189450638,0.0104898773574507,0.0059865253939351,0.00153395490860232,0.000249703167622386,0.000128285942053183,0.000119162770513006
0.0164237040960138,0.0183727825369946,0.0100617729531954,0.00167228968066246,0.000699414175505742,0.000699414175505742,4.734265471195e-05
0.0120194824138514,0.0105548950944899,0.00545083985990282,0.000888628396661354,7.7527022474509e-05,5.83558542650272e-06,8.89070584074589e-06
0,8.53602531156352e-05,9.5544368722022e-05,1.32305129095301e-05,0,0,0
0,0.000204021509054235,0.00026526281917193,3.4100986309652e-05,1.73272058829915e-06,7.1943648300066e-07,0
0,0.000727838485806593,0.000202617298529882,2.92696422146263e-05,7.83282743841151e-06,1.07285456609852e-06,0
0,0.000131256548004486,0.000130815980435457,1.48696386308419e-05,0,0,0
0,8.88320786657503e-05,0.000102777457910479,5.81201031288374e-06,0,0,0
0.000776124820166413,0.00145111945378651,0.00156985787021433,0.000699414175505742,0.000699414175505742,4.73560399835088e-05,1.11245576638487e-06
0.00380074041121282,0.00490904517301535,0.00430838809447515,0.000729024502550381,5.06673890257614e-05,2.42973454683055e-05,8.28293625171939e-07
0.00231719839002883,0.000927855261624607,0.000338080281174837,6.75638256235193e-05,7.92847858656868e-06,9.56804955024594e-06,0
0.001321896285844,0.000438895856532,0.000180649957952357,3.62080044354903e-05,3.56989849858114e-06,4.42008816666857e-06,0
0,2.73081087516511e-05,2.3533391975101e-05,9.20675998392738e-07,0,0,0
0,1.88857039771122e-05,3.45988291799623e-05,0,0,0,0
0.00204565719031161,0.0011192134040298,0.000507902721115759,0.000105873675159513,1.17200871107759e-05,2.03718505276529e-05,4.64762272759351e-06
0.00264236921196936,0.00348865248738144,0.00316854941283098,0.000996289594858063,0.000699414175505742,4.16533702520787e-05,0
0.000699414175505742,5.83985050903128e-05,3.7191622258151e-05,0,0,0,0
0.000699414175505742,0.000699414175505742,0.000111906170876872,2.53378142986566e-05,0,0,0
0.00137033159526777,0.00190988860178525,0.00164893145444139,0.000699414175505742,0.000699414175505742,3.99898592585083e-05,0
0.000726178031023389,0.000312133945567744,0.000151552321925958,0.000144693124554328,2.50453198074017e-05,2.39784595202428e-06,0
0.000851618481629471,0.00040734469273488,0.000213705178942539,0.000177033878552016,1.33100315681934e-05,8.77644872307699e-06,3.12636110077591e-06
0.000699414175505742,0.00111166194398609,0.00108330821587847,0.000699414175505742,0.000699414175505742,0.000699414175505742,4.6764052003827e-05
0,0.000102769946382453,8.16195183343033e-05,2.07107543641777e-06,0,0,0
0,0.000268164689944974,0.000223987249233337,3.59335295582561e-05,9.90171432214622e-06,7.3499575005718e-07,0
0.00209327725395615,0.00103100290974412,0.000419076297636956,8.05636100308581e-05,8.37035982954368e-06,6.7170250097285e-06,1.0758931217565e-06
0.00377204051119377,0.00137480397692324,0.000483082077158507,0.000106282071366259,1.2668113879414e-05,1.29664727636491e-05,0
0.00344819489752944,0.00149184093038392,0.000719041981542308,0.000125217029335361,6.98781156899782e-05,5.35659399721163e-06,0
0.00293537922466496,0.00171428521167005,0.00101053504283881,0.000699414175505742,0.000699414175505742,4.30817630650229e-05,0
0.000699414175505742,0.00031145343634582,0.000148170798323594,2.69729626152549e-05,8.83215385185887e-06,3.83805602487718e-06,1.11442204393622e-06
0,2.25553805857224e-05,1.40995276215696e-05,0,0,0,0
0,1.0188818070642e-05,8.23688903302998e-06,0,0,0,0
0,1.36735600036665e-05,1.3926251085586e-05,0,0,0,0
0.000699414175505742,0.000283908698032146,0.000131252530517966,2.46041170674753e-05,1.04124614939567e-05,4.79578569949573e-06,0
0.00249263138426229,0.00317663464282551,0.00269519387655027,0.000801884310098245,0.000699414175505742,4.2585202226882e-05,0
0.00650816303388138,0.00181306860112661,0.000807058066637728,0.000139024799424392,1.62809089587199e-05,7.98100565708857e-06,0
0.00310581026288441,0.000701793915878007,0.00022713800962486,6.33726790360837e-05,8.76793086731701e-06,7.0815367100388e-06,0
0.00478902552188097,0.00188967302844312,0.000860674198231796,0.000159204957309614,1.64500330085538e-05,1.50590971552307e-05,0
0.00785457977861212,0.00839282384234697,0.00671306491388449,0.000731521833180277,4.58396049744182e-05,1.42412518205051e-05,1.47390542897069e-06
0,0.000181880941607759,0.000122607713430419,0,0,0,0
0,9.93179718912079e-05,6.39412043719511e-05,0,0,0,0
0,8.14190918166981e-05,5.28653235291173e-05,0,0,0,0
0,3.64263585186119e-05,2.298494748649e-05,0,0,0,0
0,4.90333641360454e-05,4.42096523474837e-05,0,0,0,0
0,9.61323350156927e-06,1.01830575149869e-05,0,0,0,0
0,1.43802773578756e-05,1.97610935684978e-05,0,0,0,0
0.00186118362333108,0.000746195744963404,0.000250554790614896,4.22593008112035e-05,4.74402661404469e-06,2.63228328820131e-06,0
0.00516952210179526,0.00585781456595904,0.00419966212997726,0.000499465624417534,3.59256811541596e-05,2.38490794724592e-05,0
0.0107097037795431,0.00301514031869373,0.00128792404282307,0.000314122941148568,3.48748282873796e-05,7.29652909056201e-06,3.82952534156582e-06
0.00988719233373657,0.0102053687784751,0.00808035708182598,0.00343955811859925,0.000136396680162724,8.49048104849087e-06,4.00338148204142e-06
0.00774685516760563,0.00831860819476971,0.0057266639430413,0.00127187956958768,5.17429274807207e-05,7.97237138509808e-05,6.49841519610962e-05
0.00666507525549353,0.00732958262479973,0.00460900040597228,0.000799792965636446,3.59728461787104e-05,7.84373551818592e-05,6.07890767677612e-05
0.001716819298682,0.00191846209176504,0.000173445626943898,3.03494836036472e-05,2.82514564161666e-05,2.11226944254699e-06,0
0.00662332109899509,0.0069759050776007,0.00550844768254133,0.00150476598474995,6.09207932324955e-05,3.00299887842463e-05,1.97762789451682e-05
0,4.18316203543483e-05,2.91093252325968e-05,1.93906487807755e-06,0,0,0
0,8.58567347154069e-05,6.55033612188658e-05,1.92901304350157e-06,0,0,0
0,0.00071818053679396,0.000150553200964337,1.17057057330081e-05,1.13087313557096e-06,0,0
0.0102922355183781,0.00499200833291654,0.00254313581061346,0.00110585097348459,7.72409264070317e-05,2.15002752352167e-05,1.75036719950782e-06
0.0149028483528751,0.00600454863819228,0.0027659959742461,0.00431332020480865,0.000435210099329215,0.000173928497592333,0.000148703163797218
0.0135624404235785,0.00395361130416098,0.00166311093404253,0.000480939613828691,0.00255624936416774,0.000293839733680928,0.000167160906392404
0.0371913110387938,0.0104395198774684,0.00426897008806042,0.0016493655257596,0.00820969454834227,0.00763597709563159,0.00732604481281391
0.000699414175505742,0.000134222496917801,6.99819769129547e-05,0,0,0,0
0,0.000164449534183384,8.50026408508004e-05,0,0,0,0
0.000699414175505742,0.000699414175505742,0.000117642255871273,0,0,0,0
0.0456478041574068,0.0145849621707327,0.00594748233403427,0.0188072494355664,0.0107255920107017,0.00839252985619816,0.00779291647827733
0.0199784814614531,0.00555401496638996,0.00226262344398611,0.000529906298948506,0.000237101144314213,0.00019734578032633,0.000187706789468597
0.00320486255613627,0.00359913267221979,0.00177218182571531,9.55561317325236e-05,9.38909642626623e-06,2.13120859276405e-05,1.56748722452153e-05
0,7.99946175477729e-05,4.48718806840477e-05,4.62768256749173e-06,0,0,0
0.000699414175505742,0.000699414175505742,5.17245250894697e-05,5.30810283821347e-06,0,0,0
0.01550078129056,0.0160692611337205,0.0122581828848664,0.00121950343630692,0.000223141436352918,0.000169018290116203,0.000160488475182845
0.00751824945187259,0.00770572140096226,0.00610502602591988,0.00166380364013353,0.000699414175505742,2.28490419903061e-05,4.49583799385568e-06
0,0.00012688282893863,4.84506406774022e-05,0,0,0,0
0.000699414175505742,0.000699414175505742,0.000139432001823238,0,0,0,0
0.000699414175505742,0.000204617305009678,7.19756386441268e-05,1.02698533131549e-05,0,0,0
0.000707199793064802,0.00112977246930667,0.000230070592705421,2.51137372430847e-05,0,0,0
0.000699414175505742,0.000194333691105799,0.000102587840596517,9.2199845510063e-06,0,0,0
0.000699414175505742,0.000699414175505742,5.66581859005546e-05,3.97215810510372e-06,0,0,0
0.000699414175505742,0.00013004721415657,0.000109162034785176,4.45372165325277e-06,0,0,0
0.000699414175505742,0.000699414175505742,0.000104343638791477,1.1963642215888e-05,0,0,0
0,0.000218569820531226,0.000110567329409558,5.15491347556274e-06,0,0,0
0.000699414175505742,0.000180241981568122,7.15476927489398e-05,1.06251262661907e-06,0,0,0
0.0163063360700985,0.00423085589759435,0.0017696210514579,0.00579615929822337,0.0038126152920912,0.000422553040081735,0.000243173251092065
0.161261778063823,0.0779034230787309,0.0405215005864103,0.054856911330107,0.0306557320520429,0.0251133065965308,0.0237285432002914
0.00866725777112916,0.00227483845280927,0.000891890707938737,0.000137713800145259,2.92356635673503e-05,7.26196497409944e-05,1.19801289155901e-05
0.00287466298561693,0.00111426330567557,0.000386745663766347,4.67421068059404e-05,1.04473840177345e-06,0,0
0.0631570420591384,0.0264395104665213,0.0132182178326093,0.00398159572534581,0.00119687728104539,0.000828357103865264,0.000762500702932849
0.0379126685621087,0.0391678723850506,0.0300769510385486,0.00331106359770877,0.000879523942087857,0.000534820057345366,0.000506868394577347
0.0175911112275626,0.0173245642336253,0.0135216227412182,0.00138161525070816,0.000280650055473074,0.000212011373430679,0.000197708586965778
0.0100769192405018,0.00357428910947244,0.00161952654504748,0.00035769588538958,3.62348803200578e-05,4.93202386610322e-05,2.67353284321887e-05
0.00249654579593317,0.00278828088562033,0.000911341553919603,0.000110671811963327,9.55063602157146e-06,1.1028268242958e-05,0
0,0.000417954779623591,0.000122182827753367,1.7097605867013e-05,4.6844288209908e-06,3.62285381622844e-06,0
0,0.000295105928773833,0.000269947657687568,2.5574269204805e-05,1.04597213545385e-06,8.13337715534352e-07,0
0.847277784021054,1,1,0.667169547486899,0.141265408073333,0.0319008292501019,0.00968312050917916
0,9.90221615624595e-05,4.27640435948448e-05,8.49666705679501e-06,0,0,0
0.000699414175505742,0.000699414175505742,6.62578883002189e-05,1.55631045245221e-05,0,0,0
0.00284020253229516,0.000510847591869162,0.00018715998204792,7.47256519993467e-05,4.79310038530382e-05,0.000343796503196284,0.00017607846967764
0.0595857435281506,0.0127773002924225,0.00603422498877059,0.00276934393918075,0.00162023432288604,0.00146442973522908,0.0014280173734202
0.00961789199189021,0.00222468606970006,0.000900404224170057,0.000136808029075426,2.81492382674607e-05,6.92207642088601e-05,2.87710107359066e-05
0.0202187779289283,0.00474468723842038,0.00202962149189594,0.000793336984558974,0.000306391200506994,0.000244841233701171,0.000228912000973812
0.0338808013631173,0.00741415075085293,0.00339986568799878,0.00149258534833811,0.00080816052931308,0.000529312248317398,0.000503135968774211
0,0.000103126496206338,4.75526783177394e-05,0,0,0,0
0.000699414175505742,0.000223030640817769,8.25081173789037e-05,9.67233062976159e-06,0,0,0
0.000699414175505742,0.000180208151924895,7.78407953799379e-05,0,0,0,0
0,0.00192879934709496,0.00114021639036911,0.000202913726967326,2.0550340989898e-05,1.06283086352019e-05,0
0.00382747838654315,0.00452717281362601,0.00395793120158778,0.00116160703277924,0.000699414175505742,4.30267396407543e-05,0
0,0.00189228966777353,0.00263793827311584,0.000891452622016024,0.000699414175505742,5.0312082596818e-05,1.81361836807605e-06
0,0.00129618839665056,0.0022325440140389,0.000874963806625626,0.000699414175505742,5.67869687690849e-05,1.25503707020713e-06
0.000699414175505742,4.01765391085063e-05,3.08686970523801e-05,1.17182496801114e-05,0,0,0
0,0.00017350278347422,0.000705943790912158,9.1207619293396e-05,4.80913863962194e-05,0.000343720738111592,0.000176044229073812
0,0.0773905102859631,0.150188200866025,0.225893496429562,0.183318066149402,0.0990807499375017,0.0530862693324283
1,1,1,1,1,1,1
0.168582201788711,0.0722631335776305,0.0367833741446133,0.0108271238228893,0.0299878380040719,0.0286499278037445,0.0279594030806376
0.698886101390282,0.819252664871581,0.864822105112598,0.366153969133205,0.0844939111218592,0.042460892194684,0.0359065690789105
0,0.0128232114437668,0.00329261205676093,0.00685535307784531,0.00437942701191229,0.00374064282578614,0.00361467304455467
0,0.00597364176922827,0.00150449972909667,0.00037628991913511,0.00020668445652506,0.000173872051951595,0.000166518966477959
0.0133543720720339,0.0149561172806867,0.0141531772933382,0.00279357970284878,0.000699414175505742,0.000699414175505742,4.88877363712875e-05
0.00607114346377309,0.00739568222568302,0.00671192021271905,0.00191824977657282,0.000699414175505742,3.50797376234941e-05,1.29972043687194e-05
0,0.00212317970237465,0.000397691519616893,0.000113015455513885,6.18724766643041e-05,0.000473364596619604,0.000487902072207569
