0.0,0.0,0.0,0.0,0.0,0.0,0.0,0.0
0.0,0.0002415077148052763,0.0,0.0,0.0,0.0,0.0,0.003909683814526943
0.0,0.0,0.0,0.0,0.0,0.0,0.0,0.0
0.0,0.00028641010487332944,0.0,0.0,0.0,0.0,0.0,0.00427985991427704
0.0,0.0,0.0,0.0,0.0,0.0,0.0,0.0
0.0,0.0,0.0,0.0,0.0,0.0,0.0,0.0
0.0,0.0,0.0,0.0,0.0,0.0,0.0,0.0
0.0,0.0,0.0,0.0,0.0,0.0,0.0,0.0
0.0,0.0,0.0,0.0,0.0,0.0,0.0,0.0
0.0,0.0,0.0,0.0,0.0,0.0,0.0,0.0
0.0,0.0,0.0,0.0,0.0,0.0,0.0,0.0
0.0,0.0,0.0,0.0,0.0,0.0,0.0,0.0
0.0,0.0,0.0,0.0,0.0,0.0,0.0,0.0
0.0,0.0,0.0,0.0,0.0,0.0,0.0,0.0
0.0,0.0,0.0,0.0,0.0,0.0,0.0,0.0
0.0,0.0,0.0,0.0,0.0,0.0,0.0,0.0
0.0,0.0,0.0,0.0,0.0,0.0,0.0,0.0
0.0,0.0,0.0,0.0,0.0,0.0,0.0,0.0
0.0,0.0,0.0,0.0,0.0,0.0,0.0,0.0
0.0,0.0,0.0,0.0,0.0,0.0,0.0,0.0
0.0,0.0,0.0,0.0,0.0,0.0,0.0,0.0
0.0,0.0,0.0,0.0,0.0,0.0,0.0,0.0
0.0,0.0,0.0,0.0,0.0,0.0,0.0,0.0
0.0,0.0,0.0,0.0,0.0,0.0,0.0,0.0
0.0,0.0,0.0,0.0,0.0,0.0,0.0,0.0
0.0,0.0,0.0,0.0,0.0,0.0,0.0,0.0
0.0,0.0,0.0,0.0,0.0,0.0,0.0,0.0
0.0,0.0,0.0,0.0,0.0,0.0,0.0,0.0
0.0,0.0,0.0,0.0,0.0,0.0,0.0,0.0
0.0,0.0,0.0,0.0,0.0,0.0,0.0,0.0
0.0,0.0,0.0,0.0,0.0,0.0,0.0,0.0
0.0,0.0,0.0,0.0,0.0,0.0,0.0,0.0
0.0,0.0,0.0,0.0,0.0,0.0,0.0,0.0
0.0,0.0,0.0,0.0,0.0,0.0,0.0,0.0
0.0,0.0,0.0,0.0,0.0,0.0,0.0,0.0
0.0,0.0,0.0,0.0,0.0,0.0,0.0,0.0
0.0,0.0,0.0,0.0,0.0,0.0,0.0,0.0
0.0,0.0,0.0,0.0,0.0,0.0,0.0,0.0
0.0,0.0,0.0,0.0,0.0,0.0,0.0,0.0
0.0,0.0,0.0,0.0,0.0,0.0,0.0,0.0
0.0,0.0,0.0,0.0,0.0,0.0,0.0,0.0
0.0,0.0,0.0,0.0,0.0,0.0,0.0,0.0
0.0,0.0,0.0,0.0,0.0,0.0,0.0,0.0
0.0,0.0,0.0,0.0,0.0,0.0,0.0,0.0
0.0,0.0,0.0,0.0,0.0,0.0,0.0,0.0
0.0,0.0,0.0,0.0,0.0,0.0,0.0,0.0
0.0,0.0,0.0,0.0,0.0,0.0,0.0,0.0
0.0,0.0,0.0,0.0,0.0,0.0,0.0,0.0
0.0,0.0,0.0,0.0,0.0,0.0,0.0,0.0
0.0,0.00030147333390634384,0.0,0.0,0.0,0.0,0.0,0.016893311530111532
0.0,0.00034423469522085176,0.0,0.0,0.0,0.0,0.0,0.033697516282700235
0.0,0.004809809759886636,0.0013738185430756452,0.005337356388389785,0.0,0.00015499687044072201,0.0,0.13749539529726462
0.0,0.00148681261954172,0.0004375092315085326,0.0,0.0,0.0,0.0,0.04779691155181354
0.0,0.004206802194625747,0.001234548940889986,0.005384909621726483,0.0,0.00016934244021707276,0.0,0.14298535797661316
0.0,0.01249022823391798,0.0003930207303386227,0.0,0.0,0.0,0.0,0.039304613935200905
0.0,0.0028441984475899426,0.0006023857796580426,0.004773786603500443,0.0,0.00015402611759871332,0.0,0.1193441549085037
0.0,0.0,0.0,0.0,0.0,0.0,0.0,0.0
0.0,0.0,0.0,0.0,0.0,0.0,0.0,0.0
0.0,0.0,0.0,0.0,0.0,0.0,0.0,0.0
0.0,0.0,0.0,0.0,0.0,0.0,0.0,0.0
0.0,0.0,0.0,0.0,0.0,0.0,0.0,0.0
0.0,0.0,0.0,0.0,0.0,0.0,0.0,0.0
0.0,0.0,0.0,0.0,0.0,0.0,0.0,0.0
0.0,0.002334895289517457,0.00013363488876882545,0.0032421504727005827,0.0,0.0001530553647567046,0.0,0.1002347739686229
0.0,0.005179422931404485,0.0013328551150887952,0.0008783497893963437,0.011905791164905293,0.009685177385711981,0.9938914538693098,1.1742324731107445
0.0,0.0037952774862085254,0.0007117399000116731,0.000492958751788347,0.0,0.0001526239190491452,0.0,0.10678995886428311
0.0,0.00475018741428519,0.0013473348909392975,0.0005631991188252781,0.0,1.649201217145887e-05,0.0,0.13058307865048846
0.0,0.02475206140499165,0.013353287871066846,0.011656874503992665,0.01898243165281817,0.01525914015646153,1.56676575939332,1.8649716602486575
0.0,0.25745349939008944,0.13470331384766132,0.09271607952147734,0.013459190507350087,0.10912753068665908,1.1202875308022158,1.3454073484502695
0.0,0.017567830076211245,0.01147671823185548,0.010014685378635627,0.017263804181140152,0.013867827539779236,1.4230925208655663,1.707719032575876
0.0,0.017505292352050228,0.011436823631761977,0.008161141473940226,0.011932964974940313,0.009718793722988232,0.9966194267524315,1.2243652729580268
0.0,0.005658164117468333,0.0023244464521668855,0.08893347893462282,0.015471830465720204,0.12532542352172346,1.285784552398809,1.5538667311603653
0.0,0.005103437347018817,0.0015131370657381657,0.0008697542823258692,0.01058081999644216,0.008610054710961565,0.0,0.18154301956474228
0.0,0.044994354046870924,0.013376478301918147,0.0094560346232939,0.013948061633013925,0.1128754757420179,1.1566605025818717,1.3850762239349697
0.0,0.05751521474526089,0.023380286557217092,0.08967623448050241,0.015590837480056833,0.1264695245032381,1.2957871196372253,1.5283823276795054
0.0,0.0,0.0,0.0,0.0,0.0,0.0,0.0
0.0,0.0,0.0,0.0,0.0,0.0,0.0,0.0
0.0,0.0,0.0,0.0,0.0,0.0,0.0,0.0
0.0,0.0,0.0,0.0,0.0,0.0,0.0,0.0
0.0,0.0,0.0,0.0,0.0,0.0,0.0,0.0
0.0,0.0,0.0,0.0,0.0,0.0,0.0,0.0
0.0,0.0,0.0,0.0,0.0,0.0,0.0,0.0
0.0,0.0,0.0,0.0,0.0,0.0,0.0,0.0
0.0,0.0,0.0,0.0,0.0,0.0,0.0,0.0
0.0,0.0,0.0,0.0,0.0,0.0,0.0,0.0
0.0,0.0,0.0,0.0,0.0,0.0,0.0,0.0
0.0,3.365581013028496e-05,0.0,0.0,0.0,0.0,0.0,0.0037123929050721927
0.0,0.0,0.0,0.0,0.0,0.0,0.0,0.0
0.0,0.0,0.0,0.0,0.023300040802505504,0.023487485520654102,2.904381796578491,6.521029416040165
0.0,0.0,0.0,0.0,0.02431498459432575,0.02412872834886898,3.01441003621062,6.542383286582548
0.0,0.0,0.0,0.0,0.0,0.0,0.0,0.0
0.0,0.0,0.0,0.0,0.0,0.0,0.0,0.0
0.0,0.0,0.0,0.03804633198470581,0.266833592009554,0.30463500517099734,23.578778955944244,49.60942413551728
0.0,0.0,0.0,0.09385760212620496,0.32768918892796095,0.2839694033116458,26.92509235964212,57.23046934992162
0.0,0.0055019818476449685,0.0014648403948966224,0.0,0.0,0.0,0.0,0.05943007529640454
0.0,0.0009199082508082657,2.046706694855341e-05,0.0,0.0,0.0,0.0,0.05361047183123446
0.0,0.0011804494215476337,3.870339462382118e-05,0.0,0.0,0.0,0.0,0.025553045029482746
0.0,0.005283147489197787,1.718634100155176e-05,0.0,0.0,0.0,0.0,0.04959043523740547
0.0,0.0,0.0,0.0,0.0,0.0,0.0,0.0
0.0,0.0,0.0,0.0,0.0,0.0,0.0,0.0
0.0,0.0,0.0,0.0,0.0,0.0,0.0,0.0
0.0,0.0,0.0,0.0,0.0,0.0,0.0,0.0
0.0,0.0,0.0,0.0,0.0,0.0,0.0,0.0
0.0,0.0,0.0,0.0,0.0,0.0,0.0,0.0
0.0,0.0,0.0,0.0,0.0,0.0,0.0,0.0
0.0,0.0,0.0,0.0,0.0,0.0,0.0,0.0
0.0,0.0,0.0,0.0,0.0,0.0,0.0,0.0
0.0,0.0,0.0,0.0,0.0,0.0,0.0,0.0
0.0,0.0,0.0,0.0,0.0,0.0,0.0,0.0
0.0,0.0,0.0,0.0,0.0,0.0,0.0,0.0
0.0,0.0,0.0,0.011706110468773968,0.19059039891165536,0.17984667982848662,18.433822097760412,38.512539215453785
0.0,0.00029867354777947895,0.0,0.0,0.0,0.0,0.0,0.02510772373443615
0.0,0.0,0.0,0.0,0.0,0.0,0.0,0.0
0.0,0.0,0.0,0.0,0.0,0.0,0.0,0.0
0.0,0.0,0.0,0.0,0.0,0.0,0.0,0.0
0.0,0.0,0.0,0.0,0.0,0.0,0.0,0.0
0.0,0.0,0.0,0.0,0.0,0.0,0.0,0.0
0.0,0.0,0.0,0.0,0.0,0.0,0.0,0.0
0.0,0.0,0.0,0.0,0.0,0.0,0.0,0.0
0.0,0.0,0.0,0.0,0.0,0.0,0.0,0.0
0.0,0.0,0.0,0.0,0.0,0.0,0.0,0.0
0.0,0.0,0.0,0.0,0.0,0.0,0.0,0.0
0.0,0.0,0.0,0.0,0.0,0.0,0.0,0.0
0.0,0.0,0.0,0.0,0.01778462684164495,0.018186895218001018,2.2824039791516952,5.0738550403206135
0.0,0.0,0.0,0.0,0.011825103713293443,0.012401091094668387,1.6122319741177762,3.576245330631309
0.0,0.0,0.0,0.16451889598257124,0.3631475690172085,0.2997551855099983,28.52459379364086,61.670114606834396
0.0,0.0,0.0,0.0,0.0,0.0,0.0,0.0
0.0,0.0,0.0,0.0,0.0,0.0,0.0,0.0
0.0,0.0,0.0,0.0,0.0,0.0,0.0,0.0
0.0,0.0,0.0,0.0,0.0,0.0,0.0,0.0
0.0,0.0,0.0,0.0,0.0,0.0007571965958361156,0.0,0.06031177913916963
0.0,0.0,0.0,0.0,0.0,0.0,0.0,0.005274900572917882
0.0,0.0,0.0,0.0,0.0,0.0,0.0,0.0
0.0,0.0,0.0,0.0,0.0,0.0,0.0,0.0
0.0,0.0,0.0,0.0,0.0,0.0,0.0,0.0
0.0,0.0,0.0,0.0,0.0,0.0,0.0,0.0
0.0,3.179536842316637e-05,0.0,0.0,0.0,0.0,0.0,0.0014951109133128178
0.0,0.0,0.0,0.0,0.0,0.0,0.0,0.0
0.0,5.710017329668433e-05,0.0,0.0,0.0,0.0,0.0,0.009069815385373659
0.0,0.0012413997879329262,0.0007525632630201135,0.0,0.0,0.0,0.0,0.0
0.0,0.0002840280375062425,0.0,0.0,0.0,0.0,0.0,0.0
0.0,0.025878107739206818,0.013382803310536713,0.0016493198496395525,0.0,0.0,0.0,0.0
0.0,0.020545707079330254,0.01238321245739886,0.0016187533041636072,0.0,0.0,0.0,0.0
0.0,0.012880309651960641,0.007720414555855633,0.001291436546358692,0.0,0.0,0.0,0.0
0.0,0.008717136601702483,0.006471380924116921,0.0,0.0,0.0,0.0,0.0
0.0,0.001669526327929873,0.0008596344082293281,0.0014200707585699625,0.0,0.0,0.0,0.0
0.0,0.041574814851380815,0.02481366672719232,0.0029722380531266666,0.0,0.0,0.0,0.002285012284119148
0.0,0.030375069865588616,0.014830960010009995,0.002708324953893161,0.0,0.0,0.0,0.0020842618505412247
0.0,0.02606493066728825,0.013395621803501444,0.001625121334471096,0.0,0.0,0.0,0.0
0.0,0.0017142051550779502,0.0011053379360355458,0.0001455731728291898,0.0,0.0,0.0,0.0
0.0,0.0013747900345267758,0.0007967445413660674,0.0013207294857731397,0.0,0.0,0.0,0.0
0.0,0.02624952200352324,0.013335019006003715,0.0016162060920406117,0.0,0.0,0.0,0.0
0.0,0.001761383031554717,0.0011201644930566262,0.0014761094252758622,0.0,0.0,0.0,0.0
0.0,0.0014114929012035602,0.0008108168906744985,0.0013449280009415966,0.0,0.0,0.0,0.0
0.0,0.001201303104699672,0.000726397204808001,0.0,0.0,0.0,0.0,0.0
0.0,0.0014424923352901328,0.0008173769656680415,0.001357664061556574,0.0,0.0,0.0,0.0
0.0,0.012215779631674407,0.0007354864720148786,0.0,0.0,0.0,0.0,0.0
0.0,0.0,0.0,0.0,0.0,0.0,0.0,0.0
0.0,0.0,0.0,0.0,0.0,0.0,0.0,0.0
0.0,0.0,0.0,0.0,0.0,0.0,0.0,0.0
0.0,0.0,0.0,0.0,0.0,0.0,0.0,0.0
0.0,0.0,0.0,0.0,0.0,0.0,0.0,0.0
0.0,0.0,0.0,0.0,0.0,0.0,0.0,0.0
0.0,0.0,0.0,0.0,0.0,0.0,0.0,0.0
0.0,0.0,0.0,0.0,0.0,0.0,0.0,0.0
0.0,0.0,0.0,0.0,0.0,0.0,0.0,0.0
0.0,0.0,0.0,0.0,0.0,0.0,0.0,0.007429224952138824
0.0,0.0,0.0,0.0,0.0,7.571965958361155e-05,0.0,0.06774100409159178
0.0,0.0,0.0,0.0,0.0,0.0,0.0,0.0
0.0,0.0,0.0,0.0,0.0,0.0,0.0,0.0
0.0,0.0,0.0,0.0,0.0,0.0,0.0,0.0
0.0,0.0,0.0,0.0,0.0,0.0,0.0,0.0
0.0,0.0,0.0,0.0,0.0,0.0,0.0,0.0
0.0,4.076885229622497e-05,0.0,0.0,0.0,0.0,0.0,0.008502259262968437
0.0,0.00019499667213230463,0.0,0.0,0.0,0.0,0.0,0.01841140297892707
0.0,0.0,0.0,0.0,0.0,0.0,0.0,0.0
0.0,0.0,0.0,0.0,0.0,0.0,0.0,0.0
0.0,0.0,0.0,0.0,0.0,0.0,0.0,0.0
0.0,0.0,0.0,0.0,0.0,0.0,0.0,0.0
0.0,0.0022164435221894005,0.0,0.0,0.0,0.0,0.0,0.006190099101331725
0.0,0.0005386534263886387,0.0,0.0,0.0,0.0,0.0,0.0034820821589264164
0.0,0.0001931292362834243,0.0,0.0,0.0,0.0,0.0,0.01612011835732119
0.0,0.00038782168496953227,0.0,0.0,0.0,0.0,0.0,0.007359989908763964
0.0,0.001670620699621343,0.0,0.0,0.0,0.0,0.0,0.00789588517818629
0.0,0.0,0.0,0.0,0.0,0.0,0.0,0.0
0.0,0.0,0.0,0.0,0.0,0.0,0.0,0.0
0.0,0.0,0.0,0.0,0.0,0.0,0.0,0.0
0.0,0.0,0.0,0.0,0.0,0.0,0.0,0.0
0.0,0.0,0.0,0.0,0.0,0.0,0.0,0.0
0.0,0.0,0.0,0.0,0.0,0.0,0.0,0.0
0.0,0.0,0.0,0.0,0.0,0.0,0.0,0.0
0.0,0.0,0.0,0.0,0.0,0.0,0.0,0.0
0.0,0.0,0.0,0.0,0.0,0.0,0.0,0.0
0.0,0.0,0.0,0.0,0.0,0.0,0.0,0.0
0.0,0.0,0.0,0.0,0.0,0.0,0.0,0.0
0.0,0.0,0.0,0.0,0.0,0.0,0.0,0.0
0.0,0.0,0.0,0.0,0.0,0.0,0.0,0.0
0.0,0.0,0.0,0.0,0.0,0.0,0.0,0.0
0.0,0.0,0.0,0.0,0.0,0.0,0.0,0.0
0.0,0.0002668265079589137,0.0,0.0,0.0,0.0,0.0,0.008029114736018528
0.0,0.0,0.0,0.0,0.0,0.0,0.0,0.0
0.0,0.0,0.0,0.0,0.0,0.0,0.0,0.0
0.0,0.0,0.0,0.0,0.0,0.0,0.0,0.0
0.0,0.0,0.0,0.0,0.0,0.0,0.0,0.0
0.0,0.0,0.0,0.0,0.0,0.0,0.0,0.0
0.0,0.0,0.0,0.0,0.0,0.0,0.0,0.0
0.0,0.0,0.0,0.0,0.0,0.0,0.0,0.0
0.0,0.0,0.0,0.0,0.0,0.0,0.0,0.0
0.0,0.000500857213286542,0.0,0.0,0.0,0.0,0.0,0.0
0.0,0.0011441265112986966,0.00020517027242162577,0.0,0.0,0.0,0.0,0.0
0.0,0.00031590111870314947,0.0,0.0,0.0,0.0,0.0,0.0
0.0,0.0,0.0,0.0,0.0,0.0,0.0,0.0
0.0,0.0,0.0,0.0,0.0,0.0,0.0,0.0
0.0,0.0,0.0,0.0,0.0,0.0,0.0,0.0
0.0,0.0,0.0,0.0,0.0,0.0,0.0,0.0
0.0,0.0,0.0,0.0,0.0,0.0,0.0,0.0
0.0,0.0,0.0,0.0,0.0,0.0,0.0,0.0
0.0,0.0,0.0,0.0,0.0,0.0,0.0,0.0
0.0,0.0,0.0,0.0,0.0,0.0,0.0,0.0
0.0,0.0,0.0,0.0,0.0,0.0,0.0,0.0
0.0,0.0,0.0,0.0,0.0,0.0,0.0,0.0
0.0,0.0,0.0,0.0,0.0,0.0,0.0,0.0
0.0,0.00471209091348684,0.0,0.0,0.0,0.0,0.0,0.002019038202386918
0.0,7.490725819764e-05,0.0,0.0,0.0,0.0,0.0,0.0
0.0,0.0,0.0,0.0,0.0,0.0,0.0,0.0
0.0,0.0,0.0,0.0,0.0,0.0,0.0,0.0
0.0,7.784479773480236e-05,0.0,0.0,0.0,0.0,0.0,0.0
0.0,0.0002994974454224781,0.0,0.0,0.0,0.0,0.0,0.0
0.0,0.0007450271275801176,0.0004698977023747367,0.0,0.0,0.0,0.0,0.0
0.0,0.00027188033915594617,0.0005997147634929326,0.0,0.0,0.0,0.0,0.0
0.0,0.0006621222041730855,0.0,0.0,0.0,0.0,0.0,0.0
0.0,0.021099463248803622,0.012664051101537989,0.0016684239405620185,0.0,0.0,0.0,0.001976014068532095
0.0,0.001709073469767413,0.0011124430660009177,0.0014926663040753328,0.0,0.0,0.0,0.0
0.0,0.007458394620506435,0.00045935869810896624,0.0,0.0,0.0,0.0,0.0
0.0,0.017728867763501414,0.001161336307254247,0.001537242516227753,0.0,0.0,0.0,0.0
0.0,0.000394471232716578,0.0008266924059161636,0.0,0.0,0.0,0.0,0.0
0.0,0.04124244590026045,0.024843616344387167,0.003002385364365384,0.0,0.0,0.0,0.0022948529913264792
0.0,0.0,0.0,0.0,0.0,0.0,0.0,0.0
0.0,0.0,0.0,0.0,0.0,0.0,0.0,0.0
0.0,0.0,0.0,0.0,0.0,0.0,0.0,0.0
0.0,0.0,0.0,0.0,0.0,0.0,0.0,0.0
0.0,0.0,0.0,0.0,0.0,0.0,0.0,0.0
0.0,8.211122420539898e-06,0.0,0.0,0.0,0.0,0.0,0.0
0.0,2.235327705245099e-05,0.0,0.0,0.0,0.0,0.0,0.0011903837930756192
0.0,2.0877513141916854e-05,0.0,0.0,0.0,0.0,0.0,0.0008035612399913432
0.0,0.0,0.0,0.0,0.0,0.0,0.0,0.0
0.0,0.0,0.0,0.0,0.0,0.0,0.0,0.0
0.0,0.0,0.0,0.0,0.0,0.0,0.0,0.0
0.0,0.0,0.0,0.0,0.0,0.0,0.0,0.0
0.0,0.0,0.0,0.0,0.0,0.0,0.0,0.0
0.0,0.0,0.0,0.0,0.0,0.0,0.0,0.0
0.0,0.0,0.0,0.0,0.0,0.0,0.0,0.0
0.0,0.0,0.0,0.0,0.0,0.0,0.0,0.0
0.0,0.0,0.0,0.0,0.0,0.0,0.0,0.0
0.0,0.0,0.0,0.0,0.0,0.0,0.0,0.0
0.0,1.713564730241061e-05,0.0,0.0,0.0,0.0,0.0,0.0
0.0,0.0003687311533314268,0.0,0.0,0.0,0.0,0.0,0.0
0.0,1.5708842384168408e-05,0.0,0.0,0.0,0.0,0.0,0.0
0.0,0.0,0.0,0.0,0.0,0.0,0.0,0.0
0.0,0.0,0.0,0.0,0.0,0.0,0.0,0.0
0.0,0.0,0.0,0.0,0.0,0.0,0.0,0.0
0.0,0.0,0.0,0.0,0.0,0.0,0.0,0.0
0.0,0.0,0.0,0.0,0.0,0.0,0.0,0.0
0.0,0.0,0.0,0.0,0.0,0.0,0.0,0.0
0.0,0.0,0.0,0.0,0.0,0.0,0.0,0.0
0.0,0.0001891425754828135,0.0,0.0,0.0,0.0,0.0,0.0
0.0,0.0005723700049017984,0.0,0.0,0.0,0.0,0.0,0.0
0.0,0.0,0.0,0.0,0.0,0.0,0.0,0.0
0.0,0.0,0.0,0.0,0.0,0.0,0.0,0.0
0.0,0.0,0.0,0.0,0.0,0.0,0.0,0.0
0.0,0.0,0.0,0.0,0.0,0.0,0.0,0.0
0.0,0.0,0.0,0.0,0.0,0.0,0.0,0.0
0.0,0.0,0.0,0.0,0.0,0.0,0.0,0.0
0.0,0.0,0.0,0.0,0.0,0.0,0.0,0.0
0.0,0.0,0.0,0.0,0.0,0.0,0.0,0.0
0.0,0.0,0.0,0.0,0.0,0.0,0.0,0.0
0.0,0.0,0.0,0.0,0.0,0.0,0.0,0.0
0.0,0.0,0.0,0.0,0.0,0.0,0.0,0.0
0.0,0.0,0.0,0.0,0.0,0.0,0.0,0.0
0.0,0.0,0.0,0.0,0.0,0.0,0.0,0.0
0.0,0.0,0.0,0.0,0.0,0.0,0.0,0.0
0.0,0.0,0.0,0.0,0.0,0.0,0.0,0.0
0.0,0.0,0.0,0.0,0.0,0.0,0.0,0.0
0.0,0.0,0.0,0.0,0.0,0.0,0.0,0.0
0.0,0.0,0.0,0.0,0.0,0.0,0.0,0.0
0.0,0.0,0.0,0.0,0.0,0.0,0.0,0.0
0.0,0.0,0.0,0.0,0.0,0.0,0.0,0.0
0.0,0.0,0.0,0.0,0.0,0.0,0.0,0.0
0.0,0.0,0.0,0.0,0.0,0.0,0.0,0.0
0.0,0.0,0.0,0.0,0.0,0.0,0.0,0.0
0.0,0.0,0.0,0.0,0.0,0.0,0.0,0.0
0.0,0.0,0.0,0.0,0.0,0.0,0.0,0.0
0.0,0.0,0.0,0.0,0.0,0.0,0.0,0.0
0.0,0.0,0.0,0.0,0.0,0.0,0.0,0.0
0.0,7.4067961186955475e-06,0.0,0.0,0.0,0.0,0.0,0.0
0.0,0.0,0.0,0.0,0.0,0.0,0.0,0.0
0.0,0.0,0.0,0.0,0.0,0.0,0.0,0.0
0.0,0.0,0.0,0.0,0.0,0.0,0.0,0.0
0.0,0.0,0.0,0.0,0.0,0.0,0.0,0.0
0.0,0.0,0.0,0.0,0.0,0.0,0.0,0.0
0.0,0.0,0.0,0.0,0.0,0.0,0.0,0.0
0.0,0.0,0.0,0.0,0.0,0.0,0.0,0.0
0.0,0.0,0.0,0.0,0.0,0.0,0.0,0.0
0.0,2.019908139157603e-05,0.0,0.0,0.0,0.0,0.0,0.0
0.0,5.505088976215291e-05,0.0,0.0,0.0,0.0,0.0,0.0
0.0,3.664230866013297e-05,0.0,0.0,0.0,0.0,0.0,0.0
0.0,0.0,0.0,0.0,0.0,0.0,0.0,0.0
0.0,0.0,0.0,0.0,0.0,0.0,0.0,0.0
0.0,4.3391655454756706e-05,0.0,0.0,0.0,0.0,0.0,0.0
0.0,0.0002889979373200861,0.0,0.0,0.0,0.0,0.0,0.0
0.0,0.0,0.0,0.0,0.0,0.0,0.0,0.0
0.0,0.0001366655298956009,0.0,0.0,0.0,0.0,0.0,0.0
0.0,0.0,0.0,0.0,0.0,0.0,0.0,0.0
0.0,0.0,0.0,0.0,0.0,0.0,0.0,0.0
0.0,0.0,0.0,0.0,0.0,0.0,0.0,0.0
0.0,0.0,0.0,0.0,0.0,0.0,0.0,0.0
0.0,0.0,0.0,0.0,0.0,0.0,0.0,0.0
0.0,0.0,0.0,0.0,0.0,0.0,0.0,0.0
0.0,3.178837428140886e-05,0.0,0.0,0.0,0.0,0.0,0.0
0.0,0.0,0.0,0.0,0.0,0.0,0.0,0.0
0.0,0.0,0.0,0.0,0.0,0.0,0.0,0.0
0.0,0.0,0.0,0.0,0.0,0.0,0.0,0.0
0.0,0.0,0.0,0.0,0.0,0.0,0.0,0.0
0.0,0.0,0.0,0.0,0.0,0.0,0.0,0.0
0.0,0.0,0.0,0.0,0.0,0.0,0.0,0.0
0.0,4.0845787855541514e-05,0.0,0.0,0.0,0.0,0.0,0.0
0.0,0.0007248029100860349,0.0,0.0,0.0,0.0,0.0,0.0
0.0,0.0,0.0,0.0,0.0,0.0,0.0,0.0
0.0,0.0,0.0,0.0,0.0,0.0,0.0,0.0
0.0,0.0,0.0,0.0,0.0,0.0,0.0,0.0
0.0,0.0,0.0,0.0,0.0,0.0,0.0,0.0
0.0,0.0,0.0,0.0,0.0,0.0,0.0,0.0
0.0,0.0,0.0,0.0,0.0,0.0,0.0,0.0
0.0,0.0,0.0,0.0,0.0,0.0,0.0,0.0
0.0,0.0,0.0,0.0,0.0,0.0,0.0,0.0
0.0,0.0,0.0,0.0,0.0,0.0,0.0,0.0
0.0,0.0,0.0,0.0,0.0,0.0,0.0,0.0
0.0,0.00022291029187690984,0.0,0.0,0.0,0.0,0.0,0.0
0.0,0.00036689169404660507,0.0,0.0,0.0,0.0,0.0,0.0
0.0,0.000989255606775073,0.00045201219383719565,0.0,0.0,0.0,0.0,0.0
0.0,9.749833606664793e-06,0.0,0.0,0.0,0.0,0.0,0.0
0.0,0.0006577620953958973,0.0,0.0,0.0,0.0,0.0,0.0
0.0,0.0,0.0,0.0,0.0,0.0,0.0,0.0
0.0,0.0,0.0,0.0,0.0,0.0,0.0,0.0
0.0,0.0,0.0,0.0,0.0,0.0,0.0,0.0
0.0,0.0,0.0,0.0,0.0,0.0,0.0,0.0
0.0,0.0005423045226655185,0.0008417671970891746,0.0,0.0,0.0,0.0,0.0
0.0,0.0,0.0,0.0,0.0,0.0,0.0,0.0
0.0,0.0,0.0,0.0,0.0,0.0,0.0,0.0
0.0,0.0,0.0,0.0,0.0,0.0,0.0,0.0
0.0,0.0,0.0,0.0,0.0,0.0,0.0,0.0
0.0,0.0,0.0,0.0,0.0,0.0,0.0,0.0
0.0,0.0,0.0,0.0,0.0,0.0,0.0,0.0
0.0,0.0,0.0,0.0,0.0,0.0,0.0,0.0
0.0,0.0,0.0,0.0,0.0,0.0,0.0,0.0
0.0,0.0013926085057526553,0.0004967936996270019,0.0,0.0,0.0,0.0,0.0
0.0,0.0016665338681578293,0.0007872736461688526,0.0013691265161100534,0.0,0.0,0.0,0.0
0.0,0.002138986485399821,0.0008991581466285091,0.001560167425334712,0.0,0.0,0.0,0.0
0.0,0.0025129543523146427,0.0012400462905830826,0.0016811600011769957,0.0,0.0,0.0,0.0
0.0,0.0016623328265784976,0.0007672310457525847,0.0013538432433720805,0.0,0.0,0.0,0.0
0.0,0.0,0.0,0.0,0.0,0.0,0.0,0.0
0.0,0.0,0.0,0.0,0.0,0.0,0.0,0.0
0.0,2.259807201391434e-05,0.0,0.0,0.0,0.0,0.0,0.0
0.0,0.0,0.0,0.0,0.0,0.0,0.0,0.0
0.0,2.2339288768938575e-05,0.0,0.0,0.0,0.0,0.0,0.0
0.0,0.0,0.0,0.0,0.0,0.0,0.0,0.0
0.0,0.0,0.0,0.0,0.0,0.0,0.0,0.0
0.0,0.0,0.0,0.0,0.0,0.0,0.0,0.0
0.0,0.0,0.0,0.0,0.0,0.0,0.0,0.0
0.0,0.0,0.0,0.0,0.0,0.0,0.0,0.0
0.0,0.0,0.0,0.0,0.0,0.0,0.0,0.0
0.0,0.0,0.0,0.0,0.0,0.0,0.0,0.0
0.0,0.0,0.0,0.0,0.0,0.0,0.0,0.0
0.0,0.0,0.0,0.0,0.0,0.0,0.0,0.0
0.0,0.0,0.0,0.0,0.0,0.0,0.0,0.0
0.0,0.0,0.0,0.0,0.0,0.0,0.0,0.0
0.0,0.0,0.0,0.0,0.0,0.0,0.0,0.0
0.0,0.0,0.0,0.0,0.0,0.0,0.0,0.0
0.0,0.0,0.0,0.0,0.0,0.0,0.0,0.0
0.0,0.0,0.0,0.0,0.0,0.0,0.0,0.0
0.0,0.0,0.0,0.0,0.0,0.0,0.0,0.0
0.0,0.0,0.0,0.0,0.0,0.0,0.0,0.0
0.0,0.0,0.0,0.0,0.0,0.0,0.0,0.0
0.0,0.0,0.0,0.0,0.0,0.0,0.0,0.0
0.0,3.1886292265995327e-05,0.0,0.0,0.0,0.0,0.0,0.0
0.0,0.0,0.0,0.0,0.0,0.0,0.0,0.0
0.0,8.476899807237392e-06,0.0,0.0,0.0,0.0,0.0,0.0
0.0,0.00040595397574778777,0.0,0.0,0.0,0.0,0.0,0.0
0.0,0.00037832711581563033,0.0,0.0,0.0,0.0,0.0,0.0
0.0,0.0,0.0,0.0,0.0,0.0,0.0,0.0
0.0,0.0,0.0,0.0,0.0,0.0,0.0,0.0
0.0,0.0,0.0,0.0,0.0,0.0,0.0,0.0
0.0,8.853184634853573e-05,0.0,0.0,0.0,0.0,0.0,0.0
0.0,0.0001846173657688514,0.0,0.0,0.0,0.0,0.0,0.0
0.0,0.0005872980836848066,0.0,0.0,0.0,0.0,0.0,0.0
0.0,0.0008258334252879153,0.0,0.0,0.0,0.0,0.0,0.0
0.0,0.0008033043143282222,0.0009042622780316032,0.0,0.0,0.0,0.0,0.0
0.0,1.8100838864750293e-05,0.0,0.0,0.0,0.0,0.0,0.0
0.0,2.1520974183476642e-05,0.0,0.0,0.0,0.0,0.0,0.0
0.0,2.7340100124540433e-05,0.0,0.0,0.0,0.0,0.0,0.0
0.0,0.0,0.0,0.0,0.0,0.0,0.0,0.0
0.0,0.0,0.0,0.0,0.0,0.0,0.0,0.0
0.0,0.0,0.0,0.0,0.0,0.0,0.0,0.0
0.0,0.0,0.0,0.0,0.0,0.0,0.0,0.0
0.0,0.0,0.0,0.0,0.0,0.0,0.0,0.0
0.0,1.1687210874419948e-05,0.0,0.0,0.0,0.0,0.0,0.0
0.0,0.0,0.0,0.0,0.0,0.0,0.0,0.0
0.0,2.2493159884557457e-05,0.0,0.0,0.0,0.0,0.0,0.0
0.0,0.00014204402490531012,0.0,0.0,0.0,0.0,0.0,0.0
0.0,0.0,0.0,0.0,0.0,0.0,0.0,0.0
0.0,0.0,0.0,0.0,0.0,0.0,0.0,0.0
0.0,0.0,0.0,0.0,0.0,0.0,0.0,0.0
0.0,0.00011778134715670005,0.0,0.0,0.0,0.0,0.0,0.0
0.0,0.0,0.0,0.0,0.0,0.0,0.0,0.0
0.0,0.0,0.0,0.0,0.0,0.0,0.0,0.0
0.0,0.0,0.0,0.0,0.0,0.0,0.0,0.0
0.0,0.0,0.0,0.0,0.0,0.0,0.0,0.0
0.0,0.0,0.0,0.0,0.0,0.0,0.0,0.0
0.0,3.970574274929882e-05,0.0,0.0,0.0,0.0,0.0,0.0
0.0,5.045573862840543e-05,0.0,0.0,0.0,0.0,0.0,0.0
0.0,0.0010319963431583029,0.0,0.0,0.0,0.0,0.0,0.0
0.0,0.001613830545104643,0.0,0.0,0.0,0.0,0.0,0.0
0.0,0.0006802012681058889,0.0,0.0,0.0,0.0,0.0,0.0
0.0,0.0,0.0,0.0,0.0,0.0,0.0,0.0
0.0,0.0,0.0,0.0,0.0,0.0,0.0,0.0
0.0,0.0,0.0,0.0,0.0,0.0,0.0,0.0
0.0,0.0,0.0,0.0,0.0,0.0,0.0,0.0
0.0,0.0,0.0,0.0,0.0,0.0,0.0,0.0
0.0,5.413465719210624e-05,0.0,0.0,0.0,0.0,0.0,0.0
0.0,0.0,0.0,0.0,0.0,0.0,0.0,0.0
0.0,0.0,0.0,0.0,0.0,0.0,0.0,0.0
0.0,9.393132377160025e-06,0.0,0.0,0.0,0.0,0.0,0.0
0.0,2.4584408272642494e-05,0.0,0.0,0.0,0.0,0.0,0.0
0.0,9.295913808013596e-05,0.0,0.0,0.0,0.0,0.0,0.0
0.0,0.0,0.0,0.0,0.0,0.0,0.0,0.0
0.0,0.0,0.0,0.0,0.0,0.0,0.0,0.0
0.6994141755057419,0.1003353697853968,0.0,0.0,0.0,0.0,0.0,0.0
0.0,0.0002533767733637585,0.0,0.0,0.0,0.0,0.0,0.0
0.0,0.00014194610692073794,0.0,0.0,0.0,0.0,0.0,0.0
0.0,0.00019945194043178628,0.0,0.0,0.0,0.0,0.0,0.0
0.0,0.00045905301380532674,0.0,0.0,0.0,0.0,0.0,0.0
0.0,0.0008711584682561944,0.0,0.0,0.0,0.0,0.0,0.0
0.0,0.00039541380412731373,0.0,0.0,0.0,0.0,0.0,0.0
0.0,0.0005964257537145343,0.0,0.0,0.0,0.0,0.0,0.0
0.0,0.0003188978933259856,0.0,0.0,0.0,0.0,0.0,0.0
0.0,0.0,0.0,0.0,0.0,0.0,0.0,0.0
0.0,0.0,0.0,0.0,0.0,0.0,0.0,0.0
0.0,8.932917849675617e-05,0.0,0.0,0.0,0.0,0.0,0.0
0.0,0.0,0.0,0.0,0.0,0.0,0.0,0.0
0.0,0.0,0.0,0.0,0.0,0.0,0.0,0.0
0.0,0.0,0.0,0.0,0.0,0.0,0.0,0.0
0.0,0.0,0.0,0.0,0.0,0.0,0.0,0.0
0.0,0.0002833186942176277,0.0,0.0,0.0,0.0,0.0,0.0
0.0,0.00039137119019284233,0.0,0.0,0.0,0.00012598157758635087,0.0,0.09471950488591574
0.6994141755057419,0.3477704099005208,0.0,0.0,0.0,0.00020101093183890172,0.0,0.012805153818248982
0.0,0.00024552235217259553,0.0,0.0,0.0,0.0,0.0,0.0
0.0,3.862864491886329e-05,0.0,0.0,0.0,0.0,0.0,0.0
0.0,1.2883209114710565e-05,0.0,0.0,0.0,0.0,0.0,0.0
0.0,0.0,0.0,0.0,0.0,0.0,0.0,0.0
0.0,0.0,0.0,0.0,0.0,0.0,0.0,0.0
0.0,0.0,0.0,0.0,0.0,0.0,0.0,0.0
0.0,0.0,0.0,0.0,0.0,0.0,0.0,0.0
0.6994141755057419,0.4892190235156054,0.0,0.0,0.0,0.00018777873581388654,0.0,0.09634609618213706
0.0,0.0008073096093945489,0.0,0.0,0.0,0.0,0.0,0.0
0.0,0.0,0.0,0.0,0.0,0.0,0.0,0.0
0.0,0.0,0.0,0.0,0.0,0.0,0.0,0.0
0.0,0.0,0.0,0.0,0.0,0.0,0.0,0.0
0.0,0.0,0.0,0.0,0.0,0.0,0.0,0.0
0.0,0.00010185568638023464,0.0,0.0,0.0,0.0,0.0,0.0
0.0,0.00010795457799065637,0.0,0.0,0.0,0.0,0.0,0.0
0.0,0.00010553460494341774,0.0,0.0,0.0,0.0,0.0,0.0
0.0,0.00018163086723942037,0.0,0.0,0.0,0.0,0.0,0.0
0.0,0.00049535309566485,0.0,0.0,0.0,0.0,0.0,0.0
0.0,7.314473448514786e-05,0.0,0.0,0.0,0.0,0.0,0.0
0.0,7.833438765764882e-06,0.0,0.0,0.0,0.0,0.0,0.0
0.0,2.281489040835286e-05,0.0,0.0,0.0,0.0,0.0,0.0
0.0,4.389523366119495e-05,0.0,0.0,0.0,0.0,0.0,0.0
0.0,6.934691551159066e-05,0.0,0.0,0.0,0.0,0.0,0.0
0.0,0.00013752580933158775,0.0,0.0,0.0,0.0,0.0,0.0
0.0,0.0,0.0,0.0,0.0,0.0,0.0,0.0
0.0,0.0002529221541496786,0.0,0.0,0.0,0.0,0.0,0.0
0.0,0.0,0.0,0.0,0.0,0.0,0.0,0.0
0.0,0.0,0.0,0.0,0.0,0.0,0.0,0.0
0.0,0.0006547629571207256,7.384769679555475e-05,0.33009601754074486,0.3874567971285589,0.30505450392264977,29.12474782799859,65.059335408536
0.0,0.0,0.0,0.0,0.0,0.0,0.0,0.0
0.0,1.2043912103980444e-05,0.0,0.0,0.0,0.0,0.0,0.0
0.0,3.2592700578991835e-05,0.0,0.0,0.0,0.0018777873581388657,0.0,0.09634609618213706
0.0,3.191426883301929e-05,0.0,0.0,0.0,0.0,0.0,0.0
0.0,0.00021469217531600244,0.0,0.0,0.0,0.0,0.0,0.0
0.0,0.00022179822333948974,0.0,0.0,0.0,0.0,0.0,0.0
0.0,0.00015696252926900825,0.0,0.0,0.0,0.0,0.0,0.0
0.0,0.0005144058285448778,0.0,0.0,0.0,0.0,0.0,0.0
0.0,0.0011357560911903267,0.0,0.0,0.0,0.0,0.0,0.0
0.0,0.0018264176805714676,0.0,0.0,0.0,0.0,0.0,0.0
0.0,0.00028308788753849404,0.0,0.0,0.0,0.0,0.0,0.0
0.0,0.0002234838115022588,0.0,0.4281525869249015,0.4038252383094335,0.42173053322588605,29.59941510971953,70.4145337606384
0.0,0.0,0.0,0.0,0.0,0.0,0.0,0.0
0.0,0.0,0.0,0.0,0.0,0.0,0.0,0.0
0.0,0.00012796481755214962,0.0,0.0,0.0,0.0,0.0,0.0
0.0,0.0004304194836118958,0.0,0.0,0.0,0.0,0.0,0.0
0.0,0.0,0.0,0.0,0.0,0.0,0.0,0.0
0.0,0.0,0.0,0.0,0.0,0.0,0.0,0.0
0.0,0.0,0.0,0.0,0.0,0.0,0.0,0.0
0.0,0.0,0.0,0.0,0.0,0.0,0.0,0.0
0.0,0.0,0.0,0.0,0.0,0.0,0.0,0.0
0.0,0.0,0.0,0.0,0.0,0.0,0.0,0.0
0.0,0.0,0.0,0.0,0.0,0.0,0.0,0.0
0.0,0.0,0.0,0.0,0.0,0.0,0.0,0.0
0.0,0.0,0.0,0.0,0.0,0.0,0.0,0.0
0.0,0.0,0.0,0.0,0.0,0.0,0.0,0.0
0.0,0.0,0.0,0.0,0.0,0.0,0.0,0.0
0.0,0.0,0.0,0.0,0.0,0.0,0.0,0.0
0.0,0.0,0.0,0.0,0.0,0.0,0.0,0.0
0.0,0.0,0.0,0.0,0.0,0.0,0.0,0.0
0.0,0.0,0.0,0.0,0.0,0.0,0.0,0.0
0.0,0.0,0.0,0.0,0.0,0.0,0.0,0.0
0.0,0.0,0.0,0.0,0.0,0.0,0.0,0.0
0.0,0.0,0.0,0.0,0.0,0.0,0.0,0.0
0.0,0.00010262504197340171,0.0,0.0,0.0,0.0,0.0,0.0
0.0,0.001476590253571548,0.00021724460511518656,0.0,0.0,0.0,0.0,0.0
0.0,0.0010232311143137172,8.14754614230645e-05,0.0,0.0,0.0,0.0,0.0
0.0,0.0,0.0,0.0,0.0,0.0,0.0,0.0
0.0,0.0,0.0,0.0,0.0,0.0,0.0,0.0
0.0,0.004127522815383312,0.0,0.04619091825358596,0.18918675937778984,0.15377352477440975,15.702211917134491,20.756522239705042
0.0,0.0,0.0,0.0,0.0,0.0,0.0,0.0
0.0,0.0,0.0,0.0,0.0,0.0,0.0,0.0
0.6994141755057419,0.2836549026074247,0.0,0.0,0.0,0.0,0.0,0.0
0.0,0.0,0.0,0.0,0.0,0.0,0.0,0.0
0.0,0.0008032212279178122,0.0,0.0,0.0,0.0,0.0,0.0
0.0,0.00015713738281133578,0.0,0.0,0.0,0.0018087867896131845,0.0,0.0949558219025194
0.0,0.00012862926101746242,0.0,0.321728399333718,0.3893213064169575,0.3167272860715121,29.191128501496905,64.95947808384955
0.0,0.002024392609706067,0.0012236964685373858,0.5378395131239763,0.40845820882674555,0.3234145396875141,29.69671280922944,79.91847351960928
0.0,0.0006326131276021172,0.0,0.0,0.0,0.0001808786789613184,0.0,0.0949558219025194
0.0,0.00021396478457365786,0.0,0.0,0.0,0.0,0.0,0.0
0.0,0.000490753272441993,0.0,0.0,0.0,0.0,0.0,0.0
0.0,8.346808771712844e-05,0.0,0.0,0.0,0.0,0.0,0.0
0.0,0.00018462435991048725,0.0,0.0,0.0,0.0,0.0,0.0
0.0,0.00014517040626988928,0.0,0.0,0.0,0.0,0.0,0.0
0.0,0.00020471852917332495,0.0,0.0,0.0,0.0,0.0,0.0
0.0,0.0,0.0,0.0,0.0,0.0,0.0,0.0
0.0,1.4631744553732229e-05,0.0,0.0,0.0,0.0,0.0,0.0
0.0,3.663531451837763e-05,0.0,0.0,0.0,0.0,0.0,0.0
0.6994141755057419,0.02843496307080982,0.0,0.0,0.0,0.0,0.0,0.0
0.6994141755057419,0.03018126038420816,0.0,0.0,0.0,0.0,0.0,0.0
0.0,0.0005046452985891275,9.314475992876929e-05,0.0,0.0,0.0,0.0,0.0
0.0,0.0005826469789121424,0.0,0.0,0.0,0.0,0.0,0.0
0.0,0.0008181859811997894,0.0,0.0,0.0,0.0,0.0,0.0
0.6994141755057419,0.24749749780061714,0.0,0.0,0.0,0.0,0.0,0.0
0.0,0.0,0.0,0.0,0.0,0.0,0.0,0.0
0.0,0.0,0.0,0.0,0.0,0.0,0.0,0.0
0.0,0.0015331648316989,0.0,0.0,0.0,0.0,0.0,0.0
0.0,0.0002442004593810592,0.0,0.0,0.0,0.0,0.0,0.0
0.0,0.0001580186446742838,0.0,0.0,0.0,0.0,0.0,0.0
0.0,0.00017688184498770452,0.0,0.0,0.0,0.0,0.0,0.0
0.0,0.0002315760335130923,0.0,0.0,0.0,0.0,0.0,0.0
0.0,0.0,0.0,0.0,0.0,0.0,0.0,0.0
0.0,1.263841415324765e-05,0.0,0.0,0.0,0.0,0.0,0.0
0.0,0.0,0.0,0.06439588261779071,0.27007592225574967,0.21245989660874678,21.506428888819528,30.20772384484094
0.0,0.0002775275448442909,0.0,0.05968451288451731,0.24387419489032308,0.1945102936963471,19.636858139362857,26.952221133329747
0.0,3.35299155786754e-05,0.0,0.0,0.0,0.0,0.0,0.0
0.0,6.960569875656859e-05,0.0,0.0,0.0,0.0,0.0,0.0
0.0,0.0001442821502671632,0.0,0.0,0.0,0.0,0.0,0.0
0.0,0.00024948103640619595,0.0,0.0,0.0,0.0,0.0,0.0
0.0,0.000512873420763405,0.0,0.0,0.0,0.0,0.0,0.0
0.0,0.0,0.0,0.0,0.0,0.0,0.0,0.0
0.0,0.0,0.0,0.0,0.0,0.000165640435843719,0.0,0.13382627031478478
0.0,0.0,0.0,0.0,0.0,0.0,0.0,0.0
0.0,0.0,0.0,0.0,0.0,0.0,0.0,0.0
0.0,0.0,0.0,0.0,0.0,0.0,0.0,0.0
0.0,0.0,0.0,0.0,0.0,0.0,0.0,0.0
0.0,0.0,0.0,0.0,0.0,0.0,0.0,0.0
0.0,0.0002759818395151831,0.0,0.0,0.0,5.6799361616985545e-05,0.0,0.004601127824571449
0.6994141755057419,0.30042370717219535,0.0,0.0,0.0,0.0,0.0,0.0
0.6994141755057419,0.0344433085220317,0.0,0.0,0.0,0.0,0.0,0.0
0.0,0.00263742790855195,0.0,0.0,0.0,0.0,0.0,0.0
0.0,0.00043905696093925076,0.0,0.0,0.0,0.0,0.0,0.0
0.0,0.001041927501473043,0.0,0.0,0.0,0.0,0.0,0.0
0.0,0.0003526337658739201,0.00012843215960170888,0.0,0.0,0.0,0.0,0.0
0.0,5.771565777122189e-05,0.0,0.0,0.0,0.0,0.0,0.0
0.0,0.0,0.0,0.0,0.0,0.0,0.0,0.0
0.0,0.0,0.0,0.0,0.0,0.0,0.0,0.0
0.0,0.0,0.0,0.0,0.0,0.0,0.0,0.0
0.0,0.0,0.0,0.0,0.0,0.0,0.0,0.0
0.0,0.00023293207105025456,7.777203135837976e-05,0.0,0.0,0.0,0.0,0.0
0.0,0.0,0.0,0.0,0.0,0.0,0.0,0.0
0.0,0.0,0.0,0.0,0.0,0.0,0.0,0.0
0.0,0.0,0.0,0.0,0.0,0.0,0.0,0.0
0.0,0.00013840707119269443,0.0,0.0,0.0,0.0,0.0,0.0
0.0,0.00012303394761484926,0.0,0.0,0.0,0.0,0.0,0.0
0.0,0.00010857006246519632,0.0,0.0,0.0,0.0,0.0,0.0
0.0,2.7403047400344997e-05,0.0,0.0,0.0,0.0,0.0,0.0
0.0,2.6696639082980644e-05,0.0,0.0,0.0,0.0,0.0,0.0
0.0,4.5238108878364186e-05,0.0,0.0,0.0,0.0,0.0,0.0
0.0,8.864375261663157e-05,0.0,0.0,0.0,0.0,0.0,0.0
0.0,0.00013923937406148078,0.0,0.0,0.0,0.0,0.0,0.0
0.0,0.0002583566022934221,0.0,0.0,0.0,0.0,0.0,0.0
0.0,0.0004864803555996747,0.0,0.0,0.0,0.0,0.0,0.0
0.0,0.0,0.0,0.0,0.0,0.0,0.0,0.0
0.0,9.79179845720594e-06,0.0,0.0,0.0,0.0,0.0,0.0
0.0,0.0,0.0,0.0,0.0,0.0,0.0,0.0
0.0,0.0,0.0,0.0,0.0,0.0,0.0,0.0
0.0,0.0,0.0,0.0,0.0,0.0,0.0,0.0
0.0,0.0,0.0,0.0,0.0,0.0,0.0,0.0
0.0,0.0,0.0,0.0,0.0,0.0,0.0,0.0
0.0,0.0,0.0,0.0,0.0,0.0,0.0,0.0
0.0,0.0,0.0,0.0,0.0,0.0,0.0,0.0
0.0,0.0,0.0,0.0,0.0,0.0,0.0,0.0
0.833573814154598,0.11067507811311604,0.0006845499908421884,0.0,0.0,4.65653391609292e-05,0.0,0.025753363898502357
2.1764256315839,0.1623099932775898,0.012324418529003471,0.0006859335401507897,0.0,9.145611828936093e-05,0.0,0.0478497210151545
0.0,1.3078157362821936,0.30955660509428085,0.2478123066877855,0.30614950138678,0.2478981033350073,25.285580656691764,36.66389378368369
245.06197712352497,24.331761355179108,2.4297174742332532,0.49302605634344454,0.358932960319313,0.2871998044475094,28.1799598860307,46.36934208434151
47.1310921363687,8.809717194729625,0.3034133464882299,0.12057845322663148,0.1129845349192846,0.09455611465595902,9.95437305170617,10.475666811264897
1000.0,1000.0,1000.0,1000.0,1000.0,1000.0,1000.0,1000.0
61.673898723063395,24.676734414601135,7.235897660458887,0.15431993377422026,0.12323831332138052,0.10387114994827669,10.951901802754492,11.541916840764625
0.0,0.004283843319991138,0.0007068940226965696,0.0,0.0,4.6534724210790525e-05,0.0,0.02573566399212268
0.0,0.010327800734657886,0.0002823469352241763,0.0,0.0,0.0,0.0,0.007176025965236477
0.0,0.17331468384804227,0.015797386403571523,0.001333142000444776,0.0,0.00010517609178975052,0.0,0.07748330134791104
0.0,0.21768225814474548,2.2049005137322837,1.0911930366714433,0.0753095956394775,0.06124106521424161,6.475298301013936,7.025893447407824
47.6935264137897,9.512909284106907,3.9217980799571586,0.12432128775927986,0.10786142688985527,0.08850035142937836,9.283291722378635,9.711049930419748
96.436780451231,8.484528461015167,0.7657190914744307,0.057401295493494514,0.0441449869711335,0.03620217103723518,3.7664212277488787,4.329407668995624
17.0405855929445,11.06279453863788,3.22353766305123,0.3139868490866382,7.481022676680773e-05,1.6760410611707747e-05,0.0,0.06611674230263266
27.1715215361316,2.2312371683601633,0.17045725184481186,0.19959413134258566,0.013067504692497279,0.01053290441138951,1.0730026674893907,1.2243472326143803
21.951602434242602,14.131828610011423,5.76391423451488,0.8442639292044662,0.17885896936759102,0.010291948881738823,1.065728073133414,1.1950661202044153
0.0,7.029112463815892e-05,0.0,0.0,0.0,0.0,0.0,0.0
0.0,0.19193787191372874,0.10408459020858907,0.47367827044906535,0.03804931245998651,0.03012893185493131,3.147171383205432,3.507156159558844
0.0,0.006104677431823637,0.01742125575807627,0.0034259828876457227,0.0005422624027901411,0.00019630944150205357,0.0,0.11033685665870507
0.6994141755057419,0.03205589255360377,6.753490981141862e-05,0.0,0.0,0.0,0.0,0.0023460641350538936
0.0,0.002004126383716792,0.0008146152983652408,0.0,0.0,0.0,0.0,0.0
0.0,0.0010864821451428161,0.0003983568397205643,0.0,0.0,0.0,0.0,0.0
0.6994141755057419,0.05081397222559261,0.0,0.0,0.0,0.0,0.0,0.0
0.6994141755057419,0.041950297593866856,0.0,0.0,0.0,0.0,0.0,0.0
0.6994141755057419,0.052272729456329,0.0,0.0,0.0,0.0,0.0,0.0
0.6994141755057419,0.044117859529091086,0.0,0.0,0.0,0.0,0.0,0.0
7.93783118618404,6.049164205561694,3.21688722198946,0.3928076950021836,0.0007625129179374331,0.0,0.0,0.010928090418019565
20.036243377369498,13.987127263710827,7.21711374922381,1.2576495430272692,0.09311984412256542,0.0002236708513403938,0.0,0.0247386252749493
0.0,0.04346677393415848,0.013386282891596928,0.021348026636604955,0.0002585727460464065,0.0,0.0,0.004861121736212226
0.0,0.049984215600021684,0.014551640066657462,0.002729112412350686,0.004239362550099707,0.0,0.0,0.004142022537052981
125.23014617710199,9.851663537602843,0.8925842041368849,0.10623202065023904,0.07909186577862323,0.06569016084727061,6.856305180401932,7.800913429665225
15.2529183551343,7.930187547277444,2.4682403244130975,0.281276285564322,0.00048460749536336357,0.00014505149477926489,0.0,0.04491340347613004
7.25417907138986,4.967003997456485,1.8484050982213875,0.1669110139934697,9.861002693108164e-05,0.0,0.0,0.014219959211004607
15.5271666461321,7.694028616474692,2.8727264825525722,0.3515537395114475,0.00370287427474205,0.00015207607863858356,0.0,0.04897324728678884
6.60396169604985,4.595736477063175,2.407142457014024,0.2740102283152296,0.00014774618761078157,0.0,0.0,0.011274406302618445
20.2060994165204,7.006422845878274,1.8194372307110345,0.45278303607988885,0.03186999999999982,0.026866806117197346,2.8116307185412097,3.0369797237765885
12.2738302351145,0.7481526458342664,0.06777395880298798,0.00698227384329973,0.006525221339326204,0.0,0.0,0.015541927141384804
13.9401924666313,10.192420723484613,5.702339920487543,0.886651801159267,0.04823487660526763,0.0,0.0,0.019573367751945625
27.8911991117469,4.130498322861164,0.17589655831622153,0.0718870052903081,0.06102549660939033,0.051161312722838595,5.363194688860631,5.693066305867325
0.0,8.959495588345177e-05,0.0,0.0,0.0,5.3206471765864606e-05,0.0,0.0
2.2228077851113803,0.1511946760028839,0.015919338680774088,0.0012400712941392957,0.0014194408684758703,0.0,0.0,0.0
3.25364068125597,2.6165402490438066,0.10494803789309881,0.016215317551367514,0.004937320554755378,0.0,0.0,0.004388369945445447
0.6994141755057419,0.31639016170433326,0.007131848349848978,0.0,0.0,0.0,0.0,0.0
1.43742950698512,0.822071046544007,0.3620461323626084,0.006089715952644242,0.0018787265014763707,0.0,0.0,0.0024444317459710874
0.6994141755057419,0.29440125968696834,0.004271435369344608,0.0,0.0,0.0,0.0,0.0
0.6994141755057419,0.03401949983624882,0.0,0.0,0.0,0.0,0.0,0.0
0.0,0.04267784014829186,0.02706272398216855,0.015063051307594864,0.016307112810406157,0.01336801172193327,1.4321857638099118,1.7509599494701953
0.0,0.1142893410276385,0.07799432839672366,0.0423193515485841,0.044002221899022066,0.036299590741190664,3.8873613589150864,4.506808564624237
15.5362251610002,8.73254973993354,2.2966042472741357,0.3178682514823935,0.01465000000000321,0.01228944823118254,1.2785099580423775,1.4616736925439473
0.0,7.630608654865447e-06,0.0,0.0,0.0,0.0,0.0,0.0
0.0,1.1750158150224512e-05,0.0,0.0,0.0,0.0,0.0,0.0
0.0,4.547590969807003e-05,0.0,0.0,0.0,0.0,0.0,0.0
0.0,6.154145331179958e-05,0.0,0.0,0.0,0.0,0.0,0.0
0.0,2.6906463335662958e-05,0.0,0.0,0.0,0.0,0.0,0.0
15.733423109764201,3.268188573017016,1.296004074463334,0.3635879388386801,0.02592112553049242,0.02171296754163987,2.268764114735177,2.4962173900934457
0.0,0.3096610614007328,0.04417805769417572,0.027020769771724025,8.704361110098045e-06,0.0,0.0,0.035802542281999195
1.7907964346212302,0.15403845741329064,0.0007147680996458597,0.0014821154387961958,0.0,0.0,0.0,0.015034102712888853
5.008221614794101,0.5324506252645768,0.014862844895262937,0.0010640602768016254,0.0001890491936033275,1.781870772220409e-05,0.0,0.0694258070543583
0.0,0.026375770247075596,0.013837842585270134,0.08904556420692814,0.010754199461561966,0.009043265160845868,0.9793422651573565,1.2139722401550732
0.0,0.0,0.0,0.0,0.0,0.0,0.0,0.0
0.0,0.0,0.0,0.0,0.0,0.0,0.0,0.0
0.0,0.0,0.0,0.0,0.0,0.0,0.0,0.0
0.0,0.0,0.0,0.0,0.0,0.0,0.0,0.0
0.0,0.0,0.0,0.0,0.0,0.0,0.0,0.0
0.0,0.0,0.0,0.0,0.0,0.0,0.0,0.0
0.0,0.0,0.0,0.0,0.0,0.0,0.0,0.0
0.0,0.0,0.0,0.0,0.0,0.0,0.0,0.0
17.1484482291186,1.1863836130414749,0.08487782661079007,0.00403534158240041,0.0,0.0,0.0,0.0266540330621865
0.0,0.0002438017933008357,0.0,0.0,0.0,0.0,0.0,0.0
0.0,0.0,0.0,0.0,0.0,0.0,0.0,0.0
0.0,0.0,0.0,0.0,0.0,0.0,0.0,0.0
0.0,0.0,0.0,0.0,0.0,0.0,0.0,0.0
0.0,0.0,0.0,0.0,0.0,0.0,0.0,0.0
0.0,0.0,0.0,0.0,0.0,0.0,0.0,0.0
11.351188472225601,7.898874270097353,3.0140503501075964,0.30545356716579847,0.0003271146461413926,0.0,0.0,0.015130161003980902
0.0,40.64972501068834,9.446693695644484,1.6584469608531096,0.49507456403014594,0.31708627542055523,28.96379742787667,64.09332195214104
0.0,0.1024569586204601,0.07553690374832951,0.049624974403705516,0.062160724067836445,0.05641060016560251,6.277974929111224,8.473856509745987
17.7247846950361,1.1034021269117602,0.09507343742768767,0.017519965773258733,0.012319999999999998,0.010262721411464433,1.0648187488388885,1.2198947990033628
0.0,0.00043402464994939344,0.0,0.0,0.0,0.0,0.0,0.0
0.6994141755057419,0.2555575870686858,0.0016362939921614865,0.0,0.0,0.0,0.0,0.0
0.0,0.0010211226018477157,0.0,0.0,0.0,0.0,0.0,0.0
10.8343939854525,2.0582555936807885,0.765930042348117,0.020628421124122158,0.02072752964823982,0.017280071452120904,1.8568402093335408,2.205518487974656
0.0,0.006352440588826286,0.00010540218570020538,0.0,0.0,0.0,0.0,0.0
15.1962882798826,2.4824610524025403,1.177895889879203,0.03483260852770448,0.03105147197516946,0.025762753274310185,2.737066126393529,3.118023722357806
14.7510096802766,8.876931705234679,3.7432494599207407,0.04310871960629303,0.0012516128252207381,0.0,0.0,0.023099537044799945
4.291060699865829,3.1397204973456145,1.3536453872679097,0.18501333793945385,0.0003964111359621951,0.0,0.0,0.004218797878820624
0.0,0.001127974971553316,0.0,0.0,0.0,0.0,0.0,0.0
0.6994141755057419,0.05285738199226739,0.0,0.0,0.0,0.0,0.0,0.0
0.0,0.006608454320258695,0.0,0.0,0.0,0.0,0.0,0.0
19.0640256164891,1.191572177133712,0.08611110056395616,0.012803567745552859,0.0001367707565311235,2.736375703783241e-05,0.0,0.05385301089791028
16.4698778287114,2.6055314167829273,0.10391263754595897,0.03437490160009949,0.030090452294046426,0.02493619741724966,2.6088514008717993,2.881973206230363
12.7126114216183,2.07029670017642,0.07997577662003114,0.25935042056983276,0.02136491824377842,0.01774379146445407,1.845018993505846,2.0460726655432846
0.0,7.995702855556966e-05,0.0,0.0,0.0,0.0,0.0,0.0
0.0,0.00010310064361256511,0.0,0.0,0.0,0.0,0.0,0.0
0.0,0.0,0.0,0.0,0.0,0.0,0.0,0.0
0.0,0.0,0.0,0.0,0.0,0.0,0.0,0.0
0.0,6.301022308057708e-05,0.0,0.0,0.0,0.0,0.0,0.0
0.0,0.00015222050115905106,0.0,0.0,0.0,0.0,0.0,0.0
0.6994141755057419,0.06367909644463439,0.0,0.0,0.0,0.0,0.0,0.0
0.0,1.6499180402606813e-05,0.0,0.0,0.0,0.0,0.0,0.0
8.38859411205447,2.917277820136053,0.9175261961202765,0.1529495089844754,0.0,3.256692774966604e-05,0.0,0.08718621986190556
2.23212102676102,0.27366333935685827,0.0033089234304322012,0.0006384549705473939,0.0009578492475901927,0.0,0.0,0.025337247097922955
0.0,0.0,0.0,0.0,0.0,0.0,0.0,0.0
0.0,0.0,0.0,0.0,0.0,0.0,0.0,0.0
0.0,0.0,0.0,0.0,0.0,0.0,0.0,0.0
0.0,0.0,0.0,0.0,0.0,0.0,0.0,0.0
4.6285872634632295,0.5163462403470843,0.017053963447571152,0.012229927535915125,0.0017911933696961738,2.5879477700929033e-05,0.0,0.06222847652861674
1.1371567811110401,0.13746966902996435,0.0007046004574379047,0.00012203001419148538,0.0,0.0,0.0,0.0061833156332795625
0.6994141755057419,0.04445043855918106,0.0,0.0,0.0,0.0,0.0,0.0
0.0,0.0035886431095573184,1.9637529646995667e-05,0.0,0.0,0.0,0.0,0.0
9.87547345595971,2.2235205075165383,0.8145556849180002,0.20003883709878856,0.013019999999999992,0.010853660845105433,1.1266528008641217,1.2748727516772156
7.24640209705201,2.9776318551257654,0.8390043689776424,0.06335128795059203,0.0,0.0,0.0,0.04679198690246267
0.0,0.14099709813444858,0.014884777236301506,0.0011147770934004809,0.0,0.0,0.0,0.025474125229266065
0.0,0.0007895005572667726,0.0,0.0,0.0,0.0,0.0,0.0
0.0,0.0011556081296629722,0.0,0.0,0.0,0.0,0.0,0.0
5.67955128038182,0.8085619938984787,0.2869353327081791,0.0016640628104475066,0.0021952621511756093,3.795350884485856e-05,0.0,0.0784030058521239
13.5788395348188,0.9482063462316943,0.06156762263900897,0.0017875561079337444,0.0,0.0,0.0,0.026946579600917175
5.94380578997063,0.3629315422504626,0.021294594119469004,0.003145271730275299,0.0,0.0,0.0,0.011379371515431558
2.62831300139304,1.8098523249285494,0.48938616388952616,0.004763338443556959,0.0,0.0,0.0,0.0
0.0,0.0,0.0,0.0,0.0,0.0,0.0,0.0
0.0,0.0,0.0,0.0,0.0,0.0,0.0,0.0
0.0,9.022442864150756e-06,0.0,0.0,0.0,0.0,0.0,0.0
0.0,2.2346282910694782e-05,0.0,0.0,0.0,0.0,0.0,0.0
0.0,0.0648330099553215,0.051379171719078895,0.02081417032568978,0.018248487673325514,0.014244164935563053,1.3976314406197616,1.6577312892827163
0.0,3.8271943689301494e-05,0.0,0.0,0.0,0.0,0.0,0.0
0.0,8.737781295877108e-05,0.0,0.0,0.0,0.0,0.0,0.0
0.0,3.2557729874579076e-05,0.0,0.0,0.0,0.0,0.0,0.0
0.0,3.2019180959361095e-05,0.0,0.0,0.0,0.0,0.0,0.0
0.6994141755057419,0.34996312798732176,0.002023964104010396,0.004996602873749303,0.0,0.0,0.0,0.0
0.0,0.00023825943724133493,0.0,0.0,0.0,0.0,0.0,0.0
7.242956602263501,1.2126410367116418,0.42901799902014687,0.011071661318632511,0.0018698683876401851,0.0004973264511308334,0.0,0.09534329753205384
6.51561023864931,1.4906255346452508,0.40161987636007584,0.01059991008551026,0.0010525648031732742,3.118373163772254e-05,0.0,0.09187184982965846
0.0,0.0004932421763262591,0.006889500943869043,0.00025311545355968356,0.0,6.002239515990286e-06,0.0,0.015462556042621145
0.0,0.010381334665610132,0.0,0.0,0.0,0.0,0.0,0.002332367346753017
0.0,0.003454749325766364,0.0,0.0,0.0,0.0,0.0,0.0
0.0,0.00032942407666285443,0.0,0.0,0.0,0.0,0.0,0.0
0.6994141755057419,0.03611654332549648,0.0,0.0,0.0,0.0,0.0,0.0
0.6994141755057419,0.3095869471765042,0.003158395071290435,0.0017005306740742639,0.0,0.0,0.0,0.0
0.6994141755057419,0.17311044353395877,0.0006146157783150291,0.00044497031170270726,0.0,0.0,0.0,0.0
0.0,0.0003882009663906125,0.0,0.0,0.0,0.0,0.0,0.0
10.7736615115881,0.24413416824250803,0.05057064069477469,0.019336325233983025,0.01729375377065109,0.014798282980446503,1.5876802181669518,1.8645546508597535
0.0,0.0026716164087193495,7.018845171815401e-05,9.769258759912505e-05,0.0,0.0,0.0,0.0
0.0,0.0,0.0,0.0,0.0,0.0,0.0,0.0
0.0,0.0,0.0,0.0,0.0,0.0,0.0,0.0
0.0,0.0,0.0,0.0,0.0,0.0,0.0,0.0
0.0,0.00021647568146359995,0.0,0.0,0.0,0.0,0.0,0.0
0.0,8.618181470693933e-05,0.0,0.0,0.0,0.0,0.0,0.0
18.4179426387366,1.3860670267144186,0.09074426534922803,0.01079321275138891,0.0,0.0,0.0,0.028932338262166013
5.07500451804971,2.0937396655318574,0.4742176483395104,0.0011095864810638724,0.0,0.0,0.0,0.03207957984523091
0.0,0.055291035729875225,0.00820376375439279,0.0006945329734517085,0.0,0.0,0.0,0.016255037257906224
0.0,0.0026169188347473166,0.0015168217496986747,0.0004151869147062039,0.0,0.0,0.0,0.026622167247296602
0.0,5.6722489634254016e-05,0.0,0.0,0.0,0.0,0.0,0.0
0.0,0.11032461012982998,0.009134860117086883,0.0005038306545660023,0.0,0.0,0.0,0.011872065696479694
0.0,0.0,0.0,0.0,0.0,0.0,0.0,0.0
0.0,0.0,0.0,0.0,0.0,0.0,0.0,0.0
0.0,0.0,0.0,0.0,0.0,0.0,0.0,0.0
0.0,8.204128278787703e-06,0.0,0.0,0.0,0.0,0.0,0.0
0.0,0.008619949629192773,0.00021382451404848736,0.0,0.0,0.0,0.0,0.0007413757339280315
1.6672223627849199,0.4329513060484766,0.0027943678855482297,0.0005874013674735499,0.0011289483157402751,0.00014410286632484664,0.0,0.057831421807350125
7.9030457334084705,3.1160384523560998,0.9304128264533558,0.06850164832344427,0.0,0.0001452981119062,0.0,0.06608533496819291
0.0,0.0,0.0,0.0,0.0,0.0,0.0,0.0
0.0,0.0,0.0,0.0,0.0,0.0,0.0,0.0
0.0,0.0,0.0,0.0,0.0,0.0,0.0,0.0
0.0,0.002297819276411914,1.629283344250006e-05,0.0,0.0,0.0,0.0,0.0
0.0,0.1275069250802755,0.00896721024225089,0.003681863401220827,0.0,0.0,0.0,0.006267632546041568
0.0,0.00029441563900941387,0.0,0.0,0.0,0.0,0.0,0.0
5.17848578327669,1.6888140391293143,0.4171691754594023,0.008840887131952142,0.002174638602782519,0.008913147370568227,1.0038940211081808,1.2426810912462136
0.0,0.0010776701034934536,0.0,0.0,0.0,0.0,0.0,0.0
2.14208918750699,0.3031638532697853,0.005108079746404587,0.0004124117549397365,0.0,0.0,0.0,0.015733352453935368
0.0,1.51283286184134e-05,0.0,0.0,0.0,0.0,0.0,0.0
0.0,0.01041582404772925,0.00013891095003191708,0.0,0.0,0.0,0.0,0.0
5.41435296186716,1.3854453949972478,0.3122054341369853,0.001049288101162878,0.0012374129035854166,1.6518339005199407e-05,0.0,0.045579171260214935
6.6053742357818495,2.228953777565934,0.46150395024890867,0.0012066341082730254,0.0011526272046360453,2.0958631227527288e-05,0.0,0.05882462926729204
0.0,0.0,0.0,0.0,0.0,0.0,0.0,0.0
0.0,0.0,0.0,0.0,0.0,0.0,0.0,0.0
0.0,0.0,0.0,0.0,0.0,0.0,0.0,0.0
0.0,0.0,0.0,0.0,0.0,0.0,0.0,0.0
0.0,0.0,0.0,0.0,0.0,0.0,0.0,0.0
0.0,0.0,0.0,0.0,0.0,0.0,0.0,0.0
0.0,0.0,0.0,0.0,0.0,0.0,0.0,0.0
0.0,0.0,0.0,0.0,0.0,0.0,0.0,0.0
0.0,0.0006304723426129731,0.0,0.0,0.0,0.0,0.0,0.0
0.0,0.000811306770174692,0.0,0.0,0.0,0.0,0.0,0.0
0.6994141755057419,0.31364068509146853,0.0012397943248527452,0.0031390889970895333,0.0,0.0,0.0,0.0
0.6994141755057419,0.18200506998050267,0.0004962726257399615,9.911391525575635e-05,0.0,0.0,0.0,0.0
0.0,0.0010596956076447046,5.132030138935748e-05,0.00012194991293896598,0.0,0.0,0.0,0.0
0.0,0.0002186578536912063,0.0,0.0,0.0,0.0,0.0,0.000912382532989489
0.0,5.779259332279173e-05,0.0,0.0,0.0,0.0,0.0,0.0
0.0,1.887019445791986e-05,0.0,0.0,0.0,0.0,0.0,0.0
0.6994141755057419,0.10653722753464308,8.554081964697036e-05,0.0,0.0,0.0,0.0,0.0
0.0,0.06466618708263261,0.0035575013394612883,0.0004093080375446115,0.0,0.0,0.0,0.0
0.0,0.00023401327957448285,0.0,0.0,0.0,0.0,0.0,0.0
7.9000666611252806,0.2208178495546546,0.031140043903501922,0.01132906719844708,0.010485180096804759,0.009012533712545968,0.9729769950965874,1.1740809694548509
4.56476416622651,2.1891352004203792,0.4639648612553308,0.0008472824047372114,0.0,0.0,0.0,0.038032816427403304
2.68532025645743,1.1264230817667777,0.1372787193795902,0.0037607689919851054,0.0,0.00011524422561767031,0.0,0.033838911209386424
0.0,0.00014445700381066485,0.0,0.0,0.0,0.0,0.0,0.0
1.49270300083079,0.05863334423850149,0.001573421878881455,0.00017486939679973475,0.0,0.0,0.0,0.011850872529976186
0.0,0.060063776376329425,0.01841552791550677,0.0008201909074190053,0.0,0.0,0.0,0.028341420324977662
0.0,1.4114178061889597e-05,0.0,0.0,0.0,0.0,0.0,0.0
0.0,1.4981451639528005e-05,0.0,0.0,0.0,0.0,0.0,0.0
0.0,0.0,0.0,0.0,0.0,0.0,0.0,0.0
0.0,0.0,0.0,0.0,0.0,0.0,0.0,0.0
0.0,0.0,0.0,0.0,0.0,0.0,0.0,0.0
0.0,0.02237303234889764,0.0028580536987819574,0.0024786157114217696,0.0,0.0,0.0,0.001562159485729353
0.0,0.001015798977652188,7.587181877067397e-05,0.0003296865691706736,0.0,2.4810278337273742e-05,0.0,0.04873828152540227
0.0,2.3528292864319427e-05,0.0,0.0,0.0,0.0,0.0,0.0
0.0,0.0,0.0,0.0,0.0,0.0,0.0,0.0
0.0,0.0,0.0,0.0,0.0,0.0,0.0,0.0
0.0,0.016858301551323507,0.0027740995858877657,0.0037095505867900938,0.0,0.0,0.0,0.00663261522186076
8.18715694708244,4.300958944649438,1.4703026475972227,0.11283539624637183,0.001207623333684286,0.0002988840706317906,0.0,0.06154032018093858
0.0,0.0,0.0,0.0,0.0,0.0,0.0,0.0
0.0,0.0,0.0,0.0,0.0,0.0,0.0,0.0
0.0,0.0,0.0,0.0,0.0,0.0,0.0,0.0
0.0,0.0,0.0,0.0,0.0,0.0,0.0,0.0
0.0,0.0,0.0,0.0,0.0,0.0,0.0,0.0
0.0,0.0,0.0,0.0,0.0,0.0,0.0,0.0
0.0,0.0,0.0,0.0,0.0,0.0,0.0,0.0
0.0,0.0,0.0,0.0,0.0,0.0,0.0,0.0
0.0,0.0,0.0,0.0,0.0,0.0,0.0,0.0
0.0,0.0,0.0,0.0,0.0,0.0,0.0,0.0
0.0,0.00015794870325648515,0.0,0.0,0.0,0.0,0.0,0.0
0.0,0.0002174414039124179,0.0,0.0,0.0,0.0,0.0,0.0
0.0,1.5652889250120485e-05,0.0,0.0,0.0,0.0,0.0,0.0
2.7270013542392,0.09216435025473396,0.005295562452472325,0.0006460125984812007,0.000902089283416282,0.0,0.0,0.040525688516027
0.0,0.0005426055173644175,0.0,0.0,0.0,0.0,0.0,0.0
0.0,0.021504798226489926,0.004188037041314283,0.004911698568749301,0.0,0.0,0.0,0.005402088851951703
13.256646385789601,0.705354986426298,0.06027977609390689,0.013556964205675842,0.012108355501843944,0.010266666652256893,1.1011917206185444,1.2951541595551121
0.0,0.0013240190738020685,0.0,0.0,0.0,0.0,0.0,0.0
0.6994141755057419,0.19456781102438336,4.702643305460819e-05,0.0,0.0,0.0,0.0,0.0
0.6994141755057419,0.4466899076359525,0.0006271319865441511,0.0,0.0,0.0,0.0,0.0
2.7785130811489,1.6200345589586262,0.22777843165311407,0.0026283575894773723,0.0,0.0,0.0,0.01998210720375937
0.0,0.00011284348307756523,0.0,0.0,0.0,0.0,0.0,0.0
0.0,1.247055474942971e-05,0.0,0.0,0.0,0.0,0.0,0.0
0.0,0.0,0.0,0.0,0.0,0.0,0.0,0.041831265874861856
0.0,0.0002693371179151383,0.0,0.0,0.0,0.0,0.0,0.0
0.0,0.06883920055960019,0.006818690229826872,0.004364145712229126,0.0,0.0,0.0,0.024377312177421118
0.0,0.07772000124945229,0.020114203649353804,0.007753929306107808,0.0,0.0,0.0,0.03197114365048037
0.0,0.0002583981720566779,0.0,0.0,0.0,0.0,0.0,0.0
0.0,0.037597254043036266,0.008375646961305503,0.0007829308140233102,0.0,0.0,0.0,0.022059015895138145
0.0,0.0004869881023953522,0.0,0.0,0.0,0.0,0.0,0.0
0.0,0.002032735081271949,0.0006681160350091046,0.0,0.0,0.0,0.0,0.0
0.0,0.00528530354025242,0.0002186172210027075,0.0,0.0,0.0,0.0,0.0
0.0,0.0007356804753871986,8.621915682588878e-05,0.00038293265090598726,0.0,0.00029098303787818846,0.9165988888382799,1.1238195077131194
0.0,0.011072296332038573,0.0010085226115214663,0.001052269353062613,0.0,0.0,0.0,0.0
0.0,0.02535258421548823,0.019174643761401926,0.018911337099461457,0.031170684482173933,0.029901372846455627,3.6072894762137366,4.909113288791729
0.0,0.0,0.0,0.0,0.0,0.0,0.0,0.0
0.0,0.0,0.0,0.0,0.0,0.0,0.0,0.0
0.899256737075142,0.46670942599796233,0.0013089482377915535,0.00010998159343901767,0.0,0.0,0.0,0.000921976267820168
0.0,0.017960487037336628,0.0020088823803279853,0.0006983202424763008,0.0,0.0,0.0,0.0
0.0,0.0006926953322552896,0.00045766640666637957,0.0,0.0,0.0,0.0,0.0
0.0,0.0,0.0,0.0,0.0,0.0,0.0,0.0
0.0,0.0,0.0,0.0,0.0,0.0,0.0,0.0
0.0,0.0,0.0,0.0,0.0,0.0,0.0,0.0
0.0,0.0,0.0,0.0,0.0,0.0,0.0,0.0
2.71378874783606,1.7126112874831618,0.8658024027879768,0.09555065547259672,0.0002567978332644467,0.0,0.0,0.004358449993560498
0.0,0.0,0.0,0.0,0.0,0.0,0.0,0.0
0.0,0.006965502544562553,0.0029570183599673372,0.004810961778835129,0.0004094916477468519,0.0,0.0,0.0
0.0,4.4251934890752846e-05,0.0,0.0,0.0,0.0,0.0,0.0
0.0,9.833063894880249e-05,0.0,0.0,0.0,0.0,0.0,0.0
0.0,0.0,0.0,0.0,0.0,0.0,0.0,0.0
0.0,0.0,0.0,0.0,0.0,0.0,0.0,0.0
0.0,0.0,0.0,0.0,0.0,0.0,0.0,0.0
0.0,0.0,0.0,0.0,0.0,0.0,0.0,0.0
0.0,0.0,0.0,0.0,0.0,0.0,0.0,0.0
0.0,1.7478360248458476e-05,0.0,0.0,0.0,0.0,0.0,0.0
0.0,0.00012134835945180845,0.0,0.0,0.0,0.0,0.0,0.0
0.0,0.00016157309159967547,0.0,0.0,0.0,0.0,0.0,0.0
0.0,0.0002623022822545087,0.0,0.0,0.0,0.0,0.0,0.0
0.0,0.0,0.0,0.0,0.0,0.0,0.0,0.0
0.0,0.13242750150243518,0.01385724474586819,0.0005886005891018318,0.0,0.0,0.0,0.018824536376996548
0.0,0.005780256307878767,0.0021361217939097404,0.00407983781274891,0.0,0.0,0.0,0.004213754675220116
0.0,0.028211412476624585,0.0047278462019599635,0.002321153943076421,0.0,0.0,0.0,0.012176516563158657
0.0,0.0897392414861121,0.007071162657617469,0.00026297025856682004,0.0,0.0,0.0,0.006535934408020694
0.0,0.03528715414929652,0.004684336473995844,0.00122471214215842,0.0,0.0,0.0,0.006927490813723125
0.0,0.0,0.0,0.0,0.0,0.0004395130229139563,1.0602721273664883,1.5882189131733773
0.0,0.034011183578040664,0.024269999258760853,0.015444936941960908,0.01872588626885669,0.01759219386777727,2.066894121359155,2.759261026037378
0.0,2.7368076691564828e-05,0.0,0.0,0.0,0.0,0.0,0.0
0.6994141755057419,0.27859515833654425,7.223580362833554e-05,0.0,0.0,0.0,0.0,0.0
0.0,0.0012282360308000357,0.0002620736396219185,0.0,0.0,0.0,0.0,0.0
0.0,0.00013225222644810226,0.0,0.0,0.0,0.0,0.0,0.0
15.7926653038033,1.1504125194649446,0.08026211519504456,0.010192435916336576,0.001280187670622937,0.000376498066121086,0.0,0.08551676801926078
0.0,0.0,0.0,0.0,0.0,0.0,0.0,0.0
0.0,0.0,0.0,0.0,0.0,0.0,0.0,0.0
0.0,0.0,0.0,0.0,0.0,0.0,0.0,0.0
0.0,0.05888010756415231,0.0043725040332965,0.00018546397596791363,0.0,0.0,0.0,0.0
0.0,0.02544191637690431,0.0022396535953416183,0.0,0.0,0.0,0.0,0.0
0.0,0.0002492430372911748,0.0,0.0,0.0,0.0,0.0,0.0
0.0,0.0012209352886391168,0.0,0.0,0.0,0.0,0.0,0.0
0.0,0.0,0.0,0.0,0.0,0.0,0.0,0.0
0.0,8.756665477453263e-06,0.0,0.0,0.0,0.0,0.0,0.0
0.0,0.00010287683107647871,0.0,0.0,0.0,0.0,0.0,0.0
0.0,0.0,0.0,0.0,0.0,0.0,0.0,0.0
0.0,0.00016574256631940237,0.0,0.0,0.0,0.0,0.0,0.0
0.0,0.0,0.0,0.0,0.0,0.0,0.0,0.0
0.0,0.0,0.0,0.0,0.0,0.0,0.0,0.0
0.0,0.0,0.0,0.0,0.0,0.0,0.0,0.0
0.0,0.0,0.0,0.0,0.0,0.0,0.0,0.0
0.0,0.0,0.0,0.0,0.0,0.0,0.0,0.0
0.0,0.0,0.0,0.0,0.0,0.0,0.0,0.0
2.60152344068133,1.812112053238936,0.9204033744612068,0.100758525966711,0.00024846083618022813,0.0,0.0,0.0023665679441461623
0.6994141755057419,0.2059707828977436,0.00046318729190633135,1.6868782275882928e-05,0.0,0.0,0.0,0.0
8.31165536412091,7.14724714230153,4.83157841746382,0.9161535257383049,0.07809662881416218,0.0,0.0,0.01896696375024476
0.0,0.011607387403744758,0.005685024120578308,0.010090296861595065,0.0006285739716566981,0.0,0.0,0.004066126239195
0.0,2.552861740971312e-05,0.0,0.0,0.0,0.0,0.0,0.0
0.0,0.02057910113487498,0.0015470805442875549,0.00024454073634837004,0.0,0.0,0.0,0.0
0.0,0.0,0.0,0.0,0.0,0.0,0.0,0.0
0.0,0.0,0.0,0.0,0.0,0.0,0.0,0.0
0.0,0.00048366588478978526,0.0,0.001357664061556574,0.0,0.0,0.0,0.02448118638312735
0.0,0.0003425730631641281,0.0,0.00027906690893250556,0.0,2.426536339981928e-05,0.0,0.05164420808250725
0.0,0.001719373807668533,0.0010286590227453754,0.0,0.0,0.0,0.0,0.0
12.7788089804387,11.415651958090208,8.383195457394246,1.71694611214613,0.15526786262856854,0.0,0.0,0.02014131088344584
0.0,0.0,0.0,0.0,0.0,0.0,0.0,0.0
0.6994141755057419,0.23504717063691652,0.00020990894070803797,0.0,0.0,0.0,0.0,0.0
0.0,0.0,0.0,0.0,0.0,0.0,0.0,0.0
0.0,0.0,0.0,0.0,0.0,0.0,0.0,0.0
0.0,0.0,0.0,0.0,0.0,0.0,0.0,0.0
0.0,0.013173628161543249,0.0017715225039865402,0.0,0.0,0.0,0.0,0.0
0.0,9.15742980001588e-05,0.0,0.0,0.0,0.0,0.0,0.0
2.7739955913205105,0.17916758926729426,0.13083247609417478,0.0005437097635045081,0.0001044415019341667,0.0,0.0,0.011216256378247635
0.0,6.026152537043014e-05,0.0,0.0,0.0,0.0,0.0,0.0
0.0,0.015765043854523715,0.001709497888049911,0.00026099878489596433,0.0,0.0,0.0,0.0
0.0,0.0002535869895529773,0.0,0.0,0.0,0.0,0.0,0.0
0.0,0.00019975336427135136,0.0,0.0,0.0,0.0,0.0,0.0
0.0,0.0,0.0,0.0,0.010266383512565872,0.01121479689056233,1.509478328841169,2.231077728841741
0.0,0.0,0.0,0.0,0.02036253787459631,0.022005092677640743,2.9180216609961462,4.411678976583634
0.0,0.0,0.0,0.008963604106895905,0.12262315189282967,0.11831202812322528,13.798996168781287,20.696148177711958
0.0,2.2884831822845765e-05,0.0,0.0,0.0,0.0,0.0,0.0
0.0,0.0,0.0,0.0,0.0,0.0,0.0,0.0
0.0,7.509610003508804e-05,0.0,0.0,0.0,0.0,0.0,0.0
0.0,0.0001150536318722062,0.0,0.0,0.0,0.0,0.0,0.0
0.0,0.0005836504814379181,0.0,0.0,0.0,0.0,0.0,0.0
0.6994141755057419,0.18055176490541933,0.0,0.0,0.0,0.0,0.0,0.0
0.0,0.0,0.0,0.0,0.0,0.0,0.0,0.0
0.0,0.0,0.0,0.0,0.0,0.0,0.0,0.0
0.0,0.00022241370781372107,0.0,0.0,0.0,0.0,0.0,0.0
0.0,0.0,0.0,0.0,0.0,0.0,0.0,0.0
0.0,0.0,0.0,0.0,0.0,0.0,0.0,0.0
0.0,4.495134906636229e-05,0.0,0.0,0.0,0.0,0.0,0.0
0.0,0.0021352614408160307,0.0004109992698267561,0.0,0.0,0.0,0.0,0.0
0.0,0.014063173533581233,0.006278854523846362,0.001160332668467096,0.0010042986276488535,0.0,0.0,0.004199683608931082
0.0,9.693880472646686e-06,0.0,0.0,0.0,0.0,0.0,0.0
0.0,0.000685675274974104,0.0003238742226388736,0.0,0.0,0.0,0.0,0.0
0.0,0.0,0.0,0.0,0.0,0.0,0.0,0.0
0.0,0.0003272859994966783,4.946418822515453e-05,0.0,0.0,0.0,0.0,0.0
0.0,0.0028773451240625457,0.0002562979656921974,0.0,0.0,0.0,0.0,0.0
0.0,7.073175557928933e-05,0.0,0.0,0.0,0.0,0.0,0.0
0.0,0.00010603118900795851,0.0,0.0,0.0,0.0,0.0,0.0
0.0,0.0004410016200809161,0.0,0.0,0.0,0.0,0.0,0.0
0.0,0.0017984526284666562,0.0,0.0,0.0,0.0,0.0,0.0
0.0,0.0,0.0,0.0,0.0,0.0,0.0,0.0
0.0,0.0,0.0,0.0,0.0,0.0,0.0,0.0
0.0,0.0,0.0,0.0,0.0,0.0,0.0,0.0
0.0,0.0,0.0,0.0,0.0,0.0,0.0,0.0
0.0,0.0,0.0,0.0,0.0,0.0,0.0,0.0
0.0,0.0,0.0,0.0,0.0,0.0,0.0,0.0
5.937272682411661,0.42976258267568845,0.012144817110192196,0.020139522318562232,0.001468849852992879,0.0,0.0,0.01759897746342176
13.8412318255419,13.576943027329214,10.74197291059333,2.46428621778466,0.24059809772345575,0.0,0.0,0.020839920914113463
0.0,5.008504911532905e-05,0.0,0.0,0.0,0.0,0.0,0.0
0.0,2.1919640263573948e-05,0.0,0.0,0.0,0.0,0.0,0.0
2.44652865899666,2.5347983567279706,1.823568238388325,0.28617359851162444,0.0,0.0,0.0,0.011032597967641777
0.0,0.0030067815593953786,0.0003040743772014876,0.0010084970596346014,0.0,0.0,0.0,0.012689579609286739
0.0,0.0,0.0,0.0,0.0,0.0,0.0,0.0
0.0,0.0,0.0,0.0,0.0,0.0,0.0,0.0
0.0,0.0,0.0,0.0,0.0,0.0,0.0,0.0
0.0,0.0,0.0,0.0,0.0,0.0,0.0,0.0
0.0,0.00012351370017594132,0.0005437330033554358,0.0,0.0,0.0,0.0,0.0
0.0,0.0005110133555815819,0.00013413315886773547,0.0,0.0,0.0,0.0,0.0
0.0,3.119387223214252e-05,0.0,0.0,0.0,0.0,0.0,0.0
0.0,0.00016877563469333123,0.0,0.0,0.0,0.0,0.0,0.0
0.0,0.000369780274589114,0.0,0.0,0.0,0.0,0.0,0.0
0.0,0.0,0.0,0.0,0.0,0.0,0.0,0.0
0.0,1.6862875773923083e-05,0.0,0.0,0.0,0.0,0.0,0.0
0.0,0.004572953663607664,0.000450693504208597,0.0,0.0,0.0,0.0,0.0
0.0,0.0,0.0,0.0,0.0,0.0,0.0,0.0
0.0,0.0,0.0,0.0,0.0,0.0,0.0,0.0
0.0,8.77065376082392e-05,0.0,0.0,0.0,0.0,0.0,0.0
0.0,1.7296512562800124e-05,0.0,0.0,0.0,0.0,0.0,0.0
0.0,0.0,0.0,0.0,0.0,0.0,0.0,0.0
0.0,0.0,0.0,0.0,0.0,0.0,0.0,0.0020977657713956432
0.0,0.0008591557797488933,0.000249271208060349,0.0,0.0,0.0,0.0,0.0035907538676838158
0.0,0.0005053583841029544,0.0003258497498720912,0.0,0.0,0.0,0.0,0.0
0.0,0.020810892563135418,0.0021403596980055935,0.00013328412035608733,0.0,0.0,0.0,0.0014464948899341559
0.0,0.0014445700380865444,0.0,0.0,0.0,0.0,0.0,0.0
0.8300207376990981,0.0697112552014629,0.005131980761807738,0.0007560238336319474,0.0007264715770029176,0.0,0.0,0.0013625465253492262
0.0,0.0029490592623466704,0.0006208550729262836,0.0011760311942517576,0.0,0.0,0.0,0.0
0.0,0.0,0.0,0.0,0.0,0.0,0.0,0.0
0.0,0.0,0.0,0.0,0.0,0.0,0.0,0.0
0.0,0.0,0.0,0.0,0.0,0.0,0.0,0.0
0.0,0.0004970097174697663,0.0,0.0,0.0,0.0,0.0,0.0
0.0,0.0,0.0,0.0,0.0,0.0,0.0,0.0
0.0,0.0,0.0,0.0,0.0,0.0,0.0,0.0
0.0,0.0,0.0,0.0,0.0,0.0,0.0,0.0
0.0,0.0,0.0,0.0,0.0,0.0,0.0,0.0
0.6994141755057419,0.03854247708659386,0.0,0.0,0.0,0.0,0.0,0.003495391937576642
0.0,0.0016725790593009407,0.0,0.0,0.0,0.0,0.0,0.0
0.0,8.211122420539898e-06,0.0,0.0,0.0,0.0,0.0,0.0
0.0,0.0,0.0,0.0,0.0,0.0,0.0,0.0
0.0,0.0,0.0,0.0,0.0,0.0,0.0,0.0
0.0,0.00012898037246905658,0.0,0.0,0.0,0.0,0.0,0.0
0.0,0.00016246764667413342,0.0,0.0,0.0,0.0,0.0,0.0
0.0,1.3813429968270513e-05,0.0,0.0,0.0,0.0,0.0,0.0
0.0,3.978967245037244e-05,0.0,0.0,0.0,0.0,0.0,0.0
0.0,0.0,0.0,0.0,0.0,0.0,0.0,0.0
0.0,0.0,0.0,0.0,0.0,0.0,0.0,0.0
0.0,0.0,0.0,0.0,0.0,0.0,0.0,0.0
0.0,0.0,0.0,0.0,0.0,0.0,0.0,0.0
0.0,0.0,0.0,0.0,0.0,0.001543094398036825,0.0,0.07682213883785399
0.0,0.00017437500210486253,0.0,0.0,0.0,0.0,0.0,0.0
0.0,2.9151582839366443e-05,0.0,0.0,0.0,0.0,0.0,0.0
0.0,0.0003643977675694149,0.000839972098832431,0.0,0.0,0.0,0.0,0.0
0.0,6.579998238646456e-05,0.00028225700083662217,0.0,0.0,0.0,0.0,0.0
0.0,0.0,0.0,0.0,0.0,0.0,0.0,0.0
0.0,0.0,0.0,0.0,0.0,0.0,0.0,0.0
0.0,0.0,0.0,0.0,0.0,0.0,0.0,0.0
0.0,0.0,0.0,0.0,0.0,0.0,0.0,0.0
0.0,7.972622187762263e-05,0.0,0.0,0.0,0.0,0.0,0.0
0.0,6.822085868886125e-05,0.0,0.0,0.0,0.0,0.0,0.0
0.0,0.0,0.0,0.0,0.0,0.0,0.0,0.0
0.0,0.0,0.0,0.0,0.0,0.0,0.0,0.0
0.0,2.3185579921424903e-05,0.0,0.0,0.0,0.0,0.0,0.0
0.0,0.006690546639820329,0.0017056472984751548,5.895754047436483e-05,0.0,0.0,0.0,0.001549815953695669
0.0,0.0,0.0,0.0,0.0,0.0,0.0,0.0
0.0,0.0,0.0,0.0,0.0,0.0,0.0,0.0
0.0,0.0020303776602321835,0.00014472879759755333,0.00025147006007374996,0.0,0.0,0.0,0.0
0.0,0.005475089181326317,0.0014609207279742133,0.0003745244448001941,0.0,0.0,0.0,0.0013599634994540912
0.0,0.0033598634391962994,0.001020860369720421,0.0012744553704448322,0.0,0.0,0.0,0.0
0.0,8.316034546865768e-06,0.0,0.0,0.0,0.0,0.0,0.0
0.0,2.8095467434198235e-05,0.0,0.0,0.0,0.0,0.0,0.0
0.0,0.0,0.0,0.0,0.0,0.0,0.0,0.0
0.0,0.0,0.0,0.0,0.0,0.0,0.0,0.0
0.0,0.0,0.0,0.0,0.0,0.0,0.0,0.0
0.0,0.0,0.0,0.0,0.0,0.0,0.0,0.0
0.0,0.00014187134500037984,0.0,0.0,0.0,0.0,0.0,0.0
0.0,0.00033375133862816855,0.0,0.0,0.0,0.0,0.0,0.0
0.0,0.0,0.0,0.0,0.0,0.0,0.0,0.0
0.0,0.0,0.0,0.0,0.0,0.0,0.0,0.0
0.0,0.0,0.0,0.0,0.0,0.0,0.0,0.0
0.0,0.0,0.0,0.0,0.0,0.0,0.0,0.0
0.0,0.00038236972974819104,0.0,0.0,0.0,0.0,0.0,0.0
0.0,0.0005009973166318423,0.0,0.0,0.0,0.0,0.0,0.0
0.0,0.0004218334659029274,8.661816110897733e-05,0.0,0.0,0.0,0.0,0.0
0.0,0.0001506990197908423,0.00044901041731271706,0.0,0.0,0.0,0.0,0.0
0.0,0.0005769649662545999,0.0,0.0,0.0,0.0,0.0,0.0
0.0,0.00015778783799614925,0.0,0.0,0.0,0.0,0.0,0.0
0.0,0.0001284823840420773,0.0,0.0,0.0,0.0,0.0,0.0
0.0,0.0,0.0,0.0,0.0,0.0,0.0,0.0
0.0,0.0,0.0,0.0,0.0,0.0,0.0,0.0
0.0,0.0,0.0,0.0,0.0,0.0,0.0,0.0
0.0,7.882397758052319e-05,0.0,0.0,0.0,0.0,0.0,0.0
0.0,0.001793018180322778,0.0,0.0,0.0,0.0,0.0,0.0
0.0,0.0005757577492751251,0.0,0.0,0.0,0.00015430943980368245,0.0,0.07682213883785399
0.0,0.0003720232321689602,0.0007423779694665332,0.0,0.0,0.0,0.0,0.0
0.0,0.0,0.0,0.0,0.0,0.0,0.0,0.0
0.0,7.134024590251434e-05,0.0,0.0,0.0,0.0,0.0,0.0
0.0,0.0,0.0,0.0,0.0,0.0,0.0,0.0
0.0,0.0,0.0,0.0,0.0,0.0,0.0,0.0
0.0,5.316247148800732e-05,0.0,0.0,0.0,0.0,0.0,0.0
0.0,0.0,0.0,0.0,0.0,0.0,0.0,0.0
0.0,0.0,0.0,0.0,0.0,0.0,0.0,0.0
0.0,0.0,0.0,0.2413309416063871,0.3830919558184769,0.40116482750765814,29.025631479900994,59.283451975615954
0.0,0.00034953460193524907,0.000673807913730684,0.0,0.0,0.0,0.0,0.0
0.0,0.0,0.0,0.0,0.0,0.0,0.0,0.0
0.0,7.952339175603804e-05,0.0,0.0,0.0,0.0,0.0,0.0
0.0,0.0,0.0,1.13465350643837,0.5233934929997388,0.5182677850478088,29.74763496972014,132.62272078519314
0.0,0.0,0.0,0.0,0.0,0.0,0.0,0.0
0.0,0.0,0.0,0.0,0.0,0.0,0.0,0.0
0.0,0.0,0.0,0.0,0.0,0.0,0.0,0.0
0.0,0.0,0.0,0.0,0.0,0.0,0.0,0.0
0.0,0.0,0.0,0.0,0.0,0.0,0.0,0.0
0.0,0.0,0.0,0.0,0.0,0.0,0.0,0.0
0.0,0.0,0.0,0.0,0.0,0.0,0.0,0.0
0.0,0.0,0.0,0.0,0.0,0.0,0.0,0.0
0.0,0.0,0.0,0.0,0.0,0.0,0.0,0.0
0.0,9.528119314314819e-05,0.0,0.0,0.0,0.0,0.0,0.0
0.0,0.0,0.0,0.0,0.0,0.0,0.0,0.0
0.0,7.96632745911352e-06,0.0,0.0,0.0,0.0,0.0,0.0
0.0,0.0,0.0,0.0,0.0,0.0,0.0,0.0
0.0,0.0,0.0,0.0,0.0,0.0,0.0,0.0
0.0,0.0,0.0,0.0,0.0,0.0,0.0,0.0
0.0,0.0,0.0,0.0,0.0,0.0,0.0,0.0
0.0,0.0,0.0,0.0,0.0,0.0,0.0,0.0
0.0,6.1366599767897e-05,0.0,0.0,0.0,0.0,0.0,0.0
0.0,0.00037639067778799245,1.0110773581938593e-05,0.0,0.0,0.0,0.0,0.0
0.0,0.0,0.0,0.0,0.0,0.0,0.0,0.0
0.0,0.0002869346655051102,0.0,0.0,0.0,0.0,0.0,0.0
0.0,0.0,0.0,0.0,0.0,0.0,0.0,0.0
0.0,0.0,0.0,0.0,0.0,0.0,0.0,0.0
0.0,3.736270526100887e-05,0.0,0.0,0.0,0.0,0.0,0.0
0.0,0.0,0.0,0.0,0.0,0.0,0.0,0.0
0.0,0.00010694042743460476,0.0,0.0,0.0,0.0,0.0,0.0
0.0,0.0,0.0,0.0,0.0,4.547812262235621e-05,0.0,0.03375650705947919
0.0,0.0,0.0,0.0,0.0,0.0,0.0,0.0
0.0,0.0,0.0,0.0,0.0,0.0,0.0,0.0
0.0,0.0,0.0,0.0,0.0,0.0,0.0,0.0
0.0,0.0,0.0,0.0,0.0,0.0,0.0,0.0
0.0,0.0,0.0,0.0,0.0,0.0,0.0,0.0
0.0,6.324802390028552e-05,0.0,0.0,0.0,0.0,0.0,0.0
0.0,0.0,0.0,0.0,0.0,0.0,0.0,0.0
0.0,0.0,0.0,0.09180377960261737,0.3258211966066501,0.2562122628276841,26.165806573749023,40.60666542638731
0.0,0.0,0.0,0.0,0.0,0.0,0.0,0.0
0.0,0.0,0.0,0.0,0.0,0.0,0.0,0.0
0.0,0.0,0.0,0.0,0.0,0.0,0.0,0.0
0.0,0.0,0.0,0.0,0.0,0.0,0.0,0.0
0.0,0.0,0.0,0.0,0.0,0.0,0.0,0.0
0.0,0.0,0.0,0.0,0.0,0.0,0.0,0.0
0.0,0.0,0.0,0.0,0.0,0.0,0.0,0.0
0.0,0.0,0.0,0.0,0.0,0.0,0.0,0.0
0.0,0.0,0.0,0.0,0.0,0.0,0.0,0.0
0.0,0.0,0.0,0.0,0.0,0.0,0.0,0.0
0.0,0.0,0.0,0.0,0.0,0.0,0.0,0.0
0.0,0.0,0.0,0.0,0.0,0.0,0.0,0.0
0.0,0.0,0.0,0.0,0.0,0.0,0.0,0.0
0.0,0.0,0.0,0.0,0.0,0.0,0.0,0.0
0.0,0.0,0.0,0.0,0.0,0.0,0.0,0.0
0.0,0.0,0.0,0.0,0.0,0.0,0.0,0.0
0.0,0.0,0.0,0.0,0.0,0.0,0.0,0.0
0.0,0.0,0.0,0.0,0.0,0.0,0.0,0.0
0.0,0.0,0.0,0.0,0.0,0.0,0.0,0.0
0.0,0.0,0.0,0.0,0.0,0.0,0.0,0.0
0.0,0.0,0.0,0.0,0.0,0.0,0.0,0.0
0.0,0.0,0.0,0.0,0.0,0.0,0.0,0.0
0.0,0.0,0.0,0.0,0.0,0.0,0.0,0.0
0.0,0.0,0.0,0.0,0.0,0.0,0.0,0.0
0.0,0.0,0.0,0.0,0.0,0.0,0.0,0.0
0.0,0.0,0.0,0.0,0.0,0.0,0.0,0.0
0.0,0.0,0.0,0.0,0.0,0.0,0.0,0.0
0.0,0.0,0.0,0.0,0.0,0.0,0.0,0.0
0.0,0.0,0.0,0.0,0.0,0.0,0.0,0.0
0.0,0.0,0.0,0.14651959616868376,0.36203692960631345,0.3759529471144974,28.33545434038774,51.23041080491765
0.0,0.0,0.0,0.89169625890796,0.49927818818544,0.36007200108751275,29.74672564542493,110.62067272993359
0.0,0.0,0.0,0.0,0.0,0.0,0.0,0.0
0.0,0.0,0.0,0.0,0.0,0.0,0.0,0.0
0.0,0.0,0.0,0.0,0.0,0.0,0.0,0.0
0.0,0.0,0.0,0.0,0.0,0.0,0.0,0.0
0.0,0.0,0.0,0.0,0.0,0.0,0.0,0.0
0.0,0.0,0.0,0.0,0.0,0.0,0.0,0.0
0.0,0.0,0.0,0.0,0.0,0.0,0.0,0.0
0.0,0.0,0.0,0.0,0.0,0.0,0.0,0.0
0.0,0.0,0.0,0.0,0.0,0.0,0.0,0.0
0.0,0.0,0.0,0.0,0.0,0.0,0.0,0.0
0.0,0.0,0.0,0.0,0.0,0.0,0.0,0.0
0.0,0.0,0.0,0.0,0.0,0.0,0.0,0.0
0.0,0.0,0.0,0.0,0.0,0.0,0.0,0.0
0.0,0.00032672433795031923,0.0,0.0,0.0,0.0,0.0,0.0
0.0,0.0,0.0,0.0,0.0,0.0,0.0,0.0
0.0,0.0,0.0,0.0,0.0,0.0,0.0,0.0
0.6994141755057419,0.48361748532547666,0.0,0.0,0.0,0.0,0.0,0.0
0.0,0.0,0.0,0.0,0.0,0.0,0.0,0.0
0.6994141755057419,0.3866554600499476,0.0,0.0,0.0,0.0,0.0,0.0
0.0,0.00020068990352242955,0.0,0.0,0.0,0.0,0.0,0.0
0.0,0.0002665467422887079,0.0,0.0,0.0,0.0,0.0,0.0
0.0,0.0003184292858285456,0.0,0.0,0.0,0.0,0.0,0.0
0.0,0.0,0.0,0.0,0.0,0.0,0.0,0.0
0.0,0.0,0.0,0.0,0.0004189189024349595,0.0001993767588880917,0.0,0.09782508195754444
0.0,0.0,0.0,0.0,0.0,0.0,0.0,0.0
0.0,0.0,0.0,0.0,0.0,0.00045455315138593754,0.0,0.03375650705947919
0.0,0.0,0.0,0.0,0.0,0.0010234783999970483,0.0,0.05500195041895495
0.0,0.0,0.0,0.0,0.0,0.0,0.0,0.0
0.0,0.0,0.0,0.0,0.0,0.0,0.0,0.0
0.0,0.0,0.0,0.0,0.0,0.0,0.0,0.0
0.0,0.0,0.0,0.0,0.0,0.0,0.0,0.0
0.0,0.00010176476253741008,0.0,0.0,0.0,0.0,0.0,0.0
0.0,0.0,0.0,0.0,0.0,0.0,0.0,0.0
0.0,0.0,0.0,0.0,0.0,0.0,0.0,0.0
0.0,0.0,0.0,0.0,0.0,0.0,0.0,0.0
0.0,0.0,0.0,0.0,0.0,0.0,0.0,0.0
0.0,0.0,0.0,0.0,0.0,0.0,0.0,0.0
0.6994141755057419,0.46597651128380374,0.0,0.0,0.0,0.0,0.0,0.0
0.0,0.0,0.0,0.0,0.0,0.0,0.0,0.0
0.0,0.0,0.0,0.0,0.0,0.0,0.0,0.0
0.0,0.0,0.0,0.0,0.0,0.0,0.0,0.0
0.0,0.0,0.0,0.0,0.0,0.0,0.0,0.0
0.0,0.0,0.0,0.0,0.0,0.0,0.0,0.0
0.0,0.0,0.0,0.0,0.0,0.0,0.0,0.0
0.0,0.0,0.0,0.0,0.0,0.0,0.0,0.0
0.0,0.0,0.0,0.0,0.0,0.0,0.0,0.0
0.0,0.0,0.0,0.0,0.0,0.0,0.0,0.0
0.0,0.0005531317007059213,0.0,0.0,0.0,0.0,0.0,0.0
0.0,0.00010530379826546312,0.0,0.0,0.0,0.0,0.0,0.0
0.0,0.0,0.0,0.0,0.0,0.0,0.0,0.0
0.0,0.0,0.0,0.0,0.0,0.0,0.0,0.0
0.0,0.0,0.0,0.0,0.0,0.0,0.0,0.0
0.0,0.0,0.0,0.0,0.0,0.0,0.0,0.0
0.0,0.0,0.0,0.0,0.0,0.0,0.0,0.0
0.0,0.0,0.0,0.0,0.0,0.0,0.0,0.0
0.0,0.0,0.0,0.0,0.0,0.0,0.0,0.0
0.0,0.0,0.0,0.0,0.0,0.0,0.0,0.0
0.0,0.00018835223746614812,0.0,0.0,0.0,0.0,0.0,0.0
0.0,1.0826931438421422e-05,0.0,0.0,0.0,0.0,0.0,0.0
0.0,0.0,0.0,0.0,0.0,0.0,0.0,0.0
0.0,0.0,0.0,0.0,0.0,0.0,0.0,0.0
0.0,0.0,0.0,0.0,0.0,0.0,0.0,0.0
0.0,0.0,0.0,0.0,0.0,0.0,0.0,0.0
0.0,0.0,0.0,0.0,0.0,0.0,0.0,0.0
0.0,0.0,0.0,0.0,0.0,0.0,0.0,0.0
0.0,0.0,0.0,0.0,0.0,0.0,0.0,0.0
0.0,0.0,0.0,0.0,0.0,0.0,0.0,0.0
0.0,0.0,0.0,0.0,0.0,0.0,0.0,0.0
0.0,0.0,0.0,0.0,0.0,0.0,0.0,0.0
0.0,0.0003808030420005213,0.0,0.0,0.0,0.0,0.0,0.0
0.0,0.0012190789079223766,0.0,0.0,0.0,0.0,0.0,0.0
0.0,0.00012093570508833968,0.0,0.0,0.0,0.0,0.0,0.0
0.0,0.0,0.0,0.0,0.0,0.0,0.0,0.0
0.0,0.0,0.0,0.0,0.0,0.0,0.0,0.0
0.0,0.0,0.0,0.0,0.0,0.0,0.0,0.0
0.0,0.0003348025716772017,0.0,0.0,0.0,0.0,0.0,0.0
0.0,0.0,0.0,0.0,0.0,0.0,0.0,0.0
0.0,0.0,0.0,0.0,0.0,0.0,0.0,0.0
0.0,0.0,0.0,0.0,0.0,0.0,0.0,0.0
0.0,0.0,0.0,0.0,0.0,0.0,0.0,0.0
0.0,0.0,0.0,0.0,0.0,0.0,0.0,0.0
0.0,0.0,0.0,0.0,0.0,0.0,0.0,0.0
0.0,0.0002273096070423249,0.0,0.0,0.0,0.0,0.0,0.0
0.0,0.0,0.0,0.0,0.0,0.0,0.0,0.0
0.0,0.0,0.0,0.0,0.0,0.0,0.0,0.0
0.0,0.0,0.0,0.0,0.0,0.0,0.0,0.0
0.0,0.0,0.0,0.0,0.0,0.0,0.0,0.0
0.0,9.26024368505772e-05,0.0,0.0,0.0,0.0,0.0,0.0
0.0,0.0,0.0,0.0,0.0,0.0,0.0,0.0
0.0,0.0,0.0,0.0,0.0,0.0,0.0,0.0
0.0,0.0,0.0,0.0,0.0,0.0,0.0,0.0
0.0,0.0,0.0,0.0,0.0,0.0,0.0,0.0
0.0,0.0,0.0,0.0,0.0,0.0,0.0,0.0
0.0,0.0,0.0,0.0,0.0,0.0,0.0,0.0
0.0,0.0004693558707623965,0.0,0.0,0.0,0.0,0.0,0.0
0.0,0.0,0.0,0.0,0.0,0.0,0.0,0.0
0.0,0.0,0.0,0.0,0.0,0.0,0.0,0.0
0.0,0.0,0.0,0.0,0.0,0.0,0.0,0.0
0.0,0.0,0.0,0.0,0.0,0.0,0.0,0.0
0.0,0.0,0.0,0.0,0.0,0.0,0.0,0.0
0.0,0.0,0.0,0.0,0.0,0.0,0.0,0.0
0.0,7.588643804336079e-05,0.0,0.0,0.0,0.0,0.0,0.0
0.0,0.0,0.0,0.0,0.0,0.0,0.0,0.0
0.0,0.0,0.0,0.0,0.0,0.0,0.0,0.0
0.0,0.0,0.0,0.0,0.0,0.0,0.0,0.0
0.0,0.0,0.0,0.0,0.0,0.0,0.0,0.0
0.0,0.0,0.0,0.0,0.0,0.0,0.0,0.0
0.0,0.0,0.0,0.0,0.0,0.0,0.0,0.0
0.6994141755057419,0.35744939285067223,0.0,0.0,0.0,0.0,0.0,0.0
0.0,0.0,0.0,0.0,0.0,0.0,0.0,0.0
0.0,0.0,0.0,0.0,0.0,0.0,0.0,0.0
0.0,0.0,0.0,0.0,0.0,0.0,0.0,0.0
0.0,0.0,0.0,0.0,0.0,0.0,0.0,0.0
0.0,0.0,0.0,0.0,0.0,0.0,0.0,0.0
0.0,0.000604993261820342,0.0,0.0,0.0,0.0,0.0,0.0
0.0,0.0,0.0,0.0,0.0,0.0,0.0,0.0
0.0,0.0,0.0,0.0,0.0,0.0,0.0,0.0
0.0,0.0,0.0,0.0,0.0,0.0,0.0,0.0
0.0,0.0,0.0,0.0,0.0,0.0,0.0,0.0
0.0,0.0004439811244746286,0.0,0.0,0.0,0.0,0.0,0.0
0.0,0.0,0.0,0.0,0.0,0.0,0.0,0.0
0.0,0.0,0.0,0.0,0.0,0.0,0.0,0.0
0.0,0.0,0.0,0.0,0.0,0.0,0.0,0.0
0.0,0.0,0.0,0.0,0.0,0.0,0.0,0.0
0.0,0.0,0.0,0.0,0.0,0.0,0.0,0.0
0.0,0.0,0.0,0.0,0.0,0.0,0.0,0.0
0.0,0.0,0.0,0.0,0.0,0.0,0.0,0.0
0.0,0.0,0.0,0.0,0.0,0.0,0.0,0.0
0.0,0.0,0.0,0.0,0.0,0.0,0.0,0.0
0.0,0.0,0.0,0.0,0.0,0.0,0.0,0.0
0.0,0.0,0.0,0.0,0.0,0.0,0.0,0.0
0.0,0.0,0.0,0.0,0.0,0.0,0.0,0.0
0.0,0.0,0.0,0.0,0.0,0.0,0.0,0.0
0.0,0.0,0.0,0.0,0.0,0.0,0.0,0.0
0.0,0.0,0.0,0.0,0.0,0.0,0.0,0.0
0.0,0.0,0.0,0.0,0.0,0.0,0.0,0.0
0.0,0.0,0.0,0.0,0.0,0.0,0.0,0.0
0.0,0.0,0.0,0.0,0.0,0.0,0.0,0.0
0.0,7.073874972105248e-05,0.0,0.0,0.0,0.0,0.0,0.0
0.0,0.0005053407300927258,0.0,0.0,0.0,0.0,0.0,0.0
0.6994141755057419,0.24142854111693587,0.0,0.0,0.0,0.0,0.0,0.0
0.0,0.00042849609462936467,0.0,0.0,0.0,0.0,0.0,0.0
0.0,5.6449718113370066e-05,0.0,0.0,0.0,0.0,0.0,0.0
0.0,0.0,0.0,0.0,0.0,0.0,0.0,0.0
0.0,0.0,0.0,0.0,0.0,0.0,0.0,0.0
0.0,0.0,0.0,0.0,0.0,0.0,0.0,0.0
0.0,0.0,0.0,0.0,0.0,0.0,0.0,0.0
0.0,0.0,0.0,0.0,0.0,0.0,0.0,0.0
0.0,0.0,0.0,0.0,0.0,0.0,0.0,0.0
0.0,1.6960793758508683e-05,0.0,0.0,0.0,0.0,0.0,0.0
0.0,0.00019624162936574766,0.0,0.0,0.0,0.0,0.0,0.0
0.0,0.0,0.0,0.0,0.0,0.0,0.0,0.0
0.0,0.0,0.0,0.0,0.0,0.0,0.0,0.0
0.0,0.0,0.0,0.0,0.0,0.0,0.0,0.0
0.0,0.0,0.0,0.0,0.0,0.0,0.0,0.0
0.0,0.0,0.0,0.0,0.0,0.0,0.0,0.0
0.0,0.0,0.0,0.0,0.0,0.0,0.0,0.0
0.0,0.0,0.0,0.0,0.0,0.0,0.0,0.0
0.0,0.0,0.0,0.0,0.0,0.0,0.0,0.0
0.0,0.0,0.0,0.0,0.0,0.0,0.0,0.0
0.0,0.0,0.0,0.0,0.0,0.0,0.0,0.0
0.0,0.0,0.0,0.0,0.0,0.0,0.0,0.0
0.0,0.0,0.0,0.0,0.0,0.0,0.0,0.0
0.0,0.0,0.0,0.0,0.0,0.0,0.0,0.0
0.0,0.00037464819725623825,0.0,0.0,0.0,0.0,0.0,0.0
0.0,0.0,0.0,0.0,0.0,0.0,0.0,0.0
0.0,0.0,0.0,0.0,0.0,0.0,0.0,0.0
0.0,0.0,0.0,0.0,0.0,0.0,0.0,0.0
0.0,0.0,0.0,0.0,0.0,0.0,0.0,0.0
0.0,0.0,0.0,0.0,0.0,0.0,0.0,0.0
0.0,0.0,0.0,0.0,0.0,0.0,0.0,0.0
0.0,0.0,0.0,0.0,0.0,0.0,0.0,0.0
0.0,0.0,0.0,0.0,0.0,0.0,0.0,0.0
0.0,0.0,0.0,0.0,0.0,0.0,0.0,0.0
0.0,0.0,0.0,0.0,0.0,0.0,0.0,0.0
0.0,0.0,0.0,0.0,0.0,0.0,0.0,0.0
0.0,0.0,0.0,0.0,0.0,0.0,0.0,0.0
0.0,0.00010876589843429618,0.0,0.0,0.0,0.0,0.0,0.01306856078645069
0.0,0.0,0.0,0.0,0.0,0.0,0.0,0.0
0.0,0.0,0.0,0.0,0.0,0.0,0.0,0.0
0.0,0.00040777944675042055,0.0,0.0,0.0,0.0,0.0,0.003456891601672396
0.0,0.0,0.0,0.0,0.0,0.0,0.0,0.0
0.0,0.0,0.0,0.0,0.0,0.0,0.0,0.0
0.0,0.0,0.0,0.0,0.0,0.0,0.0,0.0
0.0,0.0,0.0,0.0,0.0,0.0,0.0,0.0
0.0,0.0,0.0,0.0,0.0,0.0,0.0,0.0
0.0,1.4365967167001125e-05,0.0,0.0,0.0,0.0,0.0,0.0
0.0,0.0,0.0,0.0,0.0,0.0,0.0,0.0
0.0,0.0,0.0,0.0,0.0,0.0,0.0,0.0
0.0,0.0,0.0,0.0,0.0,0.0,0.0,0.0
0.0,0.0,0.0,0.0,0.0,0.0,0.0,0.0
0.0,0.00017408418828564515,0.0,0.0,0.0,0.0,0.0,0.0
0.0,0.0,0.0,0.0,0.0,0.0,0.0,0.0
0.0,5.558244453561685e-05,0.0,0.0,0.0,0.0,0.0,0.0
0.0,0.0,0.0,0.0,0.0,0.0,0.0,0.0
0.0,0.00014568797275970637,0.0,0.0,0.0,0.0,0.0,0.0
0.0,4.196485053651732e-05,0.0,0.0,0.0,0.0,0.0,0.0
0.0,0.0,0.0,0.0,0.0,0.0,0.0,0.0
0.0,0.0,0.0,0.0,0.0,0.0,0.0,0.0
0.0,0.0,0.0,0.0,0.0,0.0,0.0,0.0
0.0,0.0,0.0,0.0,0.0,0.0,0.0,0.0
0.0,0.0,0.0,0.0,0.0,0.0,0.0,0.0
0.0,0.0,0.0,0.0,0.0,0.0,0.0,0.0
0.0,0.0,0.0,0.0,0.0,0.0,0.0,0.0
0.0,0.0,0.0,0.0,0.0,0.0,0.0,0.0
0.0,0.0,0.0,0.0,0.0,0.0,0.0,0.0
0.0,6.5556090679794e-05,0.0,0.0,0.0,0.0,0.0,0.0
0.0,0.0,0.0,0.0,0.0,0.0,0.0,0.0
0.0,0.0,0.0,0.0,0.0,0.0,0.0,0.0
0.0,0.0,0.0,0.0,0.0,0.0,0.0,0.0
0.0,0.0,0.0,0.0,0.0,0.0,0.0,0.0
0.0,0.0,0.0,0.0,0.0,0.0,0.0,0.0
0.0,0.0,0.0,0.0,0.0,0.0,0.0,0.0
0.0,0.0,0.0,0.0,0.0,0.0,0.0,0.0
0.0,9.218278833297562e-06,0.0,0.0,0.0,0.0,0.0,0.0
0.0,2.0548788479380752e-05,0.0,0.0,0.0,0.0,0.0,0.0
0.0,0.0,0.0,0.0,0.0,0.0,0.0,0.0
0.0,0.0,0.0,0.0,0.0,0.0,0.0,0.0
0.0,0.0,0.0,0.0,0.0,0.0,0.0,0.0
0.0,0.0002792061388655265,0.0,0.0,0.0,0.0,0.0,0.0
0.0,0.0,0.0,0.0,0.0,0.0,0.0,0.0
0.0,0.0,0.0,0.0,0.0,0.0,0.0,0.0
0.0,0.0,0.0,0.0,0.0,0.0,0.0,0.0
0.0,0.0,0.0,0.0,0.0,0.0,0.0,0.0
0.0,9.868734016509325e-06,0.0,0.0,0.0,0.0,0.0,0.0
0.0,0.0,0.0,0.0,0.0,0.0,0.0,0.0
0.0,0.0,0.0,0.0,0.0,0.0,0.0,0.0
0.0,0.0,0.0,0.0,0.0,0.0,0.0,0.0
0.0,0.0,0.0,0.0,0.0,0.0,0.0,0.0
0.0,0.0,0.0,0.0,0.0,0.0,0.0,0.0
0.0,0.0,0.0,0.0,0.0,0.0,0.0,0.0
0.0,0.0,0.0,0.0,0.0,0.0,0.0,0.0
0.0,0.0,0.0,0.0,0.0,0.0,0.0,0.0
0.0,0.0,0.0,0.0,0.0,0.0,0.0,0.0
0.0,0.0,0.0,0.0,0.0,0.0,0.0,0.0
0.0,0.0,0.0,0.0,0.0,0.0,0.0,0.0
0.0,0.0,0.0,0.0,0.0,0.0,0.0,0.0
0.0,0.0,0.0,0.0,0.0,0.0,0.0,0.0
0.0,0.0,0.0,0.0,0.0,0.0,0.0,0.0
0.0,0.0,0.0,0.0,0.0,0.0,0.0,0.0
0.0,0.0,0.0,0.0,0.0,0.0,0.0,0.0
0.0,0.0,0.0,0.0,0.0,0.0,0.0,0.0
0.0,0.0,0.0,0.0,0.0,0.0,0.0,0.0
0.0,0.0,0.0,0.0,0.0,0.0,0.0,0.0
0.0,0.0,0.0,0.0,0.0,0.0,0.0,0.0
0.0,0.0,0.0,0.0,0.0,0.0,0.0,0.0
0.0,0.0,0.0,0.0,0.0,0.0,0.0,0.0
0.0,0.0,0.0,0.0,0.0,0.0,0.0,0.0
0.0,0.0,0.0,0.0,0.0,0.0,0.0,0.0
0.0,0.0,0.0,0.0,0.0,0.0,0.0,0.0
0.0,0.0,0.0,0.0,0.0,0.0,0.0,0.0
0.0,0.0,0.0,0.0,0.0,0.0,0.0,0.0
0.0,0.0,0.0,0.0,0.0,0.0,0.0,0.0
0.0,0.0,0.0,0.0,0.0,0.0,0.0,0.0
0.0,0.0,0.0,0.0,0.0,0.0,0.0,0.0
0.0,0.0,0.0,0.0,0.0,0.0,0.0,0.0
0.0,0.0,0.0,0.0,0.0,0.0,0.0,0.0
0.0,0.0,0.0,0.0,0.0,0.0,0.0,0.0
0.0,0.0,0.0,0.0,0.0,0.0,0.0,0.0
0.0,0.0,0.0,0.0,0.0,0.0,0.0,0.0
0.0,0.0,0.0,0.0,0.0,0.0,0.0,0.0
0.0,0.0,0.0,0.0,0.0,0.0,0.0,0.0
0.0,0.0,0.0,0.0,0.0,0.0,0.0,0.0
0.0,0.0,0.0,0.0,0.0,0.0,0.0,0.0
0.0,0.0,0.0,0.0,0.0,0.0,0.0,0.0
0.0,0.0,0.0,0.0,0.0,0.0,0.0,0.0
0.0,0.0,0.0,0.0,0.0,0.0,0.0,0.0
0.0,0.0,0.0,0.0,0.0,0.0,0.0,0.0
0.0,0.0,0.0,0.0,0.0,0.0,0.0,0.0
0.0,0.0,0.0,0.0,0.0,0.0,0.0,0.0
0.0,0.0,0.0,0.0,0.0,0.0,0.0,0.0
0.0,0.0,0.0,0.0,0.0,0.0,0.0,0.0
0.0,0.0,0.0,0.0,0.0,0.0,0.0,0.0
0.0,0.0,0.0,0.0,0.0,0.0,0.0,0.0
0.0,0.0,0.0,0.0,0.0,0.0,0.0,0.0
0.0,0.0,0.0,0.0,0.0,0.0,0.0,0.0
0.0,0.0,0.0,0.0,0.0,0.0,0.0,0.0
0.0,0.0,0.0,0.0,0.0,0.0,0.0,0.0
0.0,0.0,0.0,0.0,0.0,0.0,0.0,0.0
0.0,0.0,0.0,0.0,0.0,0.0,0.0,0.0
0.0,0.0,0.0,0.0,0.0,0.0,0.0,0.0
0.0,0.0,0.0,0.0,0.0,0.0,0.0,0.0
0.0,0.0,0.0,0.0,0.0,0.0,0.0,0.0
0.0,0.0,0.0,0.0,0.0,0.0,0.0,0.0
0.0,0.0,0.0,0.0,0.0,0.0,0.0,0.0
0.0,0.0,0.0,0.0,0.0,0.0,0.0,0.0
0.0,0.0,0.0,0.0,0.0,0.0,0.0,0.0
0.0,0.0,0.0,0.0,0.0,0.0,0.0,0.0
0.0,0.0,0.0,0.0,0.0,0.0,0.0,0.0
0.0,0.0,0.0,0.0,0.0,0.0,0.0,0.0
0.0,0.0,0.0,0.0,0.0,0.0,0.0,0.0
0.0,0.0,0.0,0.0,0.0,0.0,0.0,0.0
0.0,0.0,0.0,0.0,0.0,0.0,0.0,0.0
0.0,0.0,0.0,0.0,0.0,0.0,0.0,0.0
0.0,0.0,0.0,0.0,0.0,0.0,0.0,0.0
0.0,0.0,0.0,0.0,0.0,0.0,0.0,0.0
0.0,0.0,0.0,0.0,0.0,0.0,0.0,0.0
0.0,0.0,0.0,0.0,0.0,0.0,0.0,0.0
0.0,0.0,0.0,0.0,0.0,0.0,0.0,0.0
0.0,0.0,0.0,0.0,0.0,0.0,0.0,0.0
0.0,0.0,0.0,0.0,0.0,0.0,0.0,0.0
0.0,0.0,0.0,0.0,0.0,0.0,0.0,0.0
0.0,0.0,0.0,0.0,0.0,0.0,0.0,0.0
0.0,0.0,0.0,0.0,0.0,0.0,0.0,0.0
0.0,0.0,0.0,0.0,0.0,0.0,0.0,0.0
0.0,0.0,0.0,0.0,0.0,0.0,0.0,0.0
0.0,0.0,0.0,0.0,0.0,0.0,0.0,0.0
0.0,0.0,0.0,0.0,0.0,0.0,0.0,0.0
0.0,0.0,0.0,0.0,0.0,0.0,0.0,0.0
0.0,0.0,0.0,0.0,0.0,0.0,0.0,0.0
0.0,0.0,0.0,0.0,0.0,0.0,0.0,0.0
0.0,0.0,0.0,0.0,0.0,0.0,0.0,0.0
0.0,0.0,0.0,0.0,0.0,0.0,0.0,0.0
0.0,0.0,0.0,0.0,0.0,0.0,0.0,0.0
0.0,0.0,0.0,0.0,0.0,0.0,0.0,0.0
0.0,0.0,0.0,0.0,0.0,0.0,0.0,0.0
0.0,0.0,0.0,0.0,0.0,0.0,0.0,0.0
0.0,0.0,0.0,0.0,0.0,0.0,0.0,0.0
0.0,0.0,0.0,0.0,0.0,0.0,0.0,0.0
0.0,0.0,0.0,0.0,0.0,0.0,0.0,0.0
0.0,0.0,0.0,0.0,0.0,0.0,0.0,0.0
0.0,0.0,0.0,0.0,0.0,0.0,0.0,0.0
0.0,0.0,0.0,0.0,0.0,0.0,0.0,0.0
0.0,0.0,0.0,0.0,0.0,0.0,0.0,0.0
0.0,0.0,0.0,0.0,0.0,0.0,0.0,0.0
0.0,0.0,0.0,0.0,0.0,0.0,0.0,0.0
0.0,0.0,0.0,0.0,0.0,0.0,0.0,0.0
0.0,0.0,0.0,0.0,0.0,0.0,0.0,0.0
0.0,0.0,0.0,0.0,0.0,0.0,0.0,0.0
0.0,0.0,0.0,0.0,0.0,0.0,0.0,0.0
0.0,0.0,0.0,0.0,0.0,0.0,0.0,0.0
0.0,0.0,0.0,0.0,0.0,0.0,0.0,0.0
0.0,0.0,0.0,0.0,0.0,0.0,0.0,0.0
0.0,0.0,0.0,0.0,0.0,0.0,0.0,0.0
0.0,0.0,0.0,0.0,0.0,0.0,0.0,0.0
0.0,0.0,0.0,0.0,0.0,0.0,0.0,0.0
0.0,0.0,0.0,0.0,0.0,0.0,0.0,0.0
0.0,0.0,0.0,0.0,0.0,0.0,0.0,0.0
0.0,0.0,0.0,0.0,0.0,0.0,0.0,0.0
0.0,0.0,0.0,0.0,0.0,0.0,0.0,0.0
0.0,0.0,0.0,0.0,0.0,0.0,0.0,0.0
0.0,0.0,0.0,0.0,0.0,0.0,0.0,0.0
0.0,0.0,0.0,0.0,0.0,0.0,0.0,0.0
0.0,0.0,0.0,0.0,0.0,0.0,0.0,0.0
0.0,0.0,0.0,0.0,0.0,0.0,0.0,0.0
0.0,0.0,0.0,0.0,0.0,0.0,0.0,0.0
0.0,0.0,0.0,0.0,0.0,0.0,0.0,0.0
0.0,0.0,0.0,0.0,0.0,0.0,0.0,0.0
0.0,0.0,0.0,0.0,0.0,0.0,0.0,0.0
0.0,0.0,0.0,0.0,0.0,0.0,0.0,0.0
0.0,0.0,0.0,0.0,0.0,0.0,0.0,0.0
0.0,0.0,0.0,0.0,0.0,0.0,0.0,0.0
0.0,0.0,0.0,0.0,0.0,0.0,0.0,0.0
0.0,0.0,0.0,0.0,0.0,0.0,0.0,0.0
0.0,0.0,0.0,0.0,0.0,0.0,0.0,0.0
0.0,0.0,0.0,0.0,0.0,0.0,0.0,0.0
0.0,0.0,0.0,0.0,0.0,0.0,0.0,0.0
0.0,0.0,0.0,0.0,0.0,0.0,0.0,0.0
0.0,0.0,0.0,0.0,0.0,0.0,0.0,0.0
0.0,0.0,0.0,0.0,0.0,0.0,0.0,0.0
0.0,0.0,0.0,0.0,0.0,0.0,0.0,0.0
0.0,0.0,0.0,0.0,0.0,0.0,0.0,0.0
0.0,0.0,0.0,0.0,0.0,0.0,0.0,0.0
0.0,0.0,0.0,0.0,0.0,0.0,0.0,0.0
0.0,0.0,0.0,0.0,0.0,0.0,0.0,0.0
0.0,0.0,0.0,0.0,0.0,0.0,0.0,0.0
0.0,0.0,0.0,0.0,0.0,0.0,0.0,0.0
0.0,0.0,0.0,0.0,0.0,0.0,0.0,0.0
0.0,0.0,0.0,0.0,0.0,0.0,0.0,0.0
0.0,0.0,0.0,0.0,0.0,0.0,0.0,0.0
0.0,0.0,0.0,0.0,0.0,0.0,0.0,0.0
0.0,0.0,0.0,0.0,0.0,0.0,0.0,0.0
0.0,0.0,0.0,0.0,0.0,0.0,0.0,0.0
0.0,0.0,0.0,0.0,0.0,0.0,0.0,0.0
0.0,0.0,0.0,0.0,0.0,0.0,0.0,0.0
0.0,0.0,0.0,0.0,0.0,0.0,0.0,0.0
0.0,0.0,0.0,0.0,0.0,0.0,0.0,0.0
0.0,0.0,0.0,0.0,0.0,0.0,0.0,0.0
0.0,0.0,0.0,0.0,0.0,0.0,0.0,0.0
0.0,0.0,0.0,0.0,0.0,0.0,0.0,0.0
0.0,0.0,0.0,0.0,0.0,0.0,0.0,0.0
0.0,0.0,0.0,0.0,0.0,0.0,0.0,0.0
0.0,0.0,0.0,0.0,0.0,0.0,0.0,0.0
0.0,0.0,0.0,0.0,0.0,0.0,0.0,0.0
0.0,0.0,0.0,0.0,0.0,0.0,0.0,0.0
0.0,0.0,0.0,0.0,0.0,0.0,0.0,0.0
0.0,0.0,0.0,0.0,0.0,0.0,0.0,0.0
0.0,0.0,0.0,0.0,0.0,0.0,0.0,0.0
0.0,0.0,0.0,0.0,0.0,0.0,0.0,0.0
0.0,0.0,0.0,0.0,0.0,0.0,0.0,0.0
0.0,0.0,0.0,0.0,0.0,0.0,0.0,0.0
0.0,0.0,0.0,0.0,0.0,0.0,0.0,0.0
0.0,0.0,0.0,0.0,0.0,0.0,0.0,0.0
0.0,0.0,0.0,0.0,0.0,0.0,0.0,0.0
0.0,0.0,0.0,0.0,0.0,0.0,0.0,0.0
0.0,0.0,0.0,0.0,0.0,0.0,0.0,0.0
0.0,0.0,0.0,0.0,0.0,0.0,0.0,0.0
0.0,0.0,0.0,0.0,0.0,0.0,0.0,0.0
0.0,0.0,0.0,0.0,0.0,0.0,0.0,0.0
0.0,0.0,0.0,0.0,0.0,0.0,0.0,0.0
0.0,0.0,0.0,0.0,0.0,0.0,0.0,0.0
0.0,0.0,0.0,0.0,0.0,0.0,0.0,0.0
0.0,0.0,0.0,0.0,0.0,0.0,0.0,0.0
0.0,0.0,0.0,0.0,0.0,0.0,0.0,0.0
0.0,0.0,0.0,0.0,0.0,0.0,0.0,0.0
0.0,0.0,0.0,0.0,0.0,0.0,0.0,0.0
0.0,0.0,0.0,0.0,0.0,0.0,0.0,0.0
0.0,0.0,0.0,0.0,0.0,0.0,0.0,0.0
0.0,0.0,0.0,0.0,0.0,0.0,0.0,0.0
0.0,0.0,0.0,0.0,0.0,0.0,0.0,0.0
0.0,0.0,0.0,0.0,0.0,0.0,0.0,0.0
0.0,0.0,0.0,0.0,0.0,0.0,0.0,0.0
0.0,0.0,0.0,0.0,0.0,0.0,0.0,0.0
0.0,0.0,0.0,0.0,0.0,0.0,0.0,0.0
0.0,0.0,0.0,0.0,0.0,0.0,0.0,0.0
0.0,0.0,0.0,0.0,0.0,0.0,0.0,0.0
0.0,0.0,0.0,0.0,0.0,0.0,0.0,0.0
0.0,0.0,0.0,0.0,0.0,0.0,0.0,0.0
0.0,0.0,0.0,0.0,0.0,0.0,0.0,0.0
0.0,0.0,0.0,0.0,0.0,0.0,0.0,0.0
0.0,0.0,0.0,0.0,0.0,0.0,0.0,0.0
0.0,0.0,0.0,0.0,0.0,0.0,0.0,0.0
0.0,0.0,0.0,0.0,0.0,0.0,0.0,0.0
0.0,0.0,0.0,0.0,0.0,0.0,0.0,0.0
0.0,0.0,0.0,0.0,0.0,0.0,0.0,0.0
0.0,0.0,0.0,0.0,0.0,0.0,0.0,0.0
0.0,0.0,0.0,0.0,0.0,0.0,0.0,0.0
0.0,0.0,0.0,0.0,0.0,0.0,0.0,0.0
0.0,0.0,0.0,0.0,0.0,0.0,0.0,0.0
0.0,0.0,0.0,0.0,0.0,0.0,0.0,0.0
0.0,0.0,0.0,0.0,0.0,0.0,0.0,0.0
0.0,0.0,0.0,0.0,0.0,0.0,0.0,0.0
0.0,0.0,0.0,0.0,0.0,0.0,0.0,0.0
0.0,0.0,0.0,0.0,0.0,0.0,0.0,0.0
0.0,0.0,0.0,0.0,0.0,0.0,0.0,0.0
0.0,0.0,0.0,0.0,0.0,0.0,0.0,0.0
0.0,0.0,0.0,0.0,0.0,0.0,0.0,0.0
0.0,0.0,0.0,0.0,0.0,0.0,0.0,0.0
0.0,0.0,0.0,0.0,0.0,0.0,0.0,0.0
0.0,0.0,0.0,0.0,0.0,0.0,0.0,0.0
0.0,0.0,0.0,0.0,0.0,0.0,0.0,0.0
0.0,0.0,0.0,0.0,0.0,0.0,0.0,0.0
0.0,0.0,0.0,0.0,0.0,0.0,0.0,0.0
0.0,0.0,0.0,0.0,0.0,0.0,0.0,0.0
0.0,0.0,0.0,0.0,0.0,0.0,0.0,0.0
0.0,0.0,0.0,0.0,0.0,0.0,0.0,0.0
0.0,0.0,0.0,0.0,0.0,0.0,0.0,0.0
0.0,0.0,0.0,0.0,0.0,0.0,0.0,0.0
0.0,0.0,0.0,0.0,0.0,0.0,0.0,0.0
0.0,0.0,0.0,0.0,0.0,0.0,0.0,0.0
0.0,0.0,0.0,0.0,0.0,0.0,0.0,0.0
0.0,0.0,0.0,0.0,0.0,0.0,0.0,0.0
0.0,0.0,0.0,0.0,0.0,0.0,0.0,0.0
0.0,0.0,0.0,0.0,0.0,0.0,0.0,0.0
0.0,0.0,0.0,0.0,0.0,0.0,0.0,0.0
0.0,0.0,0.0,0.0,0.0,0.0,0.0,0.0
0.0,0.0,0.0,0.0,0.0,0.0,0.0,0.0
0.0,0.0,0.0,0.0,0.0,0.0,0.0,0.0
0.0,0.0,0.0,0.0,0.0,0.0,0.0,0.0
0.0,0.0,0.0,0.0,0.0,0.0,0.0,0.0
0.0,0.0,0.0,0.0,0.0,0.0,0.0,0.0
0.0,0.0,0.0,0.0,0.0,0.0,0.0,0.0
0.0,0.0,0.0,0.0,0.0,0.0,0.0,0.0
0.0,0.0,0.0,0.0,0.0,0.0,0.0,0.0
0.0,0.0,0.0,0.0,0.0,0.0,0.0,0.0
0.0,0.0,0.0,0.0,0.0,0.0,0.0,0.0
0.0,0.0,0.0,0.0,0.0,0.0,0.0,0.0
0.0,0.0,0.0,0.0,0.0,0.0,0.0,0.0
0.0,0.0,0.0,0.0,0.0,0.0,0.0,0.0
0.0,0.0,0.0,0.0,0.0,0.0,0.0,0.0
0.0,0.0,0.0,0.0,0.0,0.0,0.0,0.0
0.0,0.0,0.0,0.0,0.0,0.0,0.0,0.0
0.0,0.0,0.0,0.0,0.0,0.0,0.0,0.0
0.0,0.0,0.0,0.0,0.0,0.0,0.0,0.0
0.0,0.0,0.0,0.0,0.0,0.0,0.0,0.0
0.0,0.0,0.0,0.0,0.0,0.0,0.0,0.0
0.0,0.0,0.0,0.0,0.0,0.0,0.0,0.0
0.0,0.0,0.0,0.0,0.0,0.0,0.0,0.0
0.0,0.0,0.0,0.0,0.0,0.0,0.0,0.0
0.0,0.0,0.0,0.0,0.0,0.0,0.0,0.0
0.0,0.0,0.0,0.0,0.0,0.0,0.0,0.0
0.0,0.0,0.0,0.0,0.0,0.0,0.0,0.0
0.0,0.0,0.0,0.0,0.0,0.0,0.0,0.0
0.0,0.0,0.0,0.0,0.0,0.0,0.0,0.0
0.0,0.0,0.0,0.0,0.0,0.0,0.0,0.0
0.0,0.0,0.0,0.0,0.0,0.0,0.0,0.0
0.0,0.0,0.0,0.0,0.0,0.0,0.0,0.0
0.0,0.0,0.0,0.0,0.0,0.0,0.0,0.0
0.0,0.0,0.0,0.0,0.0,0.0,0.0,0.0
0.0,0.0,0.0,0.0,0.0,0.0,0.0,0.0
0.0,0.0,0.0,0.0,0.0,0.0,0.0,0.0
0.0,0.0,0.0,0.0,0.0,0.0,0.0,0.0
0.0,0.0,0.0,0.0,0.0,0.0,0.0,0.0
0.0,0.0,0.0,0.0,0.0,0.0,0.0,0.0
0.0,0.0,0.0,0.0,0.0,0.0,0.0,0.0
0.0,0.0,0.0,0.0,0.0,0.0,0.0,0.0
0.0,0.0,0.0,0.0,0.0,0.0,0.0,0.0
0.0,0.0,0.0,0.0,0.0,0.0,0.0,0.0
0.0,0.0,0.0,0.0,0.0,0.0,0.0,0.0
0.0,0.0,0.0,0.0,0.0,0.0,0.0,0.0
0.0,0.0,0.0,0.0,0.0,0.0,0.0,0.0
0.0,0.0,0.0,0.0,0.0,0.0,0.0,0.0
0.0,0.0,0.0,0.0,0.0,0.0,0.0,0.0
0.0,0.0,0.0,0.0,0.0,0.0,0.0,0.0
0.0,0.0,0.0,0.0,0.0,0.0,0.0,0.0
0.0,0.0,0.0,0.0,0.0,0.0,0.0,0.0
0.0,0.0003975113681459094,1.8946317986175715e-05,0.0,0.0,0.0,0.0,0.004090996623537591
0.0,0.0017779807755631941,0.0,0.0,0.0,0.0,0.0,0.013857916017514071
0.0,0.002957892489655343,0.0005755559545834817,0.0,0.0,0.0,0.0,0.003889353778504301
0.0,0.0067694199805555435,0.0004369591117486025,0.0,0.0,0.0,0.0,0.0
0.0,0.0018830077629904268,0.00023111860133170716,8.255127529670717e-05,0.0,0.0,0.0,0.0
0.6994141755057419,0.4457214068198385,0.00026204049931578734,0.0,0.0,0.0,0.0,0.0
0.6994141755057419,0.4604659494655908,0.0010112191919721242,0.0,0.0,0.0,0.0,0.0
0.6994141755057419,0.5340300700916754,0.0,0.0,0.0,0.0,0.0,0.0
0.6994141755057419,0.708962654774723,0.4639500358510741,0.0,0.0,0.0,0.0,0.0
0.6994141755057419,0.7914311273118528,0.7529968526404965,0.0,0.0,0.0,0.0,0.0
0.0,0.002895116800812134,0.000425561019350223,0.00010032573182328875,0.0,0.0,0.0,0.0
0.0,0.0018637922811631648,0.00018719050071925022,5.769945158172988e-05,0.0,0.0,0.0,0.0
0.0,0.00043151033133242197,0.0,0.0,0.0,0.0,0.0,0.0
0.0,0.0010918970314148142,0.00012773649515303458,7.239444299580341e-05,0.0,0.0,0.0,0.0
0.0,0.0007352561685477093,6.269794725232137e-05,0.0,0.0,0.0,0.0,0.0
0.0,0.0055312731145361225,0.0013403663215803543,7.131392892123918e-05,0.0,0.0,0.0,0.002306035497895209
0.0,0.005155444615516028,0.0009327096604869742,0.0002259354929913805,0.0,0.0,0.0,0.0
0.0,0.0036003814146786813,0.0006457415419916068,0.000233985322846884,0.0,0.0,0.0,0.0
0.0,0.014464387207866762,0.0025806476590167233,0.0009302024444340598,0.0,0.0,0.0,0.0
0.0,0.024867873939174865,0.00501756958116049,0.004645559689260267,0.0,0.0,0.0,0.0
0.0,0.030844301526418094,0.013993986959182633,0.0005949577703718118,0.0,1.2285416522754513e-05,0.0,0.012117487594878185
0.0,0.012751031293030029,0.003227705189793269,0.0010196646765421563,0.0,0.0,0.0,0.0
0.0,0.012673322376342413,0.0021716688395994996,0.0035900016531467994,0.0,0.0,0.0,0.0
0.0,0.031114500756621918,0.009087071358663112,0.006615633096045742,0.0,0.0,0.0,0.0
0.0,0.06927856071392033,0.030574949484849383,0.02345009011485213,0.00278641193869272,0.0,0.0,0.003086126715061255
0.0,0.04656937758124573,0.020827919087996038,0.008800133059820452,0.0,0.0,0.0,0.0009894914146570954
0.0,0.05615281535732144,0.25235064320542966,0.01656543328823975,9.50879729618228e-05,0.0,0.0,0.0010880614408961264
4.78405306208744,1.7216452632760455,0.4006213331221693,0.0014169621825346184,0.0,0.0,0.0,0.0
7.86549764049722,2.5172274060905324,0.7717957675458789,0.05526999759540101,0.0,0.00011951046099395964,0.0,0.012569836148941249
6.92796215463529,1.9443054608507273,0.4146461089195518,0.005986859839260003,0.0,0.0,0.0,0.0009743267955859775
2.83657735452957,1.0092098867885024,0.23394908853537494,0.0018489497329189045,0.0,0.0,0.0,0.0
0.0,0.0011946190784299956,4.872870547873482e-05,0.0,0.0,0.0,0.0,0.0
0.0,0.0010879964755384133,0.001043449239297705,6.245371350981249e-05,0.0,0.0,0.0,0.0
0.0,0.001346916760168989,0.0001980344151947429,0.00014025072687843705,0.0,0.0,0.0,0.0
0.0,0.007767776159066556,0.0015030517727464222,0.0006137319943524827,0.0,0.0,0.0,0.0
3.44796152289313,1.592382176182797,0.47277166261453396,0.005850729066153867,0.0012847425750167282,0.0,0.0,0.0009648527275212731
6.726688990299801,3.1004175518672823,1.1908110887408996,0.12160957549364868,0.011125479833320226,0.0,0.0,0.009044417321092624
6.777383689651121,3.5816637408077012,1.5890831257117497,0.18305954287019358,0.006426825889797564,0.0,0.0,0.004083223991074192
0.0,0.057382575208784356,0.02357072537192831,0.009380866552996697,0.0,0.0001381704878459046,0.0,0.014214535364772019
19.676318945063798,10.705092984773318,4.920737768476153,0.8508228973620716,0.01719451260995036,0.09429508294688065,0.9747956436856384,1.0532796848820518
16.423704096013797,9.52105829111112,4.630152965143211,0.7686982454472336,0.06739005110069177,0.00014895663053489014,0.0,0.0338936219786774
12.019482413851401,6.131762951789302,2.663282227403428,0.2836652495345145,0.001763649851410979,0.0,0.0,0.002242650773951027
0.0,0.0014651272030640006,0.0008179631398843899,0.0,0.0,0.0,0.0,0.0
0.0,0.002917347589907971,0.0003190710479683293,0.00013301128257885673,0.0,0.0,0.0,0.0
0.0,0.006506369802088078,0.0011104605243005918,0.00046517306738100685,0.0,0.0,0.0,0.0
0.0,0.002542833092157021,0.00012841625998433195,0.0,0.0,0.0,0.0,0.0
0.0,0.0011494634454840159,9.680184578364972e-05,6.58033071409616e-05,0.0,0.0,0.0,0.0
0.7761248201664129,0.4029303349167856,0.002854580760491044,0.0006257150626002617,0.0,0.0,0.0,0.0
3.80074041121282,1.8202934029151638,0.5305882427039281,0.007312105218949426,0.004027158412344907,0.0,0.0,0.004088918361958349
2.31719839002883,0.9278528914666443,0.24794770746908276,0.0069033135799437696,0.0006136134735775259,0.0,0.0,0.004600450560246827
1.3218962858439998,0.43889495499052683,0.0035661746107319725,0.00327871589575574,0.0026571199084617497,0.0,0.0,0.0019911175804786527
0.0,0.0006267180615577311,0.0,0.0,0.0,0.0,0.0,0.0
0.0,0.00042943330962025414,0.0,0.0,0.0,0.0,0.0,0.0
2.04565719031161,1.1834819369666838,0.39260649706655565,0.0008401536910984309,0.0,0.0,0.0,0.0010615233568395598
2.6423692119693603,1.3533462060964108,0.40311622234629274,0.0012855614915767424,0.0,0.0,0.0,0.0012889926474615107
0.6994141755057419,0.05839826742479285,4.663663892986169e-05,0.0,0.0,0.0,0.0,0.0
0.6994141755057419,0.10564606802501532,0.0002335331860253163,0.0002480860315199472,0.0,0.0,0.0,0.0
1.37033159526777,0.49378476761157625,0.0034155748114530248,0.0008676315771523962,0.0,0.0,0.0,0.0
0.726178031023389,0.31213488127836203,0.0019176867186309042,0.0008029841186176772,0.0,0.0,0.0,0.0
0.851618481629471,0.40734545249602466,0.0026491571186116987,0.00048323638132898765,0.0,0.0,0.0,0.0
0.6994141755057419,0.3928293886297837,0.0014843399268928013,0.00040006033610740616,0.0,0.0,0.0,0.0
0.0,0.0012135547304320227,9.316574413156639e-05,0.0,0.0,0.0,0.0,0.0
0.0,0.002912930742119415,0.0010451682923784081,0.0017295570315139094,0.0,0.0,0.0,0.0
2.09327725395615,1.0859227649930316,0.328879311744717,0.0007232913009594469,0.0,0.0,0.0,0.0010226640197295224
3.7720405111937705,1.5090203405546507,0.34742933474631543,0.0012126106531891914,0.0,0.0,0.0,0.003922269226677599
3.44819489752944,1.6091250199648595,0.43127215024248483,0.0016296784812907775,0.0,0.0,0.0,0.0022263556838879595
2.93537922466496,1.809141313599196,0.8440292616097601,0.0818821087617321,0.0,0.0,0.0,0.001771417101738871
0.6994141755057419,0.31246907050774125,0.001182629132148515,0.00039534596870431155,0.0,0.0,0.0,0.0
0.0,0.00042654998532399733,1.8100281514116247e-05,0.0,0.0,0.0,0.0,0.0
0.0,0.00041076594527459726,0.0,0.0,0.0,0.0,0.0,0.0
0.0,0.00048098712849568403,0.0,0.0,0.0,0.0,0.0,0.0
0.6994141755057419,0.2850509588996011,0.0020262159589844817,0.0007697976082164426,0.0,0.0,0.0,0.0
2.49263138426229,1.4160483541683142,0.4710461313584775,0.002561297953798209,0.0,0.0,0.0,0.0
6.508163033881379,2.0606443436362847,0.45967746703242696,0.0008115652287340651,0.0,0.0,0.0,0.011977249874689733
3.10581026288441,0.8577201798064141,0.1508357247825053,0.0007435259157240214,0.0,0.0,0.0,0.004458489122953324
4.78902552188097,2.0552225679501874,0.5046807005540742,0.0007930540607270048,0.0,0.0,0.0,0.009914109899000323
7.85457977861212,2.482052348151199,0.7195655861619946,0.001424815157115957,0.0,1.1142085397722047e-05,0.0,0.02111169184809114
0.0,0.0020993149855268074,0.00012179485469395566,0.0,0.0,0.0,0.0,0.0
0.0,0.001198888496450522,0.0,0.0,0.0,0.0,0.0,0.0
0.0,0.0009741496026906607,0.0,0.0,0.0,0.0,0.0,0.0
0.0,0.00046558054143806235,0.0,0.0,0.0,0.0,0.0,0.0
0.0,0.0021689768565871523,8.686240640990642e-05,6.409750095665633e-06,0.0,0.0,0.0,0.0
0.0,0.0005231618032778165,0.0,0.0,0.0,0.0,0.0,0.0
0.0,0.0010496169407634354,0.0,3.4296249373438614e-06,0.0,0.0,0.0,0.0
1.8611836233310801,0.7484867782117367,0.19409779498909424,0.004070409624570104,0.0,0.0,0.0,0.001468827439569402
5.16952210179526,2.3301067371025477,0.8052777604620989,0.07074293510534821,0.0,0.0,0.0,0.014647931962826988
10.7097037795431,3.3815870380635453,0.9846407191445808,0.1501196525621718,0.0030097206302791774,0.00016923457879018292,0.0,0.06150050668929907
9.887192333736571,2.600675069133963,0.5378470534556274,0.010337241861140819,0.003159248730099683,0.00016276289317679159,0.0,0.056687228868213424
7.74685516760563,2.0506047399700886,0.43038048034266435,0.02844282688022627,0.0010591077261045136,1.3043967390670263e-05,0.0,0.04466227829561831
6.665075255493529,1.3137063243162832,0.3587594313127947,0.0034207876030462217,0.0009934633054264597,3.394134934504978e-05,0.0,0.03852322165766964
1.716819298682,0.2707843020011966,0.0049574313965637246,0.0008595425823869011,0.0,0.0,0.0,0.0034401802213324117
6.623321098995089,1.718210862722713,0.33976109656317016,0.0015249776983124132,0.00032179330827793537,0.0,0.0,0.03154793530302413
0.0,0.0026351930148720616,0.0,0.0,0.0,0.0,0.0,0.0
0.0,0.007032721412482411,0.0,2.1149840251909463e-05,0.0,0.0,0.0,0.0
0.0,0.02349012731702186,0.0009108282568357576,0.0004051132022205427,0.0,0.0,0.0,0.0
10.2922355183781,5.204516245783858,2.14949634353843,0.20043749874789868,8.851793138454465e-05,0.00013126735652495386,0.0,0.03317333120139665
14.9028483528751,6.350004806532809,2.305135685361662,0.35309352291366053,0.014199559098042637,0.01152892618319154,1.232134419024078,1.483418795765767
13.5624404235785,4.478914712492448,1.340384258609555,0.2697267017502456,0.0158789233338701,0.012745916775357486,1.3567118473677056,1.6171674163032896
37.1913110387938,21.645778100144224,5.854175655701743,1.1927105569975367,0.061076209126780835,0.04305069566869991,4.495699311924,5.09974760281392
0.6994141755057419,0.13701487850216637,1.0487031153070278e-05,0.0,0.0,0.0,0.0,0.0
0.0,0.0018739618124870277,0.00017838157459672846,0.0,0.0,0.0,0.0,0.0
0.6994141755057419,0.125651376147405,0.0,0.0,0.0,0.0,0.0,0.0
45.6478041574068,34.02980556591894,10.911257569852989,1.8667870960214699,0.0675853232677216,0.046158712806363474,4.779408491802997,5.398462255770335
19.9784814614531,8.420984776453018,2.8168066971837895,0.4003506230157614,0.021775577251290285,0.01492282411436796,1.5376673819705502,1.693754077176992
3.20486255613627,0.5123965913428999,0.011811348552654869,0.04406226755181014,0.00025416306312332304,1.2875004082500962e-05,0.0,0.02116496915823518
0.0,0.004694655250056114,0.0,9.150531215806813e-06,0.0,0.0,0.0,0.0
0.6994141755057419,0.019818888834523096,0.0,4.736676892188611e-05,0.0,0.0,0.0,0.0
15.500781290559999,6.069749823689716,1.323404368196177,0.25331556268807176,0.017110173251337214,0.012955476142865147,1.3539838744850385,1.5180319129711342
7.518249451872591,1.959227200359298,0.33864547840135073,0.0030734609998720776,0.00044265631188074414,1.5337894903737417e-05,0.0,0.07843167821101815
0.0,0.0014495837515418053,0.0002825644148387606,0.0,0.0,0.0,0.0,0.0
0.6994141755057419,0.14561937853726462,0.00013038868869248574,0.0,0.0,0.0,0.0,0.0
0.6994141755057419,0.23741424704359257,0.0016853496098272974,0.001794192690350506,0.0,0.0,0.0,0.0
0.707199793064802,0.019580690914840725,0.0018431114819350124,0.0028687041906726917,0.0,0.0,0.0,0.0
0.6994141755057419,0.20856449060655063,0.0033817289169914147,0.00034466915678816186,0.0,0.0,0.0,0.0
0.6994141755057419,0.0866816419383614,0.00016546241689546358,0.0001450422105640197,0.0,0.0,0.0,0.0
0.6994141755057419,0.146559121069797,0.00015940750189356203,0.00013379562204434973,0.0,0.0,0.0,0.0
0.6994141755057419,0.1403883969244853,0.000396941167892857,0.000268463824232467,0.0,0.0,0.0,0.0
0.0,0.003189334051384075,0.00019799267839366587,0.00012545763400390476,0.0,0.0,0.0,0.0
0.6994141755057419,0.18673429109131628,7.040011710753701e-05,0.0,0.0,0.0,0.0,0.0
16.3063360700985,4.819542600521158,1.412949671161303,0.03223697877333538,0.023249796371895382,0.01845519024297548,1.965049800377301,2.3538087141518624
161.261778063823,12.355579215494974,1.3001099876851905,0.19859516690810064,0.16707144262015214,0.13330395530969957,13.962674541788829,16.23812474071107
8.66725777112916,2.470856506795594,0.5336402073297893,0.04032415821921501,0.003951090226488015,2.0418168110249595e-05,0.0,0.08259409507354576
2.87466298561693,0.11008318981181907,0.004169756762728099,9.036535533583172e-05,0.0,0.0,0.0,0.0
63.1570420591384,50.878850155524184,20.743936789242323,3.081422963544172,0.07358462463226259,0.046064937670738715,4.768496600268691,5.266796642979935
37.912668562108706,1.5942432757274816,0.18588373463493657,0.06425752933460153,0.05137855179681168,0.04041391784557331,4.237451212291035,4.727061845518083
17.5911112275626,5.185674976169972,1.2942038236287257,0.3285564628339905,0.021483290998756982,0.016327275095919788,1.704073727860532,1.9717872982760711
10.0769192405018,4.004020339149141,1.3850478472499979,0.21592798583452083,0.0011275745686642625,2.5607388904048075e-05,0.0,0.041341217736771796
2.49654579593317,1.0055161947428235,0.2423716845815928,0.0008363554323045006,0.0,0.0,0.0,0.0048854421602300135
0.0,0.006181164322660323,0.0010785053144355048,0.000654486531736908,0.0,0.0,0.0,0.0
0.0,0.003904705208887167,0.000891902310675009,0.0002091283744562771,0.0,0.0,0.0,0.0
847.277784021054,106.89157809261758,11.667112515396287,0.8697004090142901,0.2789235591590225,0.2030958817309768,21.408221865016685,27.39854502143638
0.0,0.004473005970894603,0.0,0.0,0.0,0.0,0.0,0.0
0.6994141755057419,0.23354301053864643,0.0,2.466994891100452e-05,0.0,0.0,0.0,0.0
2.84020253229516,0.0660127755011628,0.002004394503259968,0.0002308175552545398,0.0,0.0,0.0,0.0319986581662306
59.5857435281506,22.975264719566233,6.172073640620175,1.7779854508368085,0.1113680129352431,0.0876152797705764,9.237825507654179,10.021142767624857
9.61789199189021,2.3874231492788427,0.4960299235370327,0.003187328401549629,0.0005496497574823771,2.5875956310876274e-05,0.0,0.10005658714453602
20.2187779289283,5.208494339672418,1.5473922055291356,0.36937583453854017,0.02338734178884588,0.018107791821132754,1.8986691268803497,2.2492066803226134
33.8808013631173,9.452528966818173,2.871635200425123,0.9840792816514141,0.05354007741644283,0.040735913518440574,4.279280129836934,4.825708575837383
0.0,0.0010974023110524819,3.3484597867866644e-05,0.0,0.0,0.0,0.0,0.0
0.6994141755057419,0.2276214135018419,0.0012175089589966086,0.0,0.0,0.0,0.0,0.0
0.6994141755057419,0.18100257603709582,0.0010447166584358811,0.0,0.0,0.0,0.0,0.0
0.0,0.023268274593211808,0.010887556518203891,0.01014868221622537,0.0041999809169113314,0.0,0.0,0.0025113485571637284
3.82747838654315,2.2678366635336173,0.945828084966379,0.09452054383566641,8.645262635053733e-05,0.0,0.0,0.0045851268087062635
0.0,0.018998787744621857,0.006194018137992026,0.008397291479074354,0.0,0.0,0.0,0.0024818264346322394
0.0,0.014107379270065558,0.004881423982920842,0.006572088908800634,0.00010942169878106511,0.0,0.0,0.002220063614004175
0.6994141755057419,0.05928229855058325,0.0,0.0,0.0,0.0,0.0,0.0
0.0,0.008999658375550055,0.0012451292458191448,0.002237621448855571,0.0,0.0,0.0,0.0319986581662306
0.0,2.4382153359155545,0.8160687261471514,0.3660312469115161,0.3350262983723416,0.2547367081720956,26.889628712159265,41.00279732957125
1000.0,148.21790882891142,18.68570786709627,2.7793641132722993,0.8856764665715813,0.37756244049155124,29.708534025060104,75.58208998869002
168.582201788711,10.890006003763144,1.2454018362280352,0.2373378746807266,0.20131617783708383,0.16530824341505831,17.49449010156104,19.41170028063836
698.886101390282,76.06864891334979,7.373933927233648,0.4187672458960334,0.2351914368241056,0.18876752683282305,20.00149718145076,23.68691685383643
0.0,0.1162789024381885,0.060278813296264167,0.029570788686750032,0.02659378218170365,0.021435173256288,2.286041276330252,2.731503090715132
0.0,0.05524675573463042,0.025117310945827774,0.013972168136796637,0.015205132936331552,0.012437678215816603,1.3385253614783323,1.6513496418646438
13.3543720720339,9.591525139899666,5.335892983646342,0.7776304807091041,0.00549849396464519,0.0,0.0,0.02969043437962389
6.071143463773089,0.29712080951622555,0.015220421888502226,0.023994306388315508,0.005162937929998233,0.0,0.0,0.013533239504795347
0.0,0.4952858792143079,0.06266952103667833,0.06905890528822413,0.0013782242831666955,0.0004291089248108927,0.0,0.14108778376794362
