0.0,-0.0,0.0,0.0,0.0,0.0,0.0,0.0
0.0,2.415077051409753e-05,0.0,0.0,0.0,0.0,0.0,0.007181051904808555
0.0,-0.0,0.0,0.0,0.0,0.0,0.0,0.0
0.0,2.8641010491172424e-05,0.0,0.0,0.0,0.0,0.0,0.007860967190026713
0.0,-0.0,0.0,0.0,0.0,0.0,0.0,0.0
0.0,-0.0,0.0,0.0,0.0,0.0,0.0,0.0
0.0,-0.0,0.0,0.0,0.0,0.0,0.0,0.0
0.0,-0.0,0.0,0.0,0.0,0.0,0.0,0.0
0.0,-0.0,0.0,0.0,0.0,0.0,0.0,0.0
0.0,-0.0,0.0,0.0,0.0,0.0,0.0,0.0
0.0,-0.0,0.0,0.0,0.0,0.0,0.0,0.0
0.0,-0.0,0.0,0.0,0.0,0.0,0.0,0.0
0.0,-0.0,0.0,0.0,0.0,0.0,0.0,0.0
0.0,-0.0,0.0,0.0,0.0,0.0,0.0,0.0
0.0,-0.0,0.0,0.0,0.0,0.0,0.0,0.0
0.0,-0.0,0.0,0.0,0.0,0.0,0.0,0.0
0.0,-0.0,0.0,0.0,0.0,0.0,0.0,0.0
0.0,-0.0,0.0,0.0,0.0,0.0,0.0,0.0
0.0,-0.0,0.0,0.0,0.0,0.0,0.0,0.0
0.0,-0.0,0.0,0.0,0.0,0.0,0.0,0.0
0.0,-0.0,0.0,0.0,0.0,0.0,0.0,0.0
0.0,-0.0,0.0,0.0,0.0,0.0,0.0,0.0
0.0,-0.0,0.0,0.0,0.0,0.0,0.0,0.0
0.0,-0.0,0.0,0.0,0.0,0.0,0.0,0.0
0.0,-0.0,0.0,0.0,0.0,0.0,0.0,0.0
0.0,-0.0,0.0,0.0,0.0,0.0,0.0,0.0
0.0,-0.0,0.0,0.0,0.0,0.0,0.0,0.0
0.0,-0.0,0.0,0.0,0.0,0.0,0.0,0.0
0.0,-0.0,0.0,0.0,0.0,0.0,0.0,0.0
0.0,-0.0,0.0,0.0,0.0,0.0,0.0,0.0
0.0,-0.0,0.0,0.0,0.0,0.0,0.0,0.0
0.0,-0.0,0.0,0.0,0.0,0.0,0.0,0.0
0.0,-0.0,0.0,0.0,0.0,0.0,0.0,0.0
0.0,-0.0,0.0,0.0,0.0,0.0,0.0,0.0
0.0,-0.0,0.0,0.0,0.0,0.0,0.0,0.0
0.0,-0.0,0.0,0.0,0.0,0.0,0.0,0.0
0.0,-0.0,0.0,0.0,0.0,0.0,0.0,0.0
0.0,-0.0,0.0,0.0,0.0,0.0,0.0,0.0
0.0,-0.0,0.0,0.0,0.0,0.0,0.0,0.0
0.0,-0.0,0.0,0.0,0.0,0.0,0.0,0.0
0.0,-0.0,0.0,0.0,0.0,0.0,0.0,0.0
0.0,-0.0,0.0,0.0,0.0,0.0,0.0,0.0
0.0,-0.0,0.0,0.0,0.0,0.0,0.0,0.0
0.0,-0.0,0.0,0.0,0.0,0.0,0.0,0.0
0.0,-0.0,0.0,0.0,0.0,0.0,0.0,0.0
0.0,-0.0,0.0,0.0,0.0,0.0,0.0,0.0
0.0,-0.0,0.0,0.0,0.0,0.0,0.0,0.0
0.0,-0.0,0.0,0.0,0.0,0.0,0.0,0.0
0.0,-0.0,0.0,0.0,0.0,0.0,0.0,0.0
0.0,0.00030147333390634384,0.0,0.0,0.0,0.0,0.0,0.03102853138352657
0.0,0.00034423469522085133,0.0,0.0,0.0,0.0,0.0,0.0618933972555169
0.0,0.004809809759886753,0.002673726896787039,0.0002846908497388112,0.0,0.0,0.0,0.2525425627927689
0.0,0.0014868126195415991,0.0003984747496466671,0.0,0.0,0.0,0.0,0.08779024570776528
0.0,0.004206802194625811,0.0023987627007183597,0.0002910328648451088,0.0,0.0,0.0,0.26262616771418834
0.0,0.0012490228245034683,0.0003585042001103512,0.0,0.0,0.0,0.0,0.07219214804536023
0.0,0.0028441984475901377,0.001746143810444663,0.0025383388386867795,0.0,0.0,0.0,0.21920354983285506
0.0,-0.0,0.0,0.0,0.0,0.0,0.0,0.0
0.0,-0.0,0.0,0.0,0.0,0.0,0.0,0.0
0.0,-0.0,0.0,0.0,0.0,0.0,0.0,0.0
0.0,-0.0,0.0,0.0,0.0,0.0,0.0,0.0
0.0,-0.0,0.0,0.0,0.0,0.0,0.0,0.0
0.0,-0.0,0.0,0.0,0.0,0.0,0.0,0.0
0.0,-0.0,0.0,0.0,0.0,0.0,0.0,0.0
0.0,0.00233489528951764,0.0010314262633465557,0.0,0.0,0.0,0.0,0.18410468688216497
0.0,0.0051794229314045944,0.0026096700879394835,0.00039954154814955315,0.1179999999959147,0.011349999999999994,1.2778604406901872,1.7666719573457108
0.0,0.003795277486208541,0.0019563294097632387,0.00025234653332139266,0.0,0.0,0.0,0.19614482240467623
0.0,0.004750187414285258,0.002636627802342952,0.00028833067524004823,0.0,0.0,0.0,0.23984647099132417
0.0,0.02099529507717267,0.017146409066151058,0.01616689355539075,0.02221693599526474,0.01816975786576079,2.0144131192213983,2.8093445478685957
0.0,0.021814564463066625,0.01729443107091147,0.1269694265354257,0.13426381840647217,0.012789999998802731,1.4403696824612549,2.03059801243907
0.0,0.017567830076211415,0.014786561977619099,0.013722036188717864,0.02013002378999198,0.16505218902254296,1.8296903839709553,2.5772995652272037
0.0,0.0175052923520504,0.014734830012037422,0.010723278471801332,0.011829999999999999,0.011390000000002141,1.281367834397252,1.8572679990335115
0.0,0.005658164117468587,0.0038673367380050736,0.0117008424652044,0.015432300067593396,0.014690000000002272,1.6531515673706332,2.349273163153205
0.0,0.005103437347019043,0.002905702879996394,0.0004117080973838107,0.01049,0.010089999999999995,0.0,0.3334463624678392
0.0,0.004499435405329558,0.025801969238292352,0.004495596821615448,0.01391004402806679,0.0132299999979677,1.4871349318919607,2.0904688652447607
0.0,0.005751521472575985,0.03878452656457939,0.1180918563022031,0.1555210736780537,0.14809999999966172,1.6660120109636405,2.2983823946214628
0.0,-0.0,0.0,0.0,0.0,0.0,0.0,0.0
0.0,-0.0,0.0,0.0,0.0,0.0,0.0,0.0
0.0,-0.0,0.0,0.0,0.0,0.0,0.0,0.0
0.0,-0.0,0.0,0.0,0.0,0.0,0.0,0.0
0.0,-0.0,0.0,0.0,0.0,0.0,0.0,0.0
0.0,-0.0,0.0,0.0,0.0,0.0,0.0,0.0
0.0,-0.0,0.0,0.0,0.0,0.0,0.0,0.0
0.0,-0.0,0.0,0.0,0.0,0.0,0.0,0.0
0.0,-0.0,0.0,0.0,0.0,0.0,0.0,0.0
0.0,-0.0,0.0,0.0,0.0,0.0,0.0,0.0
0.0,-0.0,0.0,0.0,0.0,0.0,0.0,0.0
0.0,3.365580960235093e-05,0.0,0.0,0.0,0.0,0.0,0.006818680847572978
0.0,-0.0,0.0,0.0,0.0,0.0,0.0,0.0
0.0,0.0,0.0,0.0,0.026619574860201414,0.027566147957729714,3.734205167030467,10.599310721126585
0.0,-0.0,0.0,0.0,0.027827944539420727,0.028685669185190443,3.8756700465578424,10.590282255472175
0.0,-0.0,0.0,0.0,0.0,0.0,0.0,0.0
0.0,-0.0,0.0,0.0,0.0,0.0,0.0,0.0
0.0,-0.0,0.0,0.05311887227724423,0.3340726134868274,0.264723227334204,30.315572943363055,81.25441968752385
0.0,-0.0,0.0,0.13252454453890405,0.41791827687913086,0.310936330815179,34.61797589097438,94.0190386341119
0.0,0.0055019818476451775,0.0028502784828770508,0.0,0.0,0.0,0.0,0.1091572811583319
0.0,0.0009199082508081324,1.5292583780748628e-05,0.0,0.0,0.0,0.0,0.09846821356677538
0.0,0.0011804494215476335,0.00032748759786114373,0.0,0.0,0.0,0.0,0.04693416434110986
0.0,0.0005283147489201778,0.00012841290643439418,0.0,0.0,0.0,0.0,0.09108447288599564
0.0,-0.0,0.0,0.0,0.0,0.0,0.0,0.0
0.0,-0.0,0.0,0.0,0.0,0.0,0.0,0.0
0.0,-0.0,0.0,0.0,0.0,0.0,0.0,0.0
0.0,-0.0,0.0,0.0,0.0,0.0,0.0,0.0
0.0,-0.0,0.0,0.0,0.0,0.0,0.0,0.0
0.0,-0.0,0.0,0.0,0.0,0.0,0.0,0.0
0.0,-0.0,0.0,0.0,0.0,0.0,0.0,0.0
0.0,-0.0,0.0,0.0,0.0,0.0,0.0,0.0
0.0,-0.0,0.0,0.0,0.0,0.0,0.0,0.0
0.0,-0.0,0.0,0.0,0.0,0.0,0.0,0.0
0.0,-0.0,0.0,0.0,0.0,0.0,0.0,0.0
0.0,-0.0,0.0,0.0,0.0,0.0,0.0,0.0
0.0,-0.0,0.0,0.015635846179753894,0.23608562786362133,0.19889674567411197,23.700628411409788,62.83637095242155
0.0,0.00029867354777947895,0.0,0.0,0.0,0.0,0.0,0.04611622726861242
0.0,-0.0,0.0,0.0,0.0,0.0,0.0,0.0
0.0,-0.0,0.0,0.0,0.0,0.0,0.0,0.0
0.0,-0.0,0.0,0.0,0.0,0.0,0.0,0.0
0.0,-0.0,0.0,0.0,0.0,0.0,0.0,0.0
0.0,-0.0,0.0,0.0,0.0,0.0,0.0,0.0
0.0,-0.0,0.0,0.0,0.0,0.0,0.0,0.0
0.0,-0.0,0.0,0.0,0.0,0.0,0.0,0.0
0.0,-0.0,0.0,0.0,0.0,0.0,0.0,0.0
0.0,-0.0,0.0,0.0,0.0,0.0,0.0,0.0
0.0,-0.0,0.0,0.0,0.0,0.0,0.0,0.0
0.0,-0.0,0.0,0.0,0.0,0.0,0.0,0.0
0.0,-0.0,0.0,0.0,0.017710486201037514,0.021424463572084607,2.934519401767456,8.225538361467443
0.0,-0.0,0.0,0.0,0.011720000000000003,0.014520000000045342,2.0728696810097453,5.776202701689272
0.0,-0.0,0.0,0.2338839437008894,0.47588043108126754,0.3344959426320604,36.67447773468399,101.59885304301862
0.0,-0.0,0.0,0.0,0.0,0.0,0.0,0.0
0.0,-0.0,0.0,0.0,0.0,0.0,0.0,0.0
0.0,-0.0,0.0,0.0,0.0,0.0,0.0,0.0
0.0,-0.0,0.0,0.0,0.0,0.0,0.0,0.0
0.0,-0.0,0.0,0.0,0.0,0.0,0.0,0.11077673719492935
0.0,-0.0,0.0,0.0,0.0,0.0,0.0,0.009688592888778658
0.0,-0.0,0.0,0.0,0.0,0.0,0.0,0.0
0.0,-0.0,0.0,0.0,0.0,0.0,0.0,0.0
0.0,-0.0,0.0,0.0,0.0,0.0,0.0,0.0
0.0,-0.0,0.0,0.0,0.0,0.0,0.0,0.0
0.0,3.1795367249287665e-05,0.0,0.0,0.0,0.0,0.0,0.002746122086136893
0.0,-0.0,0.0,0.0,0.0,0.0,0.0,0.0
0.0,5.710017329668433e-05,0.0,0.0,0.0,0.0,0.0,0.016658844586345367
0.0,0.0012413997879329685,0.0006801439614074551,0.0,0.0,0.0,0.0,0.0
0.0,2.8402803752865333e-05,0.0,0.0,0.0,0.0,0.0,0.0
0.0,0.0025878107739208747,0.022740895887080267,0.0027648844173681388,0.0,0.0,0.0,0.0
0.0,0.02054570707933204,0.013270626139362685,0.0027136433161968373,0.0,0.0,0.0,0.0
0.0,0.0012880309651970446,0.006986111173891538,0.0021649365244874844,0.0,0.0,0.0,0.0
0.0,0.0008717136606433823,0.005726673023471579,0.0,0.0,0.0,0.0,0.0
0.0,0.001669526327929952,0.0008999949055582393,0.0023805761585833783,0.0,0.0,0.0,0.0
0.0,0.004157481484492624,0.03784167025390496,0.003554202094150149,0.0,0.0,0.0,0.0041969613384935656
0.0,0.003037506984096851,0.025189383612655363,0.003245345898731067,0.0,0.0,0.0,0.0038282360528683057
0.0,0.0026064930677760626,0.022787070623574508,0.0028536527742758612,0.0,0.0,0.0,0.0
0.0,0.0017142051550780304,0.0011866897778950699,0.0002440357443283229,0.0,0.0,0.0,0.0
0.0,0.0013747900345268433,0.0008340070375937314,0.0002214042579776648,0.0,0.0,0.0,0.0
0.0,0.0026249521990578187,0.02280647316694737,0.002709373224432562,0.0,0.0,0.0,0.0
0.0,0.001761383031554798,0.0012030399684198286,0.00024745181773974304,0.0,0.0,0.0,0.0
0.0,0.0014114929012036287,0.0008493082695839553,0.0022546084515372624,0.0,0.0,0.0,0.0
0.0,0.001201303104699713,0.0006554228332582568,0.0,0.0,0.0,0.0,0.0
0.0,0.0014424923352902015,0.0008561692912448793,0.002275958910358638,0.0,0.0,0.0,0.0
0.0,0.012215779631674821,0.0066485324634841005,0.0,0.0,0.0,0.0,0.0
0.0,-0.0,0.0,0.0,0.0,0.0,0.0,0.0
0.0,-0.0,0.0,0.0,0.0,0.0,0.0,0.0
0.0,-0.0,0.0,0.0,0.0,0.0,0.0,0.0
0.0,-0.0,0.0,0.0,0.0,0.0,0.0,0.0
0.0,-0.0,0.0,0.0,0.0,0.0,0.0,0.0
0.0,-0.0,0.0,0.0,0.0,0.0,0.0,0.0
0.0,-0.0,0.0,0.0,0.0,0.0,0.0,0.0
0.0,-0.0,0.0,0.0,0.0,0.0,0.0,0.0
0.0,-0.0,0.0,0.0,0.0,0.0,0.0,0.0
0.0,-0.0,0.0,0.0,0.0,0.0,0.0,0.013645515217945103
0.0,-0.0,0.0,0.0,0.0,0.0,0.0,0.12442225241295546
0.0,-0.0,0.0,0.0,0.0,0.0,0.0,0.0
0.0,-0.0,0.0,0.0,0.0,0.0,0.0,0.0
0.0,-0.0,0.0,0.0,0.0,0.0,0.0,0.0
0.0,-0.0,0.0,0.0,0.0,0.0,0.0,0.0
0.0,-0.0,0.0,0.0,0.0,0.0,0.0,0.0
0.0,4.076885124959517e-05,0.0,0.0,0.0,0.0,0.0,0.015616394565768132
0.0,0.00019499667213230463,0.0,0.0,0.0,0.0,0.0,0.033816862615822174
0.0,-0.0,0.0,0.0,0.0,0.0,0.0,0.0
0.0,-0.0,0.0,0.0,0.0,0.0,0.0,0.0
0.0,-0.0,0.0,0.0,0.0,0.0,0.0,0.0
0.0,-0.0,0.0,0.0,0.0,0.0,0.0,0.0
0.0,0.00022164435221894003,0.0,0.0,0.0,0.0,0.0,0.011369569779162703
0.0,0.0005386534263886386,0.0,0.0,0.0,0.0,0.0,0.006395661107490014
0.0,0.0001931292362834243,0.0,0.0,0.0,0.0,0.0,0.029608380657009548
0.0,0.00038782168496953227,0.0,0.0,0.0,0.0,0.0,0.013518348812795011
0.0,0.001670620699621343,0.0,0.0,0.0,0.0,0.0,0.01450264624600095
0.0,-0.0,0.0,0.0,0.0,0.0,0.0,0.0
0.0,-0.0,0.0,0.0,0.0,0.0,0.0,0.0
0.0,-0.0,0.0,0.0,0.0,0.0,0.0,0.0
0.0,-0.0,0.0,0.0,0.0,0.0,0.0,0.0
0.0,-0.0,0.0,0.0,0.0,0.0,0.0,0.0
0.0,-0.0,0.0,0.0,0.0,0.0,0.0,0.0
0.0,-0.0,0.0,0.0,0.0,0.0,0.0,0.0
0.0,-0.0,0.0,0.0,0.0,0.0,0.0,0.0
0.0,-0.0,0.0,0.0,0.0,0.0,0.0,0.0
0.0,-0.0,0.0,0.0,0.0,0.0,0.0,0.0
0.0,-0.0,0.0,0.0,0.0,0.0,0.0,0.0
0.0,-0.0,0.0,0.0,0.0,0.0,0.0,0.0
0.0,-0.0,0.0,0.0,0.0,0.0,0.0,0.0
0.0,-0.0,0.0,0.0,0.0,0.0,0.0,0.0
0.0,-0.0,0.0,0.0,0.0,0.0,0.0,0.0
0.0,2.6682650059228763e-05,0.0,0.0,0.0,0.0,0.0,0.014747353597158508
0.0,-0.0,0.0,0.0,0.0,0.0,0.0,0.0
0.0,-0.0,0.0,0.0,0.0,0.0,0.0,0.0
0.0,-0.0,0.0,0.0,0.0,0.0,0.0,0.0
0.0,-0.0,0.0,0.0,0.0,0.0,0.0,0.0
0.0,-0.0,0.0,0.0,0.0,0.0,0.0,0.0
0.0,-0.0,0.0,0.0,0.0,0.0,0.0,0.0
0.0,-0.0,0.0,0.0,0.0,0.0,0.0,0.0
0.0,-0.0,0.0,0.0,0.0,0.0,0.0,0.0
0.0,0.000500857213286542,0.0,0.0,0.0,0.0,0.0,0.0
0.0,0.0011441265112986966,0.0001532991305097653,0.0,0.0,0.0,0.0,0.0
0.0,0.00031590111870314947,0.0,0.0,0.0,0.0,0.0,0.0
0.0,-0.0,0.0,0.0,0.0,0.0,0.0,0.0
0.0,-0.0,0.0,0.0,0.0,0.0,0.0,0.0
0.0,-0.0,0.0,0.0,0.0,0.0,0.0,0.0
0.0,-0.0,0.0,0.0,0.0,0.0,0.0,0.0
0.0,-0.0,0.0,0.0,0.0,0.0,0.0,0.0
0.0,-0.0,0.0,0.0,0.0,0.0,0.0,0.0
0.0,-0.0,0.0,0.0,0.0,0.0,0.0,0.0
0.0,-0.0,0.0,0.0,0.0,0.0,0.0,0.0
0.0,-0.0,0.0,0.0,0.0,0.0,0.0,0.0
0.0,-0.0,0.0,0.0,0.0,0.0,0.0,0.0
0.0,-0.0,0.0,0.0,0.0,0.0,0.0,0.0
0.0,0.00047120909134868393,0.0,0.0,0.0,0.0,0.0,0.003708437513523677
0.0,7.490725819765096e-06,0.0,0.0,0.0,0.0,0.0,0.0
0.0,-0.0,0.0,0.0,0.0,0.0,0.0,0.0
0.0,-0.0,0.0,0.0,0.0,0.0,0.0,0.0
0.0,7.784479773480236e-05,0.0,0.0,0.0,0.0,0.0,0.0
0.0,2.9949744544760515e-05,0.0,0.0,0.0,0.0,0.0,0.0
0.0,0.0007450271275801257,0.0005507137400786866,0.0,0.0,0.0,0.0,0.0
0.0,0.0002718803391558089,7.055467805799586e-05,0.0,0.0,0.0,0.0,0.0
0.0,6.621222042102644e-05,0.0,0.0,0.0,0.0,0.0,0.0
0.0,0.0021099463240791556,0.013558587780582571,0.002927273860466893,0.0,0.0,0.0,0.0036294135952630313
0.0,0.001709073469767493,0.00119217794633119,0.00025022737738652183,0.0,0.0,0.0,0.0
0.0,0.0007458394622472935,0.005381553844852609,0.0,0.0,0.0,0.0,0.0
0.0,0.0017728867763515607,0.012433794042460944,0.0025770003797400336,0.0,0.0,0.0,0.0
0.0,0.0003944712327162483,0.0009538681093358842,0.0,0.0,0.0,0.0,0.0
0.0,0.00412424458707747,0.03760656234625686,0.0035778503320944145,0.0,0.0,0.0,0.004215036107780179
0.0,-0.0,0.0,0.0,0.0,0.0,0.0,0.0
0.0,-0.0,0.0,0.0,0.0,0.0,0.0,0.0
0.0,-0.0,0.0,0.0,0.0,0.0,0.0,0.0
0.0,-0.0,0.0,0.0,0.0,0.0,0.0,0.0
0.0,-0.0,0.0,0.0,0.0,0.0,0.0,0.0
0.0,8.211121894419193e-06,0.0,0.0,0.0,0.0,0.0,0.0
0.0,2.2353276108333375e-05,0.0,0.0,0.0,0.0,0.0,0.0021864192131033633
0.0,2.0877511815342586e-05,0.0,0.0,0.0,0.0,0.0,0.0014759288078494137
0.0,-0.0,0.0,0.0,0.0,0.0,0.0,0.0
0.0,-0.0,0.0,0.0,0.0,0.0,0.0,0.0
0.0,-0.0,0.0,0.0,0.0,0.0,0.0,0.0
0.0,-0.0,0.0,0.0,0.0,0.0,0.0,0.0
0.0,-0.0,0.0,0.0,0.0,0.0,0.0,0.0
0.0,-0.0,0.0,0.0,0.0,0.0,0.0,0.0
0.0,-0.0,0.0,0.0,0.0,0.0,0.0,0.0
0.0,-0.0,0.0,0.0,0.0,0.0,0.0,0.0
0.0,-0.0,0.0,0.0,0.0,0.0,0.0,0.0
0.0,-0.0,0.0,0.0,0.0,0.0,0.0,0.0
0.0,1.713564597594086e-05,0.0,0.0,0.0,0.0,0.0,0.0
0.0,3.68731143680634e-05,0.0,0.0,0.0,0.0,0.0,0.0
0.0,1.5708842384168408e-05,0.0,0.0,0.0,0.0,0.0,0.0
0.0,-0.0,0.0,0.0,0.0,0.0,0.0,0.0
0.0,-0.0,0.0,0.0,0.0,0.0,0.0,0.0
0.0,-0.0,0.0,0.0,0.0,0.0,0.0,0.0
0.0,-0.0,0.0,0.0,0.0,0.0,0.0,0.0
0.0,-0.0,0.0,0.0,0.0,0.0,0.0,0.0
0.0,-0.0,0.0,0.0,0.0,0.0,0.0,0.0
0.0,-0.0,0.0,0.0,0.0,0.0,0.0,0.0
0.0,0.0001891425754828135,0.0,0.0,0.0,0.0,0.0,0.0
0.0,0.0005723700049017984,0.0,0.0,0.0,0.0,0.0,0.0
0.0,-0.0,0.0,0.0,0.0,0.0,0.0,0.0
0.0,-0.0,0.0,0.0,0.0,0.0,0.0,0.0
0.0,-0.0,0.0,0.0,0.0,0.0,0.0,0.0
0.0,-0.0,0.0,0.0,0.0,0.0,0.0,0.0
0.0,-0.0,0.0,0.0,0.0,0.0,0.0,0.0
0.0,-0.0,0.0,0.0,0.0,0.0,0.0,0.0
0.0,-0.0,0.0,0.0,0.0,0.0,0.0,0.0
0.0,-0.0,0.0,0.0,0.0,0.0,0.0,0.0
0.0,-0.0,0.0,0.0,0.0,0.0,0.0,0.0
0.0,-0.0,0.0,0.0,0.0,0.0,0.0,0.0
0.0,-0.0,0.0,0.0,0.0,0.0,0.0,0.0
0.0,-0.0,0.0,0.0,0.0,0.0,0.0,0.0
0.0,-0.0,0.0,0.0,0.0,0.0,0.0,0.0
0.0,-0.0,0.0,0.0,0.0,0.0,0.0,0.0
0.0,-0.0,0.0,0.0,0.0,0.0,0.0,0.0
0.0,-0.0,0.0,0.0,0.0,0.0,0.0,0.0
0.0,-0.0,0.0,0.0,0.0,0.0,0.0,0.0
0.0,-0.0,0.0,0.0,0.0,0.0,0.0,0.0
0.0,-0.0,0.0,0.0,0.0,0.0,0.0,0.0
0.0,-0.0,0.0,0.0,0.0,0.0,0.0,0.0
0.0,-0.0,0.0,0.0,0.0,0.0,0.0,0.0
0.0,-0.0,0.0,0.0,0.0,0.0,0.0,0.0
0.0,-0.0,0.0,0.0,0.0,0.0,0.0,0.0
0.0,-0.0,0.0,0.0,0.0,0.0,0.0,0.0
0.0,-0.0,0.0,0.0,0.0,0.0,0.0,0.0
0.0,-0.0,0.0,0.0,0.0,0.0,0.0,0.0
0.0,-0.0,0.0,0.0,0.0,0.0,0.0,0.0
0.0,7.406794793496374e-06,0.0,0.0,0.0,0.0,0.0,0.0
0.0,-0.0,0.0,0.0,0.0,0.0,0.0,0.0
0.0,-0.0,0.0,0.0,0.0,0.0,0.0,0.0
0.0,-0.0,0.0,0.0,0.0,0.0,0.0,0.0
0.0,-0.0,0.0,0.0,0.0,0.0,0.0,0.0
0.0,-0.0,0.0,0.0,0.0,0.0,0.0,0.0
0.0,-0.0,0.0,0.0,0.0,0.0,0.0,0.0
0.0,-0.0,0.0,0.0,0.0,0.0,0.0,0.0
0.0,-0.0,0.0,0.0,0.0,0.0,0.0,0.0
0.0,2.0199080609017983e-05,0.0,0.0,0.0,0.0,0.0,0.0
0.0,5.505088976215291e-05,0.0,0.0,0.0,0.0,0.0,0.0
0.0,3.664230735012097e-05,0.0,0.0,0.0,0.0,0.0,0.0
0.0,-0.0,0.0,0.0,0.0,0.0,0.0,0.0
0.0,-0.0,0.0,0.0,0.0,0.0,0.0,0.0
0.0,4.339165479905205e-05,0.0,0.0,0.0,0.0,0.0,0.0
0.0,0.0002889979373200861,0.0,0.0,0.0,0.0,0.0,0.0
0.0,-0.0,0.0,0.0,0.0,0.0,0.0,0.0
0.0,1.3666552149516065e-05,0.0,0.0,0.0,0.0,0.0,0.0
0.0,-0.0,0.0,0.0,0.0,0.0,0.0,0.0
0.0,-0.0,0.0,0.0,0.0,0.0,0.0,0.0
0.0,-0.0,0.0,0.0,0.0,0.0,0.0,0.0
0.0,-0.0,0.0,0.0,0.0,0.0,0.0,0.0
0.0,-0.0,0.0,0.0,0.0,0.0,0.0,0.0
0.0,-0.0,0.0,0.0,0.0,0.0,0.0,0.0
0.0,3.178837323503103e-05,0.0,0.0,0.0,0.0,0.0,0.0
0.0,-0.0,0.0,0.0,0.0,0.0,0.0,0.0
0.0,-0.0,0.0,0.0,0.0,0.0,0.0,0.0
0.0,-0.0,0.0,0.0,0.0,0.0,0.0,0.0
0.0,-0.0,0.0,0.0,0.0,0.0,0.0,0.0
0.0,-0.0,0.0,0.0,0.0,0.0,0.0,0.0
0.0,-0.0,0.0,0.0,0.0,0.0,0.0,0.0
0.0,4.0845787855541514e-05,0.0,0.0,0.0,0.0,0.0,0.0
0.0,7.248029101831598e-05,0.0,0.0,0.0,0.0,0.0,0.0
0.0,-0.0,0.0,0.0,0.0,0.0,0.0,0.0
0.0,-0.0,0.0,0.0,0.0,0.0,0.0,0.0
0.0,-0.0,0.0,0.0,0.0,0.0,0.0,0.0
0.0,-0.0,0.0,0.0,0.0,0.0,0.0,0.0
0.0,-0.0,0.0,0.0,0.0,0.0,0.0,0.0
0.0,-0.0,0.0,0.0,0.0,0.0,0.0,0.0
0.0,-0.0,0.0,0.0,0.0,0.0,0.0,0.0
0.0,-0.0,0.0,0.0,0.0,0.0,0.0,0.0
0.0,-0.0,0.0,0.0,0.0,0.0,0.0,0.0
0.0,-0.0,0.0,0.0,0.0,0.0,0.0,0.0
0.0,0.00022291029187690984,0.0,0.0,0.0,0.0,0.0,0.0
0.0,0.00036689169404660507,0.0,0.0,0.0,0.0,0.0,0.0
0.0,0.0009892556067752894,0.0005294310130373126,0.0,0.0,0.0,0.0,0.0
0.0,9.749833606664793e-06,0.0,0.0,0.0,0.0,0.0,0.0
0.0,6.577620953958972e-05,0.0,0.0,0.0,0.0,0.0,0.0
0.0,-0.0,0.0,0.0,0.0,0.0,0.0,0.0
0.0,-0.0,0.0,0.0,0.0,0.0,0.0,0.0
0.0,-0.0,0.0,0.0,0.0,0.0,0.0,0.0
0.0,-0.0,0.0,0.0,0.0,0.0,0.0,0.0
0.0,0.0005423045229939047,9.682962953079863e-05,0.0,0.0,0.0,0.0,0.0
0.0,-0.0,0.0,0.0,0.0,0.0,0.0,0.0
0.0,-0.0,0.0,0.0,0.0,0.0,0.0,0.0
0.0,-0.0,0.0,0.0,0.0,0.0,0.0,0.0
0.0,-0.0,0.0,0.0,0.0,0.0,0.0,0.0
0.0,-0.0,0.0,0.0,0.0,0.0,0.0,0.0
0.0,-0.0,0.0,0.0,0.0,0.0,0.0,0.0
0.0,-0.0,0.0,0.0,0.0,0.0,0.0,0.0
0.0,-0.0,0.0,0.0,0.0,0.0,0.0,0.0
0.0,0.001392608505753017,0.0005820004774396675,0.0,0.0,0.0,0.0,0.0
0.0,0.001666533868158167,0.0007181503328636836,0.002295174323297876,0.0,0.0,0.0,0.0
0.0,0.002138986485400319,0.0008266395564833914,0.0002615431205618509,0.0,0.0,0.0,0.0
0.0,0.002512954352315142,0.0013191706446316362,0.0002816508114403815,0.0,0.0,0.0,0.0
0.0,0.0016623328265788103,0.0007033098409648156,0.00022695537727122244,0.0,0.0,0.0,0.0
0.0,-0.0,0.0,0.0,0.0,0.0,0.0,0.0
0.0,-0.0,-0.0,0.0,0.0,0.0,0.0,0.0
0.0,2.259807001792069e-05,-0.0,0.0,0.0,0.0,0.0,0.0
0.0,-0.0,0.0,0.0,0.0,0.0,0.0,0.0
0.0,2.2339288768938575e-05,-0.0,0.0,0.0,0.0,0.0,0.0
0.0,-0.0,0.0,0.0,0.0,0.0,0.0,0.0
0.0,-0.0,0.0,0.0,0.0,0.0,0.0,0.0
0.0,-0.0,0.0,0.0,0.0,0.0,0.0,0.0
0.0,-0.0,0.0,0.0,0.0,0.0,0.0,0.0
0.0,-0.0,0.0,0.0,0.0,0.0,0.0,0.0
0.0,-0.0,0.0,0.0,0.0,0.0,0.0,0.0
0.0,-0.0,0.0,0.0,0.0,0.0,0.0,0.0
0.0,-0.0,0.0,0.0,0.0,0.0,0.0,0.0
0.0,-0.0,0.0,0.0,0.0,0.0,0.0,0.0
0.0,-0.0,0.0,0.0,0.0,0.0,0.0,0.0
0.0,-0.0,0.0,0.0,0.0,0.0,0.0,0.0
0.0,-0.0,0.0,0.0,0.0,0.0,0.0,0.0
0.0,-0.0,0.0,0.0,0.0,0.0,0.0,0.0
0.0,-0.0,0.0,0.0,0.0,0.0,0.0,0.0
0.0,-0.0,0.0,0.0,0.0,0.0,0.0,0.0
0.0,-0.0,0.0,0.0,0.0,0.0,0.0,0.0
0.0,-0.0,0.0,0.0,0.0,0.0,0.0,0.0
0.0,-0.0,0.0,0.0,0.0,0.0,0.0,0.0
0.0,-0.0,0.0,0.0,0.0,0.0,0.0,0.0
0.0,3.1886292265995327e-05,-0.0,0.0,0.0,0.0,0.0,0.0
0.0,-0.0,0.0,0.0,0.0,0.0,0.0,0.0
0.0,8.476898983644787e-06,0.0,0.0,0.0,0.0,0.0,0.0
0.0,0.00040595397574778777,0.0,0.0,0.0,0.0,0.0,0.0
0.0,0.00037832711581563033,0.0,0.0,0.0,0.0,0.0,0.0
0.0,-0.0,0.0,0.0,0.0,0.0,0.0,0.0
0.0,-0.0,0.0,0.0,0.0,0.0,0.0,0.0
0.0,-0.0,0.0,0.0,0.0,0.0,0.0,0.0
0.0,8.853184634853573e-05,0.0,0.0,0.0,0.0,0.0,0.0
0.0,0.00018461736442532128,0.0,0.0,0.0,0.0,0.0,0.0
0.0,0.0005872980836848066,0.0,0.0,0.0,0.0,0.0,0.0
0.0,0.0008258334252879153,0.0,0.0,0.0,0.0,0.0,0.0
0.0,0.0008033043143284977,0.0010438638598685435,0.0,0.0,0.0,0.0,0.0
0.0,1.8100838133250363e-05,0.0,0.0,0.0,0.0,0.0,0.0
0.0,2.1520974183476642e-05,-0.0,0.0,0.0,0.0,0.0,0.0
0.0,2.7340100124540433e-05,0.0,0.0,0.0,0.0,0.0,0.0
0.0,-0.0,0.0,0.0,0.0,0.0,0.0,0.0
0.0,-0.0,0.0,0.0,0.0,0.0,0.0,0.0
0.0,-0.0,0.0,0.0,0.0,0.0,0.0,0.0
0.0,-0.0,0.0,0.0,0.0,0.0,0.0,0.0
0.0,-0.0,0.0,0.0,0.0,0.0,0.0,0.0
0.0,1.1687209735100623e-05,0.0,0.0,0.0,0.0,0.0,0.0
0.0,-0.0,0.0,0.0,0.0,0.0,0.0,0.0
0.0,2.2493159887572965e-05,0.0,0.0,0.0,0.0,0.0,0.0
0.0,0.00014204402490549937,0.0,0.0,0.0,0.0,0.0,0.0
0.0,-0.0,0.0,0.0,0.0,0.0,0.0,0.0
0.0,-0.0,0.0,0.0,0.0,0.0,0.0,0.0
0.0,-0.0,0.0,0.0,0.0,0.0,0.0,0.0
0.0,0.00011778134715788435,0.0,0.0,0.0,0.0,0.0,0.0
0.0,-0.0,0.0,0.0,0.0,0.0,0.0,0.0
0.0,-0.0,0.0,0.0,0.0,0.0,0.0,0.0
0.0,-0.0,0.0,0.0,0.0,0.0,0.0,0.0
0.0,-0.0,0.0,0.0,0.0,0.0,0.0,0.0
0.0,-0.0,0.0,0.0,0.0,0.0,0.0,0.0
0.0,3.970574084632972e-05,-0.0,0.0,0.0,0.0,0.0,0.0
0.0,5.045573630013678e-05,-0.0,0.0,0.0,0.0,0.0,0.0
0.0,0.0010319963431583029,0.0,0.0,0.0,0.0,0.0,0.0
0.0,0.001613830545104643,0.0,0.0,0.0,0.0,0.0,0.0
0.0,0.0006802012681058889,0.0,0.0,0.0,0.0,0.0,0.0
0.0,-0.0,0.0,0.0,0.0,0.0,0.0,0.0
0.0,-0.0,0.0,0.0,0.0,0.0,0.0,0.0
0.0,-0.0,0.0,0.0,0.0,0.0,0.0,0.0
0.0,-0.0,0.0,0.0,0.0,0.0,0.0,0.0
0.0,-0.0,0.0,0.0,0.0,0.0,0.0,0.0
0.0,5.41346551017341e-05,-0.0,0.0,0.0,0.0,0.0,0.0
0.0,-0.0,0.0,0.0,0.0,0.0,0.0,0.0
0.0,-0.0,0.0,0.0,0.0,0.0,0.0,0.0
0.0,9.39313122216845e-06,0.0,0.0,0.0,0.0,0.0,0.0
0.0,2.4584407583461143e-05,0.0,0.0,0.0,0.0,0.0,0.0
0.0,9.295913808013596e-05,0.0,0.0,0.0,0.0,0.0,0.0
0.0,-0.0,0.0,0.0,0.0,0.0,0.0,0.0
0.0,-0.0,0.0,0.0,0.0,0.0,0.0,0.0
0.6994141755057419,0.1003353697853968,0.0,0.0,0.0,0.0,0.0,0.0
0.0,0.0002533767733637632,0.0,0.0,0.0,0.0,0.0,0.0
0.0,0.00014194610582762834,0.0,0.0,0.0,0.0,0.0,0.0
0.0,0.00019945194043178628,0.0,0.0,0.0,0.0,0.0,0.0
0.0,0.0004590530138055863,0.0,0.0,0.0,0.0,0.0,0.0
0.0,0.0008711584682565094,0.0,0.0,0.0,0.0,0.0,0.0
0.0,0.0003954138041273181,0.0,0.0,0.0,0.0,0.0,0.0
0.0,0.0005964257537147841,0.0,0.0,0.0,0.0,0.0,0.0
0.0,0.00031889789332599397,0.0,0.0,0.0,0.0,0.0,0.0
0.0,-0.0,0.0,0.0,0.0,0.0,0.0,0.0
0.0,-0.0,0.0,0.0,0.0,0.0,0.0,0.0
0.0,8.932917849675612e-05,0.0,0.0,0.0,0.0,0.0,0.0
0.0,-0.0,0.0,0.0,0.0,0.0,0.0,0.0
0.0,-0.0,0.0,0.0,0.0,0.0,0.0,0.0
0.0,-0.0,0.0,0.0,0.0,0.0,0.0,0.0
0.0,-0.0,0.0,0.0,0.0,0.0,0.0,0.0
0.0,0.0002833186922543973,0.0,0.0,0.0,0.0,0.0,0.0
0.0,0.00039137119019632197,0.0,0.0,0.0,0.0,0.0,0.1739746008114394
0.6994141755057419,0.3477704099000805,0.0,0.0,0.0,0.0,0.0,0.02351967027846058
0.0,0.00024552235106511944,0.0,0.0,0.0,0.0,0.0,0.0
0.0,3.862864264192467e-05,-0.0,0.0,0.0,0.0,0.0,0.0
0.0,1.2883206863989471e-05,-0.0,0.0,0.0,0.0,0.0,0.0
0.0,-0.0,0.0,0.0,0.0,0.0,0.0,0.0
0.0,-0.0,0.0,0.0,0.0,0.0,0.0,0.0
0.0,-0.0,0.0,0.0,0.0,0.0,0.0,0.0
0.0,-0.0,0.0,0.0,0.0,0.0,0.0,0.0
0.6994141755057419,0.48921902351560814,0.0,0.0,0.003777056810530517,0.0003823413014738302,0.0,0.1769622174774107
0.0,0.0008073096093945489,0.0,0.0,0.0,0.0,0.0,0.0
0.0,-0.0,0.0,0.0,0.0,0.0,0.0,0.0
0.0,-0.0,0.0,0.0,0.0,0.0,0.0,0.0
0.0,-0.0,0.0,0.0,0.0,0.0,0.0,0.0
0.0,-0.0,0.0,0.0,0.0,0.0,0.0,0.0
0.0,0.00010185568578435777,0.0,0.0,0.0,0.0,0.0,0.0
0.0,0.00010795457592394087,-0.0,0.0,0.0,0.0,0.0,0.0
0.0,0.00010553460242590518,0.0,0.0,0.0,0.0,0.0,0.0
0.0,0.00018163086451750132,0.0,0.0,0.0,0.0,0.0,0.0
0.0,0.00049535309566485,0.0,0.0,0.0,0.0,0.0,0.0
0.0,7.314473350561457e-05,0.0,0.0,0.0,0.0,0.0,0.0
0.0,7.833438765764882e-06,0.0,0.0,0.0,0.0,0.0,0.0
0.0,2.2814889234723523e-05,0.0,0.0,0.0,0.0,0.0,0.0
0.0,4.389523366119495e-05,0.0,0.0,0.0,0.0,0.0,0.0
0.0,6.934691551159066e-05,0.0,0.0,0.0,0.0,0.0,0.0
0.0,0.0001375258078724073,0.0,0.0,0.0,0.0,0.0,0.0
0.0,-0.0,0.0,0.0,0.0,0.0,0.0,0.0
0.0,0.00025292215150329866,-0.0,0.0,0.0,0.0,0.0,0.0
0.0,-0.0,0.0,0.0,0.0,0.0,0.0,0.0
0.0,-0.0,0.0,0.0,0.0,0.0,0.0,0.0
0.0,0.0006547629563439707,8.687964328889262e-05,0.4773411596651975,0.5225098319100442,0.3471148076333229,37.44610435028829,107.6452879348508
0.0,-0.0,0.0,0.0,0.0,0.0,0.0,0.0
0.0,1.204391082865186e-05,0.0,0.0,0.0,0.0,0.0,0.0
0.0,3.259270057899182e-05,-0.0,0.0,0.00037778692555317053,0.0003823413014738302,0.0,0.1769622174774107
0.0,3.191426883301929e-05,0.0,0.0,0.0,0.0,0.0,0.0
0.0,0.00021469217415415187,0.0,0.0,0.0,0.0,0.0,0.0
0.0,0.00022179822144607897,-0.0,0.0,0.0,0.0,0.0,0.0
0.0,0.00015696252694397117,0.0,0.0,0.0,0.0,0.0,0.0
0.0,0.0005144058285448778,0.0,0.0,0.0,0.0,0.0,0.0
0.0,0.001135756091190327,0.0,0.0,0.0,0.0,0.0,0.0
0.0,0.0018264176805714673,0.0,0.0,0.0,0.0,0.0,0.0
0.0,0.00028308788753849404,0.0,0.0,0.0,0.0,0.0,0.0
0.0,0.00022348381150265426,0.0,0.8124450011896143,0.8222393580082372,0.4359235931936162,38.056390855357144,117.29830580001392
0.0,-0.0,0.0,0.0,0.0,0.0,0.0,0.0
0.0,-0.0,0.0,0.0,0.0,0.0,0.0,0.0
0.0,0.00012796481541954563,0.0,0.0,0.0,0.0,0.0,0.0
0.0,0.0004304194825408558,0.0,0.0,0.0,0.0,0.0,0.0
0.0,-0.0,0.0,0.0,0.0,0.0,0.0,0.0
0.0,-0.0,0.0,0.0,0.0,0.0,0.0,0.0
0.0,-0.0,0.0,0.0,0.0,0.0,0.0,0.0
0.0,-0.0,0.0,0.0,0.0,0.0,0.0,0.0
0.0,-0.0,0.0,0.0,0.0,0.0,0.0,0.0
0.0,-0.0,0.0,0.0,0.0,0.0,0.0,0.0
0.0,-0.0,0.0,0.0,0.0,0.0,0.0,0.0
0.0,-0.0,0.0,0.0,0.0,0.0,0.0,0.0
0.0,-0.0,0.0,0.0,0.0,0.0,0.0,0.0
0.0,-0.0,0.0,0.0,0.0,0.0,0.0,0.0
0.0,-0.0,0.0,0.0,0.0,0.0,0.0,0.0
0.0,-0.0,0.0,0.0,0.0,0.0,0.0,0.0
0.0,-0.0,0.0,0.0,0.0,0.0,0.0,0.0
0.0,-0.0,0.0,0.0,0.0,0.0,0.0,0.0
0.0,-0.0,0.0,0.0,0.0,0.0,0.0,0.0
0.0,-0.0,0.0,0.0,0.0,0.0,0.0,0.0
0.0,-0.0,0.0,0.0,0.0,0.0,0.0,0.0
0.0,-0.0,0.0,0.0,0.0,0.0,0.0,0.0
0.0,0.0001026250397444528,-0.0,0.0,0.0,0.0,0.0,0.0
0.0,0.0014765902535723496,0.0002555818883700446,0.0,0.0,0.0,0.0,0.0
0.0,0.0010232311143141084,9.585348402684849e-05,0.0,0.0,0.0,0.0,0.0
0.0,-0.0,0.0,0.0,0.0,0.0,0.0,0.0
0.0,-0.0,0.0,0.0,0.0,0.0,0.0,0.0
0.0,0.00041275228056747437,0.0,0.0645587126594975,0.23160317053250287,0.18130060935208644,20.18855817917444,31.79633155667785
0.0,-0.0,0.0,0.0,0.0,0.0,0.0,0.0
0.0,-0.0,0.0,0.0,0.0,0.0,0.0,0.0
0.6994141755057419,0.2836549026074247,0.0,0.0,0.0,0.0,0.0,0.0
0.0,-0.0,0.0,0.0,0.0,0.0,0.0,0.0
0.0,0.0008032212279184554,-0.0,0.0,0.0,0.0,0.0,0.0
0.0,0.000157137382811537,-0.0,0.0,0.0,0.0,0.0,0.17440865247402915
0.0,0.00012862926101774694,0.0,0.4649840671490273,0.5261790613667433,0.3482151398406667,37.53145093049906,107.43584532160087
0.0,0.002024392609707308,0.00130726978555516,1.0357125055814072,0.8621191877513799,0.4421304433173593,38.18148789758391,134.71835491901936
0.0,0.0006326131276032989,0.0,0.0,0.0,0.0,0.0,0.17440865247402915
0.0,0.00021396478457350168,0.0,0.0,0.0,0.0,0.0,0.0
0.0,0.000490753272441993,0.0,0.0,0.0,0.0,0.0,0.0
0.0,8.346808681380935e-05,0.0,0.0,0.0,0.0,0.0,0.0
0.0,0.00018462435843957792,0.0,0.0,0.0,0.0,0.0,0.0
0.0,0.00014517040551709215,0.0,0.0,0.0,0.0,0.0,0.0
0.0,0.0002047185279252517,0.0,0.0,0.0,0.0,0.0,0.0
0.0,-0.0,0.0,0.0,0.0,0.0,0.0,0.0
0.0,1.4631744553732229e-05,0.0,0.0,0.0,0.0,0.0,0.0
0.0,3.663531451837763e-05,0.0,0.0,0.0,0.0,0.0,0.0
0.6994141755057419,0.02843496307080982,0.0,0.0,0.0,0.0,0.0,0.0
0.6994141755057419,0.03018126038420816,0.0,0.0,0.0,0.0,0.0,0.0
0.0,0.0005046452985892737,0.00010633270800042283,0.0,0.0,0.0,0.0,0.0
0.0,0.0005826469764542708,0.0,0.0,0.0,0.0,0.0,0.0
0.0,0.0008181859811997894,0.0,0.0,0.0,0.0,0.0,0.0
0.6994141755057419,0.24749749780061714,-0.0,0.0,0.0,0.0,0.0,0.0
0.0,-0.0,0.0,0.0,0.0,0.0,0.0,0.0
0.0,-0.0,0.0,0.0,0.0,0.0,0.0,0.0
0.0,0.0015331648317016846,-0.0,0.0,0.0,0.0,0.0,0.0
0.0,0.00024420045938100847,0.0,0.0,0.0,0.0,0.0,0.0
0.0,0.00015801864344666683,0.0,0.0,0.0,0.0,0.0,0.0
0.0,0.00017688184498770452,0.0,0.0,0.0,0.0,0.0,0.0
0.0,0.0002315760328883698,0.0,0.0,0.0,0.0,0.0,0.0
0.0,-0.0,0.0,0.0,0.0,0.0,0.0,0.0
0.0,1.263841415324765e-05,0.0,0.0,0.0,0.0,0.0,0.0
0.0,-0.0,0.0,0.09024020515522028,0.3358095114267582,0.25211832562679715,27.651122857056674,46.83699637976876
0.0,2.775275448814972e-05,0.0,0.08352000520738233,0.30211242134308625,0.2298179653363664,25.247389036325693,41.61677829793105
0.0,3.3529914617247414e-05,0.0,0.0,0.0,0.0,0.0,0.0
0.0,6.960569771763403e-05,0.0,0.0,0.0,0.0,0.0,0.0
0.0,0.00014428214933559502,0.0,0.0,0.0,0.0,0.0,0.0
0.0,0.0002494810349844556,0.0,0.0,0.0,0.0,0.0,0.0
0.0,0.0005128734187564987,-0.0,0.0,0.0,0.0,0.0,0.0
0.0,-0.0,0.0,0.0,0.0,0.0,0.0,0.0
0.0,-0.0,0.0,0.0,0.0004816063150953542,0.0004008854223043915,0.0,0.2458033536410432
0.0,-0.0,0.0,0.0,0.0,0.0,0.0,0.0
0.0,-0.0,0.0,0.0,0.0,0.0,0.0,0.0
0.0,-0.0,0.0,0.0,0.0,0.0,0.0,0.0
0.0,-0.0,0.0,0.0,0.0,0.0,0.0,0.0
0.0,-0.0,0.0,0.0,0.0,0.0,0.0,0.0
0.0,0.0002759818395151856,0.0,0.0,0.0,0.0,0.0,0.008451051106931118
0.6994141755057419,0.30042370717222266,-0.0,0.0,0.0,0.0,0.0,0.0
0.6994141755057419,0.034443308521402566,0.0,0.0,0.0,0.0,0.0,0.0
0.0,0.002637427908555804,0.0,0.0,0.0,0.0,0.0,0.0
0.0,0.00043905696093925076,0.0,0.0,0.0,0.0,0.0,0.0
0.0,0.001041927501473043,0.0,0.0,0.0,0.0,0.0,0.0
0.0,0.0003526337658741161,0.00015109665835450045,0.0,0.0,0.0,0.0,0.0
0.0,5.771565588474914e-05,0.0,0.0,0.0,0.0,0.0,0.0
0.0,-0.0,0.0,0.0,0.0,0.0,0.0,0.0
0.0,-0.0,0.0,0.0,0.0,0.0,0.0,0.0
0.0,-0.0,0.0,0.0,0.0,0.0,0.0,0.0
0.0,-0.0,0.0,0.0,0.0,0.0,0.0,0.0
0.0,0.00023293207105037144,9.149650748017355e-06,0.0,0.0,0.0,0.0,0.0
0.0,-0.0,0.0,0.0,0.0,0.0,0.0,0.0
0.0,-0.0,0.0,0.0,0.0,0.0,0.0,0.0
0.0,-0.0,0.0,0.0,0.0,0.0,0.0,0.0
0.0,0.0001384070700396478,0.0,0.0,0.0,0.0,0.0,0.0
0.0,0.00012303394657919853,0.0,0.0,0.0,0.0,0.0,0.0
0.0,0.00010857006134301628,0.0,0.0,0.0,0.0,0.0,0.0
0.0,2.7403047400344997e-05,0.0,0.0,0.0,0.0,0.0,0.0
0.0,2.669663808774203e-05,0.0,0.0,0.0,0.0,0.0,0.0
0.0,4.523810821410734e-05,0.0,0.0,0.0,0.0,0.0,0.0
0.0,8.864375261663157e-05,0.0,0.0,0.0,0.0,0.0,0.0
0.0,0.0001392393740614955,0.0,0.0,0.0,0.0,0.0,0.0
0.0,0.0002583566022934289,0.0,0.0,0.0,0.0,0.0,0.0
0.0,0.0004864803555996747,0.0,0.0,0.0,0.0,0.0,0.0
0.0,-0.0,0.0,0.0,0.0,0.0,0.0,0.0
0.0,9.791797310754191e-06,0.0,0.0,0.0,0.0,0.0,0.0
0.0,-0.0,0.0,0.0,0.0,0.0,0.0,0.0
0.0,-0.0,0.0,0.0,0.0,0.0,0.0,0.0
0.0,-0.0,0.0,0.0,0.0,0.0,0.0,0.0
0.0,-0.0,0.0,0.0,0.0,0.0,0.0,0.0
0.0,-0.0,0.0,0.0,0.0,0.0,0.0,0.0
0.0,-0.0,0.0,0.0,0.0,0.0,0.0,0.0
0.0,-0.0,0.0,0.0,0.0,0.0,0.0,0.0
0.0,-0.0,0.0,0.0,0.0,0.0,0.0,0.0
0.833573814154598,0.11067507811311604,0.0007653216959092476,0.0,0.0,0.0,0.0,0.04730209695705823
2.1764256315839,0.16230999327758983,0.014422142678686422,0.001160876844227906,0.0002688866311899198,0.0,0.0,0.08788724268106307
0.0,1.2428088598721387,0.3750742740545192,0.3537331993355723,0.3910439083188651,0.2927633242126818,32.51003227289226,57.011127872875356
245.06197712352497,24.214495439298776,2.8784449398162812,0.9661754624143726,0.5253359619591311,0.3319786411104314,36.23137699632939,73.69379142760111
47.1310921363687,8.722618795612016,0.368231254346436,0.1687362020631184,0.11730107719999787,0.11112783134587641,12.798479637909436,15.221064986589901
1000.0,1000.0,1000.0,1000.0,1000.0,1000.0,1000.0,1000.0
61.673898723063395,24.503557088722026,8.583285745349391,0.22521115042527612,0.12965258057216078,0.12213245767213501,14.081016603542764,16.768617288122744
0.0,0.004283843319991137,0.0007903021539926771,0.0,0.0,0.0,0.0,0.04726958692478535
0.0,0.010327800734657522,0.0012263096843114342,0.00015405440990956532,0.0,0.0,0.0,0.013180455855945183
0.0,0.1733146838480441,0.020692024325472947,0.0013314525677882115,0.00026888663118991975,0.0,0.0,0.14231626778257578
0.0,0.210762437878789,0.21738432108521563,0.1050477364246566,0.08024829014979887,0.07241077927012998,8.32538352987614,10.280652143403916
47.6935264137897,9.17803477757577,0.35180004247507884,0.1669039451499819,0.13279471216889013,0.10602663364215895,11.935660785915887,14.104681186065772
96.436780451231,8.466829534415856,0.8416024902363402,0.09609903215654296,0.04844203698894453,0.04290234607250216,4.842541578535092,6.4390985395522575
17.0405855929445,11.062794538637881,3.499779598385378,0.47840861784705413,0.0012270568264126393,0.0,0.0,0.12010565387299721
27.1715215361316,2.2262417538153167,0.19757458603084052,0.0283530020923592,0.013990061196722166,0.012330087337790315,1.3795748582016212,1.7808067979294158
21.951602434242602,14.07943659588574,6.754672425875308,1.3465011647674472,0.02042890769349666,0.012049999999999993,1.370221808315409,1.766242413597208
0.0,7.029112463829603e-05,0.0,0.0,0.0,0.0,0.0,0.0
0.0,0.16995345279462373,0.1405998945509097,0.06410196499608206,0.053339321577983836,0.03668004688242231,4.046363206979415,5.181280577122588
0.0,0.006104677431825827,0.018300959219446362,0.005456161944656945,0.0012170618695257795,0.0004639461141482992,0.0,0.2026595326402456
0.6994141755057419,0.03205589255360892,7.945283507226147e-05,0.0,0.0,0.0,0.0,0.004309097392251715
0.0,0.0020041263837174686,0.0001424921068954155,0.0001940774445928247,0.0,0.0,0.0,0.0
0.0,0.001086482145143663,0.00010473454155314379,0.0,0.0,0.0,0.0,0.0
0.6994141755057419,0.05081397222559261,0.0,0.0,0.0,0.0,0.0,0.0
0.6994141755057419,0.041950297593866856,0.0,0.0,0.0,0.0,0.0,0.0
0.6994141755057419,0.052272729456329,0.0,0.0,0.0,0.0,0.0,0.0
0.6994141755057419,0.04411785952909108,0.0,0.0,0.0,0.0,0.0,0.0
7.93783118618404,6.072523956734669,3.4420722519517573,0.7817678740286333,0.0582807195135441,0.0,0.0,0.020072002808774414
20.036243377369498,14.066747694208928,8.520903282113817,2.061677165835673,0.15045739705000352,0.0,0.0,0.04543829132308019
0.0,0.043837444916750276,0.015153706992033264,0.003276010331094566,0.0010858051542024776,0.0,0.0,0.008928590944378811
0.0,0.050647023572723,0.015649945001594494,0.004212025706037441,0.0022902683144092723,0.0,0.0,0.0076077964977230295
125.23014617710199,9.818765607920932,0.9901430609468631,0.15344908815931896,0.08643819871737936,0.07803231500198522,8.815249517661154,11.555650002027145
15.2529183551343,7.930187547277465,2.9103929545242715,0.4364221068749526,0.0008606020831096335,0.0,0.0,0.08249400638578663
7.25417907138986,4.972977603912815,2.1689388675154597,0.27578392608039537,0.002388930255416872,0.0,0.0,0.026118292429600842
15.5271666461321,7.694028616475042,3.3880115682568195,0.7164127626653513,0.055617078465929906,0.0,0.0,0.08930758631413482
6.60396169604985,4.595736477063219,2.825701719663548,0.4566809803030303,0.003280211335317653,0.0,0.0,0.020708093209577783
20.2060994165204,7.006422845878399,2.1350458821375264,0.06542034903375016,0.031870000000005665,0.03140854963744474,3.6149537809826047,4.4479658286912445
12.2738302351145,0.7538260355456832,0.07158227685161865,0.010956772401319304,0.0003318983746267461,0.0,0.0,0.02854639679117099
13.9401924666313,10.215319548233856,5.953905968624153,1.3229484025525582,0.10258798543555987,0.0,0.0,0.035951083626969194
27.8911991117469,4.130498322861315,0.20958165942507642,0.1017559647372242,0.06078,0.059879999999999975,6.895536028536428,8.30025478590051
0.0,8.959495588352373e-06,0.0,0.0,0.0,0.0,0.0,0.0
2.2228077851113803,0.15237481482309728,0.008550786646717094,0.002189862102115394,0.00030255829966376995,0.0,0.0,0.0
3.25364068125597,2.6259093468240353,1.5973452229862122,0.2663179386901699,0.00010524054542305597,0.0,0.0,0.008060271329668467
0.6994141755057419,0.31639016170435613,0.0012604291603497493,0.00016963806268113565,0.0,0.0,0.0,0.0
1.43742950698512,0.8220710465424402,0.30747796899193575,0.0010806887724797538,0.0004004564814526593,0.0,0.0,0.004489772594752139
0.6994141755057419,0.29440125968704234,0.001272949628753311,0.0008916381034709034,0.0,0.0,0.0,0.0
0.6994141755057419,0.03401949983624882,0.0,0.0,0.0,0.0,0.0,0.0
0.0,0.042677840148292366,0.037323057786413594,0.019203569823652445,0.019638165951087198,0.01597606159382602,1.841381696328312,2.627400588394382
0.0,0.10769026193771739,0.10457490349045662,0.05600913056780204,0.05132133896632246,0.04326221054905408,4.99803603289166,6.6818547242986694
15.5362251610002,8.732549739933745,2.5297321788414964,0.4600488022565302,0.014649999999994338,0.014384185408001115,1.6437985174842646,2.1732582606737356
0.0,7.630608654865447e-06,0.0,0.0,0.0,0.0,0.0,0.0
0.0,1.1750157682399731e-05,0.0,0.0,0.0,0.0,0.0,0.0
0.0,4.54759083368117e-05,0.0,0.0,0.0,0.0,0.0,0.0
0.0,6.154145285108825e-05,0.0,0.0,0.0,0.0,0.0,0.0
0.0,2.6906463335662958e-05,0.0,0.0,0.0,0.0,0.0,0.0
15.733423109764201,3.268188573017129,1.5230006896845434,0.5350621163501649,0.025829999999999995,0.025389999999999982,2.9169824332315306,3.675193636588704
0.0,0.30966106140073324,0.05266250045713694,0.004068707236113184,0.001388242700875238,0.0,0.0,0.06575977153897838
1.7907964346212302,0.1540384574132898,0.002185007441245026,6.118179538950019e-05,0.0,0.0,0.0,0.02761365804599336
5.008221614794101,0.5324506252645667,0.020579521016872066,0.0002257373678985707,0.0,0.0,0.0,0.12751678846780123
0.0,0.0263757702470772,0.01937297192574643,0.01136526136215987,0.010697752387626188,0.010579999999999994,1.2591543409178765,1.8229614914061616
0.0,-0.0,0.0,0.0,0.0,0.0,0.0,0.0
0.0,-0.0,0.0,0.0,0.0,0.0,0.0,0.0
0.0,-0.0,0.0,0.0,0.0,0.0,0.0,0.0
0.0,-0.0,0.0,0.0,0.0,0.0,0.0,0.0
0.0,-0.0,0.0,0.0,0.0,0.0,0.0,0.0
0.0,-0.0,0.0,0.0,0.0,0.0,0.0,0.0
0.0,-0.0,0.0,0.0,0.0,0.0,0.0,0.0
0.0,-0.0,0.0,0.0,0.0,0.0,0.0,0.0
17.1484482291186,1.189237362175183,0.10142191340856549,0.006122834179734034,3.870981963509761e-05,0.0,0.0,0.04895638725702156
0.0,0.00024380179330096496,0.0,0.0,0.0,0.0,0.0,0.0
0.0,-0.0,0.0,0.0,0.0,0.0,0.0,0.0
0.0,-0.0,0.0,0.0,0.0,0.0,0.0,0.0
0.0,-0.0,0.0,0.0,0.0,0.0,0.0,0.0
0.0,-0.0,0.0,0.0,0.0,0.0,0.0,0.0
0.0,-0.0,0.0,0.0,0.0,0.0,0.0,0.0
11.351188472225601,7.999694243262167,3.288682023251037,0.4753720406353815,0.0011679387705534764,0.0,0.0,0.02779009164078161
0.0,40.28787026634746,10.831542796172048,2.605570262311667,0.9945254322578762,0.44061416519272384,37.239168121558045,105.91633476318798
0.0,0.09393789462902803,0.09111875016343353,0.07013534149434762,0.07281165151517367,0.06617611243655128,8.07168205171536,12.838109122807902
17.7247846950361,1.1034021269117593,0.11133010955534953,0.025060690841396793,0.01232,0.01201992310521275,1.3690526770796732,1.8167666331492036
0.0,0.00043402464994939344,0.0,0.0,0.0,0.0,0.0,0.0
0.6994141755057419,0.2555575870686903,0.000355772986721897,3.7553586192405825e-05,0.0,0.0,0.0,0.0
0.0,0.0010211226018477157,0.0,0.0,0.0,0.0,0.0,0.0
10.8343939854525,2.058255593681845,0.986712786224309,0.31394095584030435,0.0201603178943279,0.02021999999999999,2.387365983430103,3.2856353063926416
0.0,0.006352440588826465,0.00012400257141184306,0.0,0.0,0.0,0.0,0.0
15.1962882798826,2.482461052402675,1.4899539645054927,0.4898029906472841,0.30159999999696674,0.030129999999999983,3.519085019649849,4.610925958000072
14.7510096802766,9.122663873290485,4.141991657336921,0.06626642111268731,0.00024781092294218215,0.0,0.0,0.042427721103194926
4.291060699865829,3.254405137345912,1.4799410823108212,0.28898409091795163,0.000649840642671404,0.0,0.0,0.007748812430691032
0.0,0.001127974971553316,0.0,0.0,0.0,0.0,0.0,0.0
0.6994141755057419,0.05285738199226739,0.0,0.0,0.0,0.0,0.0,0.0
0.0,0.006608454320258824,0.0,0.0,0.0,0.0,0.0,0.0
19.0640256164891,1.1920862637382248,0.10380196046839485,0.01800169510876904,0.0002391957239146877,0.0,0.0,0.0989136934877024
16.4698778287114,2.6055314167830783,0.12739701363859823,0.046151097208900406,0.029609999999997423,0.02913999999999999,3.3542375154073527,4.245655895800523
12.7126114216183,2.070296700176292,1.2869077479436422,0.3897375352295396,0.02118999999999999,0.020739999999999988,2.372167277365475,3.021354396079942
0.0,7.995702799235005e-05,0.0,0.0,0.0,0.0,0.0,0.0
0.0,0.00010310064361264342,0.0,0.0,0.0,0.0,0.0,0.0
0.0,-0.0,0.0,0.0,0.0,0.0,0.0,0.0
0.0,-0.0,0.0,0.0,0.0,0.0,0.0,0.0
0.0,6.301022308057708e-05,0.0,0.0,0.0,0.0,0.0,0.0
0.0,0.00015222050115905106,0.0,0.0,0.0,0.0,0.0,0.0
0.6994141755057419,0.06367909644463439,0.0,0.0,0.0,0.0,0.0,0.0
0.0,1.6499180400395213e-05,-0.0,0.0,0.0,0.0,0.0,0.0
8.38859411205447,2.9172778201360714,1.0733385392222188,0.22496302536129065,0.0,0.0,0.0,0.16013795484832372
2.23212102676102,0.2736633393568675,0.005813354488292102,0.0014654489929655844,0.0,0.0,0.0,0.04653780079297576
0.0,-0.0,0.0,0.0,0.0,0.0,0.0,0.0
0.0,-0.0,0.0,0.0,0.0,0.0,0.0,0.0
0.0,-0.0,0.0,0.0,0.0,0.0,0.0,0.0
0.0,-0.0,0.0,0.0,0.0,0.0,0.0,0.0
4.6285872634632295,0.5163462403462907,0.02358599553462549,0.0003080009931522021,0.0,0.0,0.0,0.11429720178875868
1.1371567811110401,0.13746966902996755,0.0009746431998997052,0.0005262521952859589,0.0,0.0,0.0,0.011357110347489652
0.6994141755057419,0.04445043855918106,0.0,0.0,0.0,0.0,0.0,0.0
0.0,0.0035886431095574624,0.00022866570022839205,0.0,0.0,0.0,0.0,0.0
9.87547345595971,2.223520507517047,0.9651669918027492,0.27852577057077055,0.013019999999999997,0.012700000000002465,1.4485536011118167,1.8932504631886486
7.24640209705201,2.9776318551257455,1.028794986336266,0.10168959030310723,0.0,0.0,0.0,0.08594446573988535
0.0,0.14099709813444805,0.021853012542828485,0.001380741421166991,0.0,0.0,0.0,0.04678920960486721
0.0,0.0007895005572667726,0.0,0.0,0.0,0.0,0.0,0.0
0.0,0.0011556081296629722,0.0,0.0,0.0,0.0,0.0,0.0
5.67955128038182,0.8085619938986388,0.3982712578745416,0.0003660470483607687,0.0,0.0,0.0,0.14400552095321473
13.5788395348188,0.9486666580872254,0.0760308252713714,0.025050870639749742,0.0,0.0,0.0,0.049493717635414214
5.94380578997063,0.375836900767645,0.02463908784131233,0.004761187926438891,0.0,0.0,0.0,0.02090088645763899
2.62831300139304,0.18098523249241483,0.01375483915219197,0.07405364010834739,0.0,0.0,0.0,0.0
0.0,-0.0,0.0,0.0,0.0,0.0,0.0,0.0
0.0,-0.0,0.0,0.0,0.0,0.0,0.0,0.0
0.0,9.022442100103945e-06,0.0,0.0,0.0,0.0,0.0,0.0
0.0,2.234628209407674e-05,0.0,0.0,0.0,0.0,0.0,0.0
0.0,0.0594623013268178,0.06094506371527491,0.02933039249758997,0.018805831008553507,0.01691394611414829,1.7969547093693048,2.5125794952994713
0.0,3.8271943689301494e-05,0.0,0.0,0.0,0.0,0.0,0.0
0.0,8.73778129470697e-05,0.0,0.0,0.0,0.0,0.0,0.0
0.0,3.2557729874579076e-05,0.0,0.0,0.0,0.0,0.0,0.0
0.0,3.2019180252973456e-05,0.0,0.0,0.0,0.0,0.0,0.0
0.6994141755057419,0.3592050649941261,0.0019449400839610202,0.0007876790708560073,0.0,0.0,0.0,0.0
0.0,0.0002382594372414616,0.0,0.0,0.0,0.0,0.0,0.0
7.242956602263501,1.212641036711858,0.05596416735440717,0.014090653396769324,0.0,0.0,0.0,0.17512034240644425
6.51561023864931,1.4906255346458732,0.5141018347413747,0.014187913166135387,0.0,0.0,0.0,0.16874421397369588
0.0,0.0004932421765197573,0.0006135821977193681,0.00028300362940336665,0.0,0.0,0.0,0.028400613140547648
0.0,0.0010381334665612336,0.0,0.0,0.0,0.0,0.0,0.004283940026652999
0.0,0.003454749325768125,0.0,0.0,0.0,0.0,0.0,0.0
0.0,0.00032942407666307306,0.0,0.0,0.0,0.0,0.0,0.0
0.6994141755057419,0.03611654332549648,0.0,0.0,0.0,0.0,0.0,0.0
0.6994141755057419,0.41296086300293966,0.0034983767585188195,0.026851313770049443,0.0,0.0,0.0,0.0
0.6994141755057419,0.18795384120931705,0.0006805972031683489,0.0006949803322531614,0.0,0.0,0.0,0.0
0.0,0.00038820096639079465,0.0,0.0,0.0,0.0,0.0,0.0
10.7736615115881,0.24413416824233636,0.06820049810229385,0.02634488848494219,0.017149999999999995,0.01730999999999999,2.0413031376441144,2.7714633349300337
0.0,0.002671616408719349,7.703176960097771e-05,0.00015258192558624564,0.0,0.0,0.0,0.0
0.0,-0.0,0.0,0.0,0.0,0.0,0.0,0.0
0.0,-0.0,0.0,0.0,0.0,0.0,0.0,0.0
0.0,-0.0,0.0,0.0,0.0,0.0,0.0,0.0
0.0,0.00021647568146359995,0.0,0.0,0.0,0.0,0.0,0.0
0.0,8.618181470693932e-05,0.0,0.0,0.0,0.0,0.0,0.0
18.4179426387366,1.3906523227813103,0.1099769749823331,0.015119347679572652,0.0,0.0,0.0,0.053141029461585276
5.07500451804971,2.093739665532881,0.05977050850709176,0.013734624465359538,0.0,0.0,0.0,0.05892167726688058
0.0,0.055291035729872304,0.01905741732544763,0.0008235053107606383,0.0,0.0,0.0,0.02985619088212843
0.0,0.0026169188347474385,0.0016133739212337733,0.0004810424447681979,0.0,0.0,0.0,0.04889785820978432
0.0,5.6722489634254e-05,0.0,0.0,0.0,0.0,0.0,0.0
0.0,0.11032461012982994,0.013295862271742433,0.0005804310171751275,0.0,0.0,0.0,0.021805834953738668
0.0,-0.0,0.0,0.0,0.0,0.0,0.0,0.0
0.0,-0.0,0.0,0.0,0.0,0.0,0.0,0.0
0.0,-0.0,0.0,0.0,0.0,0.0,0.0,0.0
0.0,8.204128278787703e-06,0.0,0.0,0.0,0.0,0.0,0.0
0.0,0.008619949629193047,0.0002515582518213922,0.0,0.0,0.0,0.0,0.0013617105323646683
1.6672223627849199,0.4329513060484865,0.004862538019128149,9.724749139657562e-05,0.0,0.0,0.0,0.10622097883199969
7.9030457334084705,3.116038452356151,1.3034951766356957,0.12151904478821451,0.0,0.0,0.0,0.12138122749274771
0.0,-0.0,0.0,0.0,0.0,0.0,0.0,0.0
0.0,-0.0,0.0,0.0,0.0,0.0,0.0,0.0
0.0,-0.0,0.0,0.0,0.0,0.0,0.0,0.0
0.0,0.002297819276412029,0.00018971898507658125,0.0,0.0,0.0,0.0,0.0
0.0,0.1284195279206207,0.010995466707641779,0.0004184925295842788,0.0,0.0,0.0,0.011511978147609625
0.0,0.00029441563900941387,0.0,0.0,0.0,0.0,0.0,0.0
5.17848578327669,1.6888140391296793,0.5293960642897579,0.011059394368458927,0.0,0.010430000000000576,1.2907208842833793,1.8489690345517356
0.0,0.0010776701034934536,0.0,0.0,0.0,0.0,0.0,0.0
2.14208918750699,0.30316385326972894,0.008966270642298615,0.0021567278180947003,0.0,0.0,0.0,0.028897994304315944
0.0,1.51283286184134e-05,0.0,0.0,0.0,0.0,0.0,0.0
0.0,0.01041582404772951,0.00016342464709610222,0.0,0.0,0.0,0.0,0.0
5.41435296186716,1.3854453949974208,0.45495902588959425,0.0004627873335910906,0.0,0.0,0.0,0.08371684517169342
6.6053742357818495,2.2289537775656645,0.056708656743286,0.0005956804840110419,0.0,0.0,0.0,0.10804523743081518
0.0,-0.0,0.0,0.0,0.0,0.0,0.0,0.0
0.0,-0.0,0.0,0.0,0.0,0.0,0.0,0.0
0.0,-0.0,0.0,0.0,0.0,0.0,0.0,0.0
0.0,-0.0,0.0,0.0,0.0,0.0,0.0,0.0
0.0,-0.0,0.0,0.0,0.0,0.0,0.0,0.0
0.0,-0.0,0.0,0.0,0.0,0.0,0.0,0.0
0.0,-0.0,0.0,0.0,0.0,0.0,0.0,0.0
0.0,-0.0,0.0,0.0,0.0,0.0,0.0,0.0
0.0,0.0006304723426129731,0.0,0.0,0.0,0.0,0.0,0.0
0.0,0.000811306770174692,0.0,0.0,0.0,0.0,0.0,0.0
0.6994141755057419,0.40191809670052286,0.0014180412211461486,0.0004962106005489631,0.0,0.0,0.0,0.0
0.6994141755057419,0.2226724313884368,0.0005642981564028971,0.00015480183720971186,0.0,0.0,0.0,0.0
0.0,0.0010596956076447041,5.632398971204568e-05,1.9046841729340258e-05,0.0,0.0,0.0,0.0
0.0,0.00021865785369120633,0.0,0.0,0.0,0.0,0.0,0.001675804653132218
0.0,5.779259332279173e-05,0.0,0.0,0.0,0.0,0.0,0.0
0.0,1.8870194455390538e-05,0.0,0.0,0.0,0.0,0.0,0.0
0.6994141755057419,0.11334271838914599,9.765195523598184e-05,0.0,0.0,0.0,0.0,0.0
0.0,0.06897562164597912,0.00394363821395959,6.38004312510701e-05,0.0,0.0,0.0,0.0
0.0,0.00023401327957427225,0.0,0.0,0.0,0.0,0.0,0.0
7.9000666611252806,0.22081784955440253,0.05097745457841011,0.015232748999532484,0.010379999999999999,0.010539999999999996,1.250970422267741,1.7534033382607572
4.56476416622651,2.1891352004201807,0.05892290398425093,0.009401396483182162,0.0,0.0,0.0,0.06985619343868166
2.68532025645743,1.1264230817673255,0.22995532229276833,0.0018574795196045358,0.0,0.0,0.0,0.062153102222509915
0.0,0.00014445700381083624,0.0,0.0,0.0,0.0,0.0,0.0
1.49270300083079,0.05863334423849566,0.00244433795013436,0.0004930930419675406,0.0,0.0,0.0,0.021766908728750423
0.0,0.06006377637633091,0.041088499165282955,0.0010008456603949115,0.0,0.0,0.0,0.052055669985747954
0.0,1.4114178063782002e-05,0.0,0.0,0.0,0.0,0.0,0.0
0.0,1.4981451639528005e-05,0.0,0.0,0.0,0.0,0.0,0.0
0.0,-0.0,0.0,0.0,0.0,0.0,0.0,0.0
0.0,-0.0,0.0,0.0,0.0,0.0,0.0,0.0
0.0,-0.0,0.0,0.0,0.0,0.0,0.0,0.0
0.0,0.02237303234889959,0.004869891948294765,0.002562280419180135,0.0,0.0,0.0,0.00286927252454916
0.0,0.0015116039422346725,8.60659042137015e-05,0.0038402470244188964,0.0,0.0,0.0,0.08951929259819735
0.0,2.3528292864319424e-05,0.0,0.0,0.0,0.0,0.0,0.0
0.0,-0.0,0.0,0.0,0.0,0.0,0.0,0.0
0.0,-0.0,0.0,0.0,0.0,0.0,0.0,0.0
0.0,0.01685830155132332,0.005217806419312542,0.004415192540447327,0.0,0.0,0.0,0.012182354490505531
8.18715694708244,4.300958944649524,1.8316605411588962,0.18560890640654726,0.0,0.0,0.0,0.1130332411494237
0.0,-0.0,0.0,0.0,0.0,0.0,0.0,0.0
0.0,-0.0,0.0,0.0,0.0,0.0,0.0,0.0
0.0,-0.0,0.0,0.0,0.0,0.0,0.0,0.0
0.0,-0.0,0.0,0.0,0.0,0.0,0.0,0.0
0.0,-0.0,0.0,0.0,0.0,0.0,0.0,0.0
0.0,-0.0,0.0,0.0,0.0,0.0,0.0,0.0
0.0,-0.0,0.0,0.0,0.0,0.0,0.0,0.0
0.0,-0.0,0.0,0.0,0.0,0.0,0.0,0.0
0.0,-0.0,0.0,0.0,0.0,0.0,0.0,0.0
0.0,-0.0,0.0,0.0,0.0,0.0,0.0,0.0
0.0,0.00015794870325651765,0.0,0.0,0.0,0.0,0.0,0.0
0.0,0.00021744140391246808,0.0,0.0,0.0,0.0,0.0,0.0
0.0,1.5652889250120485e-05,0.0,0.0,0.0,0.0,0.0,0.0
2.7270013542392,0.0921643502547313,0.00896121607669053,0.00018951113311394438,0.0,0.0,0.0,0.07443493809114443
0.0,5.426055173644174e-05,0.0,0.0,0.0,0.0,0.0,0.0
0.0,0.021504798226489208,0.011608962187755895,0.0006205630545724639,0.0,0.0,0.0,0.009922204015310854
13.256646385789601,0.7053549864263351,0.08369472209759624,0.017953421373025517,0.011929999999999998,0.012019999999996995,1.415817926510507,1.9260481953997277
0.0,0.001324019073802073,0.0,0.0,0.0,0.0,0.0,0.0
0.6994141755057419,0.19456781102438556,5.532521535824441e-05,0.0,0.0,0.0,0.0,0.0
0.6994141755057419,0.4466899076359592,0.001220417403774432,0.0,0.0,0.0,0.0,0.0
2.7785130811489,1.620034558959086,0.32042477908624234,0.001411284509692696,0.0,0.0,0.0,0.03670182955920609
0.0,0.00011284348307756523,0.0,0.0,0.0,0.0,0.0,0.0
0.0,1.2470554751101495e-05,0.0,0.0,0.0,0.0,0.0,0.0
0.0,-0.0,0.0,0.0,0.0,0.0,0.0,0.07683293732316088
0.0,0.00026933711791497116,0.0,0.0,0.0,0.0,0.0,0.0
0.0,0.0688392005596113,0.014776164478176526,0.0003926594191381263,0.0,0.0,0.0,0.044774655020773935
0.0,0.07772000124946221,0.038668356972023456,0.0007964196192904924,0.0,0.0,0.0,0.058722508745631785
0.0,0.0002583981720564982,0.0,0.0,0.0,0.0,0.0,0.0
0.0,0.03711216543398723,0.02388294400666391,0.0009561900309800044,0.0,0.0,0.0,0.04051655980947544
0.0,0.0004869881023953521,0.0,0.0,0.0,0.0,0.0,0.0
0.0,0.0030584079469352828,7.860188647145572e-05,0.0,0.0,0.0,0.0,0.0
0.0,0.00590789832402257,0.0002578895688263391,0.0,0.0,0.0,0.0,0.0
0.0,0.001007237774690976,0.00010143430214804957,0.00043892937830868414,0.0,0.0,1.1784842856502424,1.675190173098384
0.0,0.011072296332038796,0.001354156307981944,0.000357058815284701,0.0,0.0,0.0,0.0
0.0,0.026999905672241267,0.024116587466054683,0.025883406139892352,0.03454696648577742,0.03542362686550296,4.637943612276119,7.3621396305133535
0.0,-0.0,0.0,0.0,0.0,0.0,0.0,0.0
0.0,-0.0,0.0,0.0,0.0,0.0,0.0,0.0
0.899256737075142,0.46670942599797344,0.0022797191906853797,5.505871117125078e-05,0.0,0.0,0.0,0.0016934257992033963
0.0,0.017960487037337936,0.0034333719185494545,0.0012382975921920725,0.0,0.0,0.0,0.0
0.0,0.0013791581219587106,0.0005384310666649341,0.0,0.0,0.0,0.0,0.0
0.0,-0.0,0.0,0.0,0.0,0.0,0.0,0.0
0.0,-0.0,0.0,0.0,0.0,0.0,0.0,0.0
0.0,-0.0,0.0,0.0,0.0,0.0,0.0,0.0
0.0,-0.0,0.0,0.0,0.0,0.0,0.0,0.0
2.71378874783606,1.7126112874832038,1.2471140232607536,0.18845281218444013,0.0,0.0,0.0,0.008005316316484823
0.0,-0.0,0.0,0.0,0.0,0.0,0.0,0.0
0.0,0.006965502544563213,0.00751264082752451,0.000772137306533165,0.007106355322857563,0.0,0.0,0.0
0.0,4.425193488482429e-05,0.0,0.0,0.0,0.0,0.0,0.0
0.0,9.833063893563217e-05,0.0,0.0,0.0,0.0,0.0,0.0
0.0,-0.0,0.0,0.0,0.0,0.0,0.0,0.0
0.0,-0.0,0.0,0.0,0.0,0.0,0.0,0.0
0.0,-0.0,0.0,0.0,0.0,0.0,0.0,0.0
0.0,-0.0,0.0,0.0,0.0,0.0,0.0,0.0
0.0,-0.0,0.0,0.0,0.0,0.0,0.0,0.0
0.0,1.747835904097883e-05,0.0,0.0,0.0,0.0,0.0,0.0
0.0,0.00012134835945182573,0.0,0.0,0.0,0.0,0.0,0.0
0.0,0.00016157309159960998,0.0,0.0,0.0,0.0,0.0,0.0
0.0,0.00026230228225459384,0.0,0.0,0.0,0.0,0.0,0.0
0.0,-0.0,0.0,0.0,0.0,0.0,0.0,0.0
0.0,0.13242750150243923,0.020907647890673127,0.005370207288942215,0.0,0.0,0.0,0.034575679060253606
0.0,0.005780256307878971,0.0030797258567527457,0.0005310271851060223,0.0,0.0,0.0,0.007739549403595447
0.0,0.026091303126095408,0.009563740807663264,0.00029984422976610085,0.0,0.0,0.0,0.022365030423316057
0.0,0.08973924148611617,0.010958513565759692,0.0007059054833782472,0.0,0.0,0.0,0.012004777485344675
0.0,0.03528715414930121,0.008474707431553468,0.0008046832823678895,0.0,0.0,0.0,0.01272396271906473
0.0,-0.0,0.0,0.0,0.0,0.0,1.363207020900906,2.370428744288585
0.0,0.03524430918890485,0.030751672318556304,0.021032565231605564,0.018589999999999995,0.020599999999988888,2.6574352988915666,4.140890828387908
0.0,2.7368076687895918e-05,0.0,0.0,0.0,0.0,0.0,0.0
0.6994141755057419,0.2785951583365473,8.498329838615867e-05,0.0,0.0,0.0,0.0,0.0
0.0,0.0012282360308002098,0.0001121199106905754,0.0,0.0,0.0,0.0,0.0
0.0,0.00013225222644810223,0.0,0.0,0.0,0.0,0.0,0.0
15.7926653038033,1.1504125194649824,0.10264190897716902,0.013294514541254611,0.0,0.0,0.0,0.15707161473073938
0.0,-0.0,0.0,0.0,0.0,0.0,0.0,0.0
0.0,-0.0,0.0,0.0,0.0,0.0,0.0,0.0
0.0,-0.0,0.0,0.0,0.0,0.0,0.0,0.0
0.0,0.05888010756415364,0.006188777370812923,0.0003288743192004784,0.0,0.0,0.0,0.0
0.0,0.025441916376905755,0.0035347391202891682,0.0,0.0,0.0,0.0,0.0
0.0,0.00024924303729117477,0.0,0.0,0.0,0.0,0.0,0.0
0.0,0.001220935288639122,0.0,0.0,0.0,0.0,0.0,0.0
0.0,-0.0,0.0,0.0,0.0,0.0,0.0,0.0
0.0,8.75666501087835e-06,0.0,0.0,0.0,0.0,0.0,0.0
0.0,0.0001028768310764787,0.0,0.0,0.0,0.0,0.0,0.0
0.0,-0.0,0.0,0.0,0.0,0.0,0.0,0.0
0.0,0.00016574256631951553,0.0,0.0,0.0,0.0,0.0,0.0
0.0,-0.0,0.0,0.0,0.0,0.0,0.0,0.0
0.0,-0.0,0.0,0.0,0.0,0.0,0.0,0.0
0.0,-0.0,0.0,0.0,0.0,0.0,0.0,0.0
0.0,-0.0,0.0,0.0,0.0,0.0,0.0,0.0
0.0,-0.0,0.0,0.0,0.0,0.0,0.0,0.0
0.0,-0.0,0.0,0.0,0.0,0.0,0.0,0.0
2.60152344068133,1.7213845153382163,1.2549314759648071,0.19168106325758869,0.0,0.0,0.0,0.004346757447819982
0.6994141755057419,0.2059707828977516,0.0012258475530565855,0.000300209162695943,0.0,0.0,0.0,0.0
8.31165536412091,7.096225672192934,0.43831957699031765,0.0023164018735616436,0.010827880605142299,0.0,0.0,0.034837280358260614
0.0,0.011607387403745699,0.008873966063692793,0.015625227306005737,0.010908329910684083,0.0,0.0,0.007468395134310413
0.0,2.5528617406291874e-05,0.0,0.0,0.0,0.0,0.0,0.0
0.0,0.020579101134875905,0.002765167131927969,0.00043363228852166813,0.0,0.0,0.0,0.0
0.0,-0.0,0.0,0.0,0.0,0.0,0.0,0.0
0.0,-0.0,0.0,0.0,0.0,0.0,0.0,0.0
0.0,0.00048366588478978526,0.0,0.0024015682819887862,0.0,0.0,0.0,0.04496544437824923
0.0,0.0003425730631641281,0.0,0.000315816780018241,0.0,0.0,0.0,0.09485670872345509
0.0,0.0017193738076686394,0.0010710052558376413,0.00013383840578613874,0.0,0.0,0.0,0.0
12.7788089804387,11.405808952638019,10.23999857300217,2.979603908954953,0.026855127651763566,0.0,0.0,0.036994244479501504
0.0,-0.0,0.0,0.0,0.0,0.0,0.0,0.0
0.6994141755057419,0.2350471706369224,0.0006579657615519627,0.0,0.0,0.0,0.0,0.0
0.0,-0.0,0.0,0.0,0.0,0.0,0.0,0.0
0.0,-0.0,0.0,0.0,0.0,0.0,0.0,0.0
0.0,-0.0,0.0,0.0,0.0,0.0,0.0,0.0
0.0,0.01288452234101776,0.003221532713339306,1.6202168546610447e-05,0.0,0.0,0.0,0.0
0.0,9.15742980001588e-05,0.0,0.0,0.0,0.0,0.0,0.0
2.7739955913205105,2.3274491672100277,1.7672266221497004,0.3278454520455252,0.0,0.0,0.0,0.020601287224963016
0.0,6.0261525362359123e-05,0.0,0.0,0.0,0.0,0.0,0.0
0.0,0.008971057072134803,0.0036305192256838037,0.0022591039843671296,0.0,0.0,0.0,0.0
0.0,0.0002535869895529773,0.0,0.0,0.0,0.0,0.0,0.0
0.0,0.00019975336427135136,0.0,0.0,0.0,0.0,0.0,0.0
0.0,-0.0,0.0,0.0,0.010190000000000036,0.013130000000010208,1.940757851368303,3.332952003616043
0.0,-0.0,0.0,0.0,0.020209999999999995,0.026032110220173526,3.7517421355671035,6.648164963368848
0.0,-0.0,0.0,0.01207707100099989,0.1464982719620108,0.13880258758263436,17.741566502720183,31.790741051122218
0.0,2.288483182284576e-05,0.0,0.0,0.0,0.0,0.0,0.0
0.0,-0.0,0.0,0.0,0.0,0.0,0.0,0.0
0.0,7.509610002502899e-05,0.0,0.0,0.0,0.0,0.0,0.0
0.0,0.00011505363187219213,0.0,0.0,0.0,0.0,0.0,0.0
0.0,0.0005836504814379223,0.0,0.0,0.0,0.0,0.0,0.0
0.6994141755057419,0.18055176490541938,0.0,0.0,0.0,0.0,0.0,0.0
0.0,-0.0,0.0,0.0,0.0,0.0,0.0,0.0
0.0,-0.0,0.0,0.0,0.0,0.0,0.0,0.0
0.0,2.2241370781372103e-05,0.0,0.0,0.0,0.0,0.0,0.0
0.0,-0.0,0.0,0.0,0.0,0.0,0.0,0.0
0.0,-0.0,0.0,0.0,0.0,0.0,0.0,0.0
0.0,4.495134906033914e-05,0.0,0.0,0.0,0.0,0.0,0.0
0.0,0.0021352614408162397,4.835285527369345e-05,0.0,0.0,0.0,0.0,0.0
0.0,0.014063173533582335,0.009019932730636672,0.001803111525473336,0.004900860690973343,0.0,0.0,0.007713704588240944
0.0,9.693880472647013e-06,0.0,0.0,0.0,0.0,0.0,0.0
0.0,0.0006856752749741719,0.00027398526666934316,0.0,0.0,0.0,0.0,0.0
0.0,-0.0,0.0,0.0,0.0,0.0,0.0,0.0
0.0,0.0003272859994967066,5.8193162617834234e-05,0.0,0.0,0.0,0.0,0.0
0.0,0.0028773451240628016,0.000673672464178928,0.0,0.0,0.0,0.0,0.0
0.0,7.073175556981636e-05,0.0,0.0,0.0,0.0,0.0,0.0
0.0,0.00010603118900805064,0.0,0.0,0.0,0.0,0.0,0.0
0.0,0.0004410016200809161,0.0,0.0,0.0,0.0,0.0,0.0
0.0,0.0017984526284666562,0.0,0.0,0.0,0.0,0.0,0.0
0.0,-0.0,0.0,0.0,0.0,0.0,0.0,0.0
0.0,-0.0,0.0,0.0,0.0,0.0,0.0,0.0
0.0,-0.0,0.0,0.0,0.0,0.0,0.0,0.0
0.0,-0.0,0.0,0.0,0.0,0.0,0.0,0.0
0.0,-0.0,0.0,0.0,0.0,0.0,0.0,0.0
0.0,-0.0,0.0,0.0,0.0,0.0,0.0,0.0
5.937272682411661,0.41728384672723146,0.04210812553545406,0.0026253938476370284,0.0048109464668529296,0.0,0.0,0.032324652484930994
13.8412318255419,13.555483005227831,12.78948481790505,4.182665978521416,0.42177191417278465,0.0,0.0,0.038277405761618866
0.0,5.008504910861811e-05,0.0,0.0,0.0,0.0,0.0,0.0
0.0,2.191964026063527e-05,0.0,0.0,0.0,0.0,0.0,0.0
2.44652865899666,2.4736095646771536,2.134571524238756,0.47805157116430497,0.0,0.0,0.0,0.020263955451810034
0.0,0.0030067815593960916,0.0009904564255296905,0.0005649031923142811,0.0,0.0,0.0,0.023307391119487875
0.0,-0.0,0.0,0.0,0.0,0.0,0.0,0.0
0.0,-0.0,0.0,0.0,0.0,0.0,0.0,0.0
0.0,-0.0,0.0,0.0,0.0,0.0,0.0,0.0
0.0,-0.0,0.0,0.0,0.0,0.0,0.0,0.0
0.0,0.0001235137001759656,6.396858863006054e-05,0.0,0.0,0.0,0.0,0.0
0.0,0.0005110133555818392,0.0005263560216295839,0.0,0.0,0.0,0.0,0.0
0.0,3.119387222796212e-05,0.0,0.0,0.0,0.0,0.0,0.0
0.0,0.00016877563469348746,0.0,0.0,0.0,0.0,0.0,0.0
0.0,0.003697802745891141,0.0,0.0,0.0,0.0,0.0,0.0
0.0,-0.0,0.0,0.0,0.0,0.0,0.0,0.0
0.0,1.6862875771662935e-05,0.0,0.0,0.0,0.0,0.0,0.0
0.0,0.0024446055461688873,0.0009885236636782474,0.0004953486864776036,0.0,0.0,0.0,0.0
0.0,-0.0,0.0,0.0,0.0,0.0,0.0,0.0
0.0,-0.0,0.0,0.0,0.0,0.0,0.0,0.0
0.0,8.77065376082392e-05,0.0,0.0,0.0,0.0,0.0,0.0
0.0,1.7296512560482137e-05,0.0,0.0,0.0,0.0,0.0,0.0
0.0,-0.0,0.0,0.0,0.0,0.0,0.0,0.0
0.0,-0.0,0.0,0.0,0.0,0.0,0.0,0.0038530391720996704
0.0,0.0008591557797490934,2.93260244776879e-05,0.0,0.0,0.0,0.0,0.0065952622062468436
0.0,0.0005053583841031328,0.00038335264690836845,0.0,0.0,0.0,0.0,0.0
0.0,0.011372261603853216,0.003931495286491016,0.0004722744846015394,0.0,0.0,0.0,0.002656827349710511
0.0,0.001444570038064516,0.0,0.0,0.0,0.0,0.0,0.0
0.8300207376990981,0.06915176802984827,0.00711237645174112,0.0012987386634686889,0.0001231058237877718,0.0,0.0,0.0025026364764926257
0.0,0.002949059262346826,0.0007286279533910493,0.00020002754255203672,0.0,0.0,0.0,0.0
0.0,-0.0,0.0,0.0,0.0,0.0,0.0,0.0
0.0,-0.0,0.0,0.0,0.0,0.0,0.0,0.0
0.0,-0.0,0.0,0.0,0.0,0.0,0.0,0.0
0.0,0.0004970097174697712,0.0,0.0,0.0,0.0,0.0,0.0
0.0,-0.0,0.0,0.0,0.0,0.0,0.0,0.0
0.0,-0.0,0.0,0.0,0.0,0.0,0.0,0.0
0.0,-0.0,0.0,0.0,0.0,0.0,0.0,0.0
0.0,-0.0,0.0,0.0,0.0,0.0,0.0,0.0
0.6994141755057419,0.03854247708659386,0.0,0.0,0.0,0.0,0.0,0.006420107641133654
0.0,0.0016725790592754392,0.0,0.0,0.0,0.0,0.0,0.0
0.0,8.211121894419193e-06,0.0,0.0,0.0,0.0,0.0,0.0
0.0,-0.0,0.0,0.0,0.0,0.0,0.0,0.0
0.0,-0.0,0.0,0.0,0.0,0.0,0.0,0.0
0.0,0.00012898037246897586,0.0,0.0,0.0,0.0,0.0,0.0
0.0,0.00016246764667409707,0.0,0.0,0.0,0.0,0.0,0.0
0.0,1.381342917738948e-05,0.0,0.0,0.0,0.0,0.0,0.0
0.0,3.9789671973267104e-05,0.0,0.0,0.0,0.0,0.0,0.0
0.0,-0.0,0.0,0.0,0.0,0.0,0.0,0.0
0.0,-0.0,0.0,0.0,0.0,0.0,0.0,0.0
0.0,-0.0,0.0,0.0,0.0,0.0,0.0,0.0
0.0,-0.0,0.0,0.0,0.0,0.0,0.0,0.0
0.0,-0.0,0.0,0.0,0.0,0.0,0.0,0.14110188766137577
0.0,0.00017437500210486253,0.0,0.0,0.0,0.0,0.0,0.0
0.0,2.9151582835458775e-05,0.0,0.0,0.0,0.0,0.0,0.0
0.0,0.00036439776756949676,0.000220508774955511,0.0,0.0,0.0,0.0,0.0
0.0,6.579998238833694e-05,3.320670598078421e-05,0.0,0.0,0.0,0.0,0.0
0.0,-0.0,0.0,0.0,0.0,0.0,0.0,0.0
0.0,-0.0,0.0,0.0,0.0,0.0,0.0,0.0
0.0,-0.0,0.0,0.0,0.0,0.0,0.0,0.0
0.0,-0.0,0.0,0.0,0.0,0.0,0.0,0.0
0.0,7.972622187762263e-05,0.0,0.0,0.0,0.0,0.0,0.0
0.0,6.822085742896888e-05,0.0,0.0,0.0,0.0,0.0,0.0
0.0,-0.0,0.0,0.0,0.0,0.0,0.0,0.0
0.0,-0.0,0.0,0.0,0.0,0.0,0.0,0.0
0.0,2.3185579921424903e-05,0.0,0.0,0.0,0.0,0.0,0.0
0.0,0.006176996836000676,0.002700516139014897,0.00029437871844148293,0.0,0.0,0.0,0.0028466007315728348
0.0,-0.0,0.0,0.0,0.0,0.0,0.0,0.0
0.0,-0.0,0.0,0.0,0.0,0.0,0.0,0.0
0.0,0.0020303776602360185,0.0001664558881209996,0.0004205089834425948,0.0,0.0,0.0,0.0
0.0,0.004597785335617575,0.002049456206598521,0.0010083277436904584,0.0,0.0,0.0,0.0024978921419460676
0.0,0.0029059822805481837,0.0013527257903340577,0.0002131148066340541,0.0,0.0,0.0,0.0
0.0,8.316034546865768e-06,0.0,0.0,0.0,0.0,0.0,0.0
0.0,2.8095467434198235e-05,0.0,0.0,0.0,0.0,0.0,0.0
0.0,-0.0,0.0,0.0,0.0,0.0,0.0,0.0
0.0,-0.0,0.0,0.0,0.0,0.0,0.0,0.0
0.0,-0.0,0.0,0.0,0.0,0.0,0.0,0.0
0.0,-0.0,0.0,0.0,0.0,0.0,0.0,0.0
0.0,0.00014187134500045562,0.0,0.0,0.0,0.0,0.0,0.0
0.0,0.00033375133862816855,0.0,0.0,0.0,0.0,0.0,0.0
0.0,-0.0,0.0,0.0,0.0,0.0,0.0,0.0
0.0,-0.0,0.0,0.0,0.0,0.0,0.0,0.0
0.0,-0.0,0.0,0.0,0.0,0.0,0.0,0.0
0.0,-0.0,0.0,0.0,0.0,0.0,0.0,0.0
0.0,0.0038236972974819115,0.0,0.0,0.0,0.0,0.0,0.0
0.0,0.0005009973166318423,0.0,0.0,0.0,0.0,0.0,0.0
0.0,0.00042183346590302155,0.0002469477133528575,0.0,0.0,0.0,0.0,0.0
0.0,0.00015069901979086842,0.0005241884586446588,0.0,0.0,0.0,0.0,0.0
0.0,0.0005769649662546043,0.0,0.0,0.0,0.0,0.0,0.0
0.0,1.5778783801729613e-05,0.0,0.0,0.0,0.0,0.0,0.0
0.0,1.2848238405930613e-05,0.0,0.0,0.0,0.0,0.0,0.0
0.0,-0.0,0.0,0.0,0.0,0.0,0.0,0.0
0.0,-0.0,0.0,0.0,0.0,0.0,0.0,0.0
0.0,-0.0,0.0,0.0,0.0,0.0,0.0,0.0
0.0,7.882397758058927e-06,0.0,0.0,0.0,0.0,0.0,0.0
0.0,0.0017930181802954422,0.0,0.0,0.0,0.0,0.0,0.0
0.0,0.0005757577492663474,0.0,0.0,0.0,0.0,0.0,0.14110188766137577
0.0,0.00037202323216904167,0.0021110072884994568,0.0,0.0,0.0,0.0,0.0
0.0,-0.0,0.0,0.0,0.0,0.0,0.0,0.0
0.0,7.1340245902465495e-06,0.0,0.0,0.0,0.0,0.0,0.0
0.0,-0.0,0.0,0.0,0.0,0.0,0.0,0.0
0.0,-0.0,0.0,0.0,0.0,0.0,0.0,0.0
0.0,5.316247148088343e-05,0.0,0.0,0.0,0.0,0.0,0.0
0.0,-0.0,0.0,0.0,0.0,0.0,0.0,0.0
0.0,-0.0,0.0,0.0,0.0,0.0,0.0,0.0
0.0,-0.0,0.0,0.34611909837467913,0.5156555889758797,0.3443683031745079,37.31866904558999,97.06302541363496
0.0,0.00034953460193532535,0.00019495747416475515,0.0,0.0,0.0,0.0,0.0
0.0,-0.0,0.0,0.0,0.0,0.0,0.0,0.0
0.0,7.952339175609408e-06,0.0,0.0,0.0,0.0,0.0,0.0
0.0,-0.0,0.0,1.751987590733019,0.9975252450769863,0.4578861013056432,38.246959246786695,231.5035578145154
0.0,-0.0,0.0,0.0,0.0,0.0,0.0,0.0
0.0,-0.0,0.0,0.0,0.0,0.0,0.0,0.0
0.0,-0.0,0.0,0.0,0.0,0.0,0.0,0.0
0.0,-0.0,0.0,0.0,0.0,0.0,0.0,0.0
0.0,-0.0,0.0,0.0,0.0,0.0,0.0,0.0
0.0,-0.0,0.0,0.0,0.0,0.0,0.0,0.0
0.0,-0.0,0.0,0.0,0.0,0.0,0.0,0.0
0.0,-0.0,0.0,0.0,0.0,0.0,0.0,0.0
0.0,-0.0,0.0,0.0,0.0,0.0,0.0,0.0
0.0,9.528119313038745e-05,0.0,0.0,0.0,0.0,0.0,0.0
0.0,-0.0,0.0,0.0,0.0,0.0,0.0,0.0
0.0,7.966327459113959e-06,0.0,0.0,0.0,0.0,0.0,0.0
0.0,-0.0,0.0,0.0,0.0,0.0,0.0,0.0
0.0,-0.0,0.0,0.0,0.0,0.0,0.0,0.0
0.0,-0.0,0.0,0.0,0.0,0.0,0.0,0.0
0.0,-0.0,0.0,0.0,0.0,0.0,0.0,0.0
0.0,-0.0,0.0,0.0,0.0,0.0,0.0,0.0
0.0,6.1366599767897e-05,0.0,0.0,0.0,0.0,0.0,0.0
0.0,0.000376390677788012,0.00011895027743459955,0.0,0.0,0.0,0.0,0.0
0.0,-0.0,0.0,0.0,0.0,0.0,0.0,0.0
0.0,0.00028693466435925075,0.0,0.0,0.0,0.0,0.0,0.0
0.0,-0.0,0.0,0.0,0.0,0.0,0.0,0.0
0.0,-0.0,0.0,0.0,0.0,0.0,0.0,0.0
0.0,3.7362705256003065e-05,0.0,0.0,0.0,0.0,0.0,0.0
0.0,-0.0,0.0,0.0,0.0,0.0,0.0,0.0
0.0,0.001069404274347859,0.0,0.0,0.0,0.0,0.0,0.0
0.0,-0.0,0.0,0.0,0.0,0.0,0.0,0.06200174766269325
0.0,-0.0,0.0,0.0,0.0,0.0,0.0,0.0
0.0,-0.0,0.0,0.0,0.0,0.0,0.0,0.0
0.0,-0.0,0.0,0.0,0.0,0.0,0.0,0.0
0.0,-0.0,0.0,0.0,0.0,0.0,0.0,0.0
0.0,-0.0,0.0,0.0,0.0,0.0,0.0,0.0
0.0,6.324802390028552e-05,0.0,0.0,0.0,0.0,0.0,0.0
0.0,-0.0,0.0,0.0,0.0,0.0,0.0,0.0
0.0,-0.0,0.0,0.12922751277128577,0.41897564736234194,0.30418199644485866,33.64175130911191,63.86916778448455
0.0,-0.0,0.0,0.0,0.0,0.0,0.0,0.0
0.0,-0.0,0.0,0.0,0.0,0.0,0.0,0.0
0.0,-0.0,0.0,0.0,0.0,0.0,0.0,0.0
0.0,-0.0,0.0,0.0,0.0,0.0,0.0,0.0
0.0,-0.0,0.0,0.0,0.0,0.0,0.0,0.0
0.0,-0.0,0.0,0.0,0.0,0.0,0.0,0.0
0.0,-0.0,0.0,0.0,0.0,0.0,0.0,0.0
0.0,-0.0,0.0,0.0,0.0,0.0,0.0,0.0
0.0,-0.0,0.0,0.0,0.0,0.0,0.0,0.0
0.0,-0.0,0.0,0.0,0.0,0.0,0.0,0.0
0.0,-0.0,0.0,0.0,0.0,0.0,0.0,0.0
0.0,-0.0,0.0,0.0,0.0,0.0,0.0,0.0
0.0,-0.0,0.0,0.0,0.0,0.0,0.0,0.0
0.0,-0.0,0.0,0.0,0.0,0.0,0.0,0.0
0.0,-0.0,0.0,0.0,0.0,0.0,0.0,0.0
0.0,-0.0,0.0,0.0,0.0,0.0,0.0,0.0
0.0,-0.0,0.0,0.0,0.0,0.0,0.0,0.0
0.0,-0.0,0.0,0.0,0.0,0.0,0.0,0.0
0.0,-0.0,0.0,0.0,0.0,0.0,0.0,0.0
0.0,-0.0,0.0,0.0,0.0,0.0,0.0,0.0
0.0,-0.0,0.0,0.0,0.0,0.0,0.0,0.0
0.0,-0.0,0.0,0.0,0.0,0.0,0.0,0.0
0.0,-0.0,0.0,0.0,0.0,0.0,0.0,0.0
0.0,-0.0,0.0,0.0,0.0,0.0,0.0,0.0
0.0,-0.0,0.0,0.0,0.0,0.0,0.0,0.0
0.0,-0.0,0.0,0.0,0.0,0.0,0.0,0.0
0.0,-0.0,0.0,0.0,0.0,0.0,0.0,0.0
0.0,-0.0,0.0,0.0,0.0,0.0,0.0,0.0
0.0,-0.0,0.0,0.0,0.0,0.0,0.0,0.0
0.0,-0.0,0.0,0.20791276839801714,0.47727433862205115,0.3326794480388336,36.43404312534554,82.49961058577452
0.0,-0.0,0.0,1.348775354381821,0.9172466368500505,0.44973757041808304,38.823901500903894,191.83444822058706
0.0,-0.0,0.0,0.0,0.0,0.0,0.0,0.0
0.0,-0.0,0.0,0.0,0.0,0.0,0.0,0.0
0.0,-0.0,0.0,0.0,0.0,0.0,0.0,0.0
0.0,-0.0,0.0,0.0,0.0,0.0,0.0,0.0
0.0,-0.0,0.0,0.0,0.0,0.0,0.0,0.0
0.0,-0.0,0.0,0.0,0.0,0.0,0.0,0.0
0.0,-0.0,0.0,0.0,0.0,0.0,0.0,0.0
0.0,-0.0,0.0,0.0,0.0,0.0,0.0,0.0
0.0,-0.0,0.0,0.0,0.0,0.0,0.0,0.0
0.0,-0.0,0.0,0.0,0.0,0.0,0.0,0.0
0.0,-0.0,0.0,0.0,0.0,0.0,0.0,0.0
0.0,-0.0,0.0,0.0,0.0,0.0,0.0,0.0
0.0,-0.0,0.0,0.0,0.0,0.0,0.0,0.0
0.0,0.00032672433724201255,0.0,0.0,0.0,0.0,0.0,0.0
0.0,-0.0,0.0,0.0,0.0,0.0,0.0,0.0
0.0,-0.0,0.0,0.0,0.0,0.0,0.0,0.0
0.6994141755057419,0.48361748532547666,0.0,0.0,0.0,0.0,0.0,0.0
0.0,-0.0,0.0,0.0,0.0,0.0,0.0,0.0
0.6994141755057419,0.3866554600499476,0.0,0.0,0.0,0.0,0.0,0.0
0.0,0.00020068990295385447,0.0,0.0,0.0,0.0,0.0,0.0
0.0,2.6654673092707526e-05,0.0,0.0,0.0,0.0,0.0,0.0
0.0,0.00031842928444802965,0.0,0.0,0.0,0.0,0.0,0.0
0.0,-0.0,0.0,0.0,0.0,0.0,0.0,0.0
0.0,-0.0,0.0,0.0,0.0006336546614885794,0.00043092246999215357,0.002112867105824154,0.1823946892512465
0.0,-0.0,0.0,0.0,0.0,0.0,0.0,0.0
0.0,-0.0,0.0,0.0,0.0,0.0,0.0,0.06200174766269325
0.0,-0.0,0.0,0.0,0.0,0.0,0.0,0.10103160158658317
0.0,-0.0,0.0,0.0,0.0,0.0,0.0,0.0
0.0,-0.0,0.0,0.0,0.0,0.0,0.0,0.0
0.0,-0.0,0.0,0.0,0.0,0.0,0.0,0.0
0.0,-0.0,0.0,0.0,0.0,0.0,0.0,0.0
0.0,1.0176476255105427e-05,0.0,0.0,0.0,0.0,0.0,0.0
0.0,-0.0,0.0,0.0,0.0,0.0,0.0,0.0
0.0,-0.0,0.0,0.0,0.0,0.0,0.0,0.0
0.0,-0.0,0.0,0.0,0.0,0.0,0.0,0.0
0.0,-0.0,0.0,0.0,0.0,0.0,0.0,0.0
0.0,-0.0,0.0,0.0,0.0,0.0,0.0,0.0
0.6994141755057419,0.46597651128380374,0.0,0.0,0.0,0.0,0.0,0.0
0.0,-0.0,0.0,0.0,0.0,0.0,0.0,0.0
0.0,-0.0,0.0,0.0,0.0,0.0,0.0,0.0
0.0,-0.0,0.0,0.0,0.0,0.0,0.0,0.0
0.0,-0.0,0.0,0.0,0.0,0.0,0.0,0.0
0.0,-0.0,0.0,0.0,0.0,0.0,0.0,0.0
0.0,-0.0,0.0,0.0,0.0,0.0,0.0,0.0
0.0,-0.0,0.0,0.0,0.0,0.0,0.0,0.0
0.0,-0.0,0.0,0.0,0.0,0.0,0.0,0.0
0.0,-0.0,0.0,0.0,0.0,0.0,0.0,0.0
0.0,0.0005531317000304625,0.0,0.0,0.0,0.0,0.0,0.0
0.0,0.00010530379756801267,0.0,0.0,0.0,0.0,0.0,0.0
0.0,-0.0,0.0,0.0,0.0,0.0,0.0,0.0
0.0,-0.0,0.0,0.0,0.0,0.0,0.0,0.0
0.0,-0.0,0.0,0.0,0.0,0.0,0.0,0.0
0.0,-0.0,0.0,0.0,0.0,0.0,0.0,0.0
0.0,-0.0,0.0,0.0,0.0,0.0,0.0,0.0
0.0,-0.0,0.0,0.0,0.0,0.0,0.0,0.0
0.0,-0.0,0.0,0.0,0.0,0.0,0.0,0.0
0.0,-0.0,0.0,0.0,0.0,0.0,0.0,0.0
0.0,1.883522327261744e-05,0.0,0.0,0.0,0.0,0.0,0.0
0.0,1.0826930520124733e-05,0.0,0.0,0.0,0.0,0.0,0.0
0.0,-0.0,0.0,0.0,0.0,0.0,0.0,0.0
0.0,-0.0,0.0,0.0,0.0,0.0,0.0,0.0
0.0,-0.0,0.0,0.0,0.0,0.0,0.0,0.0
0.0,-0.0,0.0,0.0,0.0,0.0,0.0,0.0
0.0,-0.0,0.0,0.0,0.0,0.0,0.0,0.0
0.0,-0.0,0.0,0.0,0.0,0.0,0.0,0.0
0.0,-0.0,0.0,0.0,0.0,0.0,0.0,0.0
0.0,-0.0,0.0,0.0,0.0,0.0,0.0,0.0
0.0,-0.0,0.0,0.0,0.0,0.0,0.0,0.0
0.0,-0.0,0.0,0.0,0.0,0.0,0.0,0.0
0.0,0.00038080304136656196,0.0,0.0,0.0,0.0,0.0,0.0
0.0,0.00012190788936550234,0.0,0.0,0.0,0.0,0.0,0.0
0.0,0.00012093570410343091,0.0,0.0,0.0,0.0,0.0,0.0
0.0,-0.0,0.0,0.0,0.0,0.0,0.0,0.0
0.0,-0.0,0.0,0.0,0.0,0.0,0.0,0.0
0.0,-0.0,0.0,0.0,0.0,0.0,0.0,0.0
0.0,0.0003348025710465663,0.0,0.0,0.0,0.0,0.0,0.0
0.0,-0.0,0.0,0.0,0.0,0.0,0.0,0.0
0.0,-0.0,0.0,0.0,0.0,0.0,0.0,0.0
0.0,-0.0,0.0,0.0,0.0,0.0,0.0,0.0
0.0,-0.0,0.0,0.0,0.0,0.0,0.0,0.0
0.0,-0.0,0.0,0.0,0.0,0.0,0.0,0.0
0.0,-0.0,0.0,0.0,0.0,0.0,0.0,0.0
0.0,2.273096070727924e-05,0.0,0.0,0.0,0.0,0.0,0.0
0.0,-0.0,0.0,0.0,0.0,0.0,0.0,0.0
0.0,-0.0,0.0,0.0,0.0,0.0,0.0,0.0
0.0,-0.0,0.0,0.0,0.0,0.0,0.0,0.0
0.0,-0.0,0.0,0.0,0.0,0.0,0.0,0.0
0.0,9.260243587050354e-05,0.0,0.0,0.0,0.0,0.0,0.0
0.0,-0.0,0.0,0.0,0.0,0.0,0.0,0.0
0.0,-0.0,0.0,0.0,0.0,0.0,0.0,0.0
0.0,-0.0,0.0,0.0,0.0,0.0,0.0,0.0
0.0,-0.0,0.0,0.0,0.0,0.0,0.0,0.0
0.0,-0.0,0.0,0.0,0.0,0.0,0.0,0.0
0.0,-0.0,0.0,0.0,0.0,0.0,0.0,0.0
0.0,0.0004693558693134037,0.0,0.0,0.0,0.0,0.0,0.0
0.0,-0.0,0.0,0.0,0.0,0.0,0.0,0.0
0.0,-0.0,0.0,0.0,0.0,0.0,0.0,0.0
0.0,-0.0,0.0,0.0,0.0,0.0,0.0,0.0
0.0,-0.0,0.0,0.0,0.0,0.0,0.0,0.0
0.0,-0.0,0.0,0.0,0.0,0.0,0.0,0.0
0.0,-0.0,0.0,0.0,0.0,0.0,0.0,0.0
0.0,7.5886438043385715e-06,0.0,0.0,0.0,0.0,0.0,0.0
0.0,-0.0,0.0,0.0,0.0,0.0,0.0,0.0
0.0,-0.0,0.0,0.0,0.0,0.0,0.0,0.0
0.0,-0.0,0.0,0.0,0.0,0.0,0.0,0.0
0.0,-0.0,0.0,0.0,0.0,0.0,0.0,0.0
0.0,-0.0,0.0,0.0,0.0,0.0,0.0,0.0
0.0,-0.0,0.0,0.0,0.0,0.0,0.0,0.0
0.6994141755057419,0.35744939285067223,0.0,0.0,0.0,0.0,0.0,0.0
0.0,-0.0,0.0,0.0,0.0,0.0,0.0,0.0
0.0,-0.0,0.0,0.0,0.0,0.0,0.0,0.0
0.0,-0.0,0.0,0.0,0.0,0.0,0.0,0.0
0.0,-0.0,0.0,0.0,0.0,0.0,0.0,0.0
0.0,-0.0,0.0,0.0,0.0,0.0,0.0,0.0
0.0,6.0499326190142054e-05,0.0,0.0,0.0,0.0,0.0,0.0
0.0,-0.0,0.0,0.0,0.0,0.0,0.0,0.0
0.0,-0.0,0.0,0.0,0.0,0.0,0.0,0.0
0.0,-0.0,0.0,0.0,0.0,0.0,0.0,0.0
0.0,-0.0,0.0,0.0,0.0,0.0,0.0,0.0
0.0,0.0004439811235670277,0.0,0.0,0.0,0.0,0.0,0.0
0.0,-0.0,0.0,0.0,0.0,0.0,0.0,0.0
0.0,-0.0,0.0,0.0,0.0,0.0,0.0,0.0
0.0,-0.0,0.0,0.0,0.0,0.0,0.0,0.0
0.0,-0.0,0.0,0.0,0.0,0.0,0.0,0.0
0.0,-0.0,0.0,0.0,0.0,0.0,0.0,0.0
0.0,-0.0,0.0,0.0,0.0,0.0,0.0,0.0
0.0,-0.0,0.0,0.0,0.0,0.0,0.0,0.0
0.0,-0.0,0.0,0.0,0.0,0.0,0.0,0.0
0.0,-0.0,0.0,0.0,0.0,0.0,0.0,0.0
0.0,-0.0,0.0,0.0,0.0,0.0,0.0,0.0
0.0,-0.0,0.0,0.0,0.0,0.0,0.0,0.0
0.0,-0.0,0.0,0.0,0.0,0.0,0.0,0.0
0.0,-0.0,0.0,0.0,0.0,0.0,0.0,0.0
0.0,-0.0,0.0,0.0,0.0,0.0,0.0,0.0
0.0,-0.0,0.0,0.0,0.0,0.0,0.0,0.0
0.0,-0.0,0.0,0.0,0.0,0.0,0.0,0.0
0.0,-0.0,0.0,0.0,0.0,0.0,0.0,0.0
0.0,-0.0,0.0,0.0,0.0,0.0,0.0,0.0
0.0,7.073874972105248e-05,0.0,0.0,0.0,0.0,0.0,0.0
0.0,0.0005053407293189593,0.0,0.0,0.0,0.0,0.0,0.0
0.6994141755057419,0.24142854111693587,0.0,0.0,0.0,0.0,0.0,0.0
0.0,0.00042849609405948286,0.0,0.0,0.0,0.0,0.0,0.0
0.0,5.6449718113370066e-05,0.0,0.0,0.0,0.0,0.0,0.0
0.0,-0.0,0.0,0.0,0.0,0.0,0.0,0.0
0.0,-0.0,0.0,0.0,0.0,0.0,0.0,0.0
0.0,-0.0,0.0,0.0,0.0,0.0,0.0,0.0
0.0,-0.0,0.0,0.0,0.0,0.0,0.0,0.0
0.0,-0.0,0.0,0.0,0.0,0.0,0.0,0.0
0.0,-0.0,0.0,0.0,0.0,0.0,0.0,0.0
0.0,1.6960793758508683e-05,0.0,0.0,0.0,0.0,0.0,0.0
0.0,0.0001962416280321122,0.0,0.0,0.0,0.0,0.0,0.0
0.0,-0.0,0.0,0.0,0.0,0.0,0.0,0.0
0.0,-0.0,0.0,0.0,0.0,0.0,0.0,0.0
0.0,-0.0,0.0,0.0,0.0,0.0,0.0,0.0
0.0,-0.0,0.0,0.0,0.0,0.0,0.0,0.0
0.0,-0.0,0.0,0.0,0.0,0.0,0.0,0.0
0.0,-0.0,0.0,0.0,0.0,0.0,0.0,0.0
0.0,-0.0,0.0,0.0,0.0,0.0,0.0,0.0
0.0,-0.0,0.0,0.0,0.0,0.0,0.0,0.0
0.0,-0.0,0.0,0.0,0.0,0.0,0.0,0.0
0.0,-0.0,0.0,0.0,0.0,0.0,0.0,0.0
0.0,-0.0,0.0,0.0,0.0,0.0,0.0,0.0
0.0,-0.0,0.0,0.0,0.0,0.0,0.0,0.0
0.0,-0.0,0.0,0.0,0.0,0.0,0.0,0.0
0.0,0.0003746481960433812,0.0,0.0,0.0,0.0,0.0,0.0
0.0,-0.0,0.0,0.0,0.0,0.0,0.0,0.0
0.0,-0.0,0.0,0.0,0.0,0.0,0.0,0.0
0.0,-0.0,0.0,0.0,0.0,0.0,0.0,0.0
0.0,-0.0,0.0,0.0,0.0,0.0,0.0,0.0
0.0,-0.0,0.0,0.0,0.0,0.0,0.0,0.0
0.0,-0.0,0.0,0.0,0.0,0.0,0.0,0.0
0.0,-0.0,0.0,0.0,0.0,0.0,0.0,0.0
0.0,-0.0,0.0,0.0,0.0,0.0,0.0,0.0
0.0,-0.0,0.0,0.0,0.0,0.0,0.0,0.0
0.0,-0.0,0.0,0.0,0.0,0.0,0.0,0.0
0.0,-0.0,0.0,0.0,0.0,0.0,0.0,0.0
0.0,-0.0,0.0,0.0,0.0,0.0,0.0,0.0
0.0,0.00010876589738018083,0.0,0.0,0.0,0.0,0.0,0.024003478996746708
0.0,-0.0,0.0,0.0,0.0,0.0,0.0,0.0
0.0,-0.0,0.0,0.0,0.0,0.0,0.0,0.0
0.0,0.00040777944548153755,0.0,0.0,0.0,0.0,0.0,0.006349392738229653
0.0,-0.0,0.0,0.0,0.0,0.0,0.0,0.0
0.0,-0.0,0.0,0.0,0.0,0.0,0.0,0.0
0.0,-0.0,0.0,0.0,0.0,0.0,0.0,0.0
0.0,-0.0,0.0,0.0,0.0,0.0,0.0,0.0
0.0,-0.0,0.0,0.0,0.0,0.0,0.0,0.0
0.0,1.4365966308105271e-05,0.0,0.0,0.0,0.0,0.0,0.0
0.0,-0.0,0.0,0.0,0.0,0.0,0.0,0.0
0.0,-0.0,0.0,0.0,0.0,0.0,0.0,0.0
0.0,-0.0,0.0,0.0,0.0,0.0,0.0,0.0
0.0,-0.0,0.0,0.0,0.0,0.0,0.0,0.0
0.0,1.740841798891779e-05,0.0,0.0,0.0,0.0,0.0,0.0
0.0,-0.0,0.0,0.0,0.0,0.0,0.0,0.0
0.0,5.558244453561685e-05,0.0,0.0,0.0,0.0,0.0,0.0
0.0,-0.0,0.0,0.0,0.0,0.0,0.0,0.0
0.0,0.00014568797166703007,0.0,0.0,0.0,0.0,0.0,0.0
0.0,4.19648495153524e-05,0.0,0.0,0.0,0.0,0.0,0.0
0.0,-0.0,0.0,0.0,0.0,0.0,0.0,0.0
0.0,-0.0,0.0,0.0,0.0,0.0,0.0,0.0
0.0,-0.0,0.0,0.0,0.0,0.0,0.0,0.0
0.0,-0.0,0.0,0.0,0.0,0.0,0.0,0.0
0.0,-0.0,0.0,0.0,0.0,0.0,0.0,0.0
0.0,-0.0,0.0,0.0,0.0,0.0,0.0,0.0
0.0,-0.0,0.0,0.0,0.0,0.0,0.0,0.0
0.0,-0.0,0.0,0.0,0.0,0.0,0.0,0.0
0.0,-0.0,0.0,0.0,0.0,0.0,0.0,0.0
0.0,6.5556090679794e-05,0.0,0.0,0.0,0.0,0.0,0.0
0.0,-0.0,0.0,0.0,0.0,0.0,0.0,0.0
0.0,-0.0,0.0,0.0,0.0,0.0,0.0,0.0
0.0,-0.0,0.0,0.0,0.0,0.0,0.0,0.0
0.0,-0.0,0.0,0.0,0.0,0.0,0.0,0.0
0.0,-0.0,0.0,0.0,0.0,0.0,0.0,0.0
0.0,-0.0,0.0,0.0,0.0,0.0,0.0,0.0
0.0,-0.0,0.0,0.0,0.0,0.0,0.0,0.0
0.0,9.218278833297562e-06,0.0,0.0,0.0,0.0,0.0,0.0
0.0,2.0548787688312586e-05,0.0,0.0,0.0,0.0,0.0,0.0
0.0,-0.0,0.0,0.0,0.0,0.0,0.0,0.0
0.0,-0.0,0.0,0.0,0.0,0.0,0.0,0.0
0.0,-0.0,0.0,0.0,0.0,0.0,0.0,0.0
0.0,2.7920613890295657e-05,0.0,0.0,0.0,0.0,0.0,0.0
0.0,-0.0,0.0,0.0,0.0,0.0,0.0,0.0
0.0,-0.0,0.0,0.0,0.0,0.0,0.0,0.0
0.0,-0.0,0.0,0.0,0.0,0.0,0.0,0.0
0.0,-0.0,0.0,0.0,0.0,0.0,0.0,0.0
0.0,9.868734016509325e-06,0.0,0.0,0.0,0.0,0.0,0.0
0.0,-0.0,0.0,0.0,0.0,0.0,0.0,0.0
0.0,-0.0,0.0,0.0,0.0,0.0,0.0,0.0
0.0,-0.0,0.0,0.0,0.0,0.0,0.0,0.0
0.0,-0.0,0.0,0.0,0.0,0.0,0.0,0.0
0.0,-0.0,0.0,0.0,0.0,0.0,0.0,0.0
0.0,-0.0,0.0,0.0,0.0,0.0,0.0,0.0
0.0,-0.0,0.0,0.0,0.0,0.0,0.0,0.0
0.0,-0.0,0.0,0.0,0.0,0.0,0.0,0.0
0.0,-0.0,0.0,0.0,0.0,0.0,0.0,0.0
0.0,-0.0,0.0,0.0,0.0,0.0,0.0,0.0
0.0,-0.0,0.0,0.0,0.0,0.0,0.0,0.0
0.0,-0.0,0.0,0.0,0.0,0.0,0.0,0.0
0.0,-0.0,0.0,0.0,0.0,0.0,0.0,0.0
0.0,-0.0,0.0,0.0,0.0,0.0,0.0,0.0
0.0,-0.0,0.0,0.0,0.0,0.0,0.0,0.0
0.0,-0.0,0.0,0.0,0.0,0.0,0.0,0.0
0.0,-0.0,0.0,0.0,0.0,0.0,0.0,0.0
0.0,-0.0,0.0,0.0,0.0,0.0,0.0,0.0
0.0,-0.0,0.0,0.0,0.0,0.0,0.0,0.0
0.0,-0.0,0.0,0.0,0.0,0.0,0.0,0.0
0.0,-0.0,0.0,0.0,0.0,0.0,0.0,0.0
0.0,-0.0,0.0,0.0,0.0,0.0,0.0,0.0
0.0,-0.0,0.0,0.0,0.0,0.0,0.0,0.0
0.0,-0.0,0.0,0.0,0.0,0.0,0.0,0.0
0.0,-0.0,0.0,0.0,0.0,0.0,0.0,0.0
0.0,-0.0,0.0,0.0,0.0,0.0,0.0,0.0
0.0,-0.0,0.0,0.0,0.0,0.0,0.0,0.0
0.0,-0.0,0.0,0.0,0.0,0.0,0.0,0.0
0.0,-0.0,0.0,0.0,0.0,0.0,0.0,0.0
0.0,-0.0,0.0,0.0,0.0,0.0,0.0,0.0
0.0,-0.0,0.0,0.0,0.0,0.0,0.0,0.0
0.0,-0.0,0.0,0.0,0.0,0.0,0.0,0.0
0.0,-0.0,0.0,0.0,0.0,0.0,0.0,0.0
0.0,-0.0,0.0,0.0,0.0,0.0,0.0,0.0
0.0,-0.0,0.0,0.0,0.0,0.0,0.0,0.0
0.0,-0.0,0.0,0.0,0.0,0.0,0.0,0.0
0.0,-0.0,0.0,0.0,0.0,0.0,0.0,0.0
0.0,-0.0,0.0,0.0,0.0,0.0,0.0,0.0
0.0,-0.0,0.0,0.0,0.0,0.0,0.0,0.0
0.0,-0.0,0.0,0.0,0.0,0.0,0.0,0.0
0.0,-0.0,0.0,0.0,0.0,0.0,0.0,0.0
0.0,-0.0,0.0,0.0,0.0,0.0,0.0,0.0
0.0,-0.0,0.0,0.0,0.0,0.0,0.0,0.0
0.0,-0.0,0.0,0.0,0.0,0.0,0.0,0.0
0.0,-0.0,0.0,0.0,0.0,0.0,0.0,0.0
0.0,-0.0,0.0,0.0,0.0,0.0,0.0,0.0
0.0,-0.0,0.0,0.0,0.0,0.0,0.0,0.0
0.0,-0.0,0.0,0.0,0.0,0.0,0.0,0.0
0.0,-0.0,0.0,0.0,0.0,0.0,0.0,0.0
0.0,-0.0,0.0,0.0,0.0,0.0,0.0,0.0
0.0,-0.0,0.0,0.0,0.0,0.0,0.0,0.0
0.0,-0.0,0.0,0.0,0.0,0.0,0.0,0.0
0.0,-0.0,0.0,0.0,0.0,0.0,0.0,0.0
0.0,-0.0,0.0,0.0,0.0,0.0,0.0,0.0
0.0,-0.0,0.0,0.0,0.0,0.0,0.0,0.0
0.0,-0.0,0.0,0.0,0.0,0.0,0.0,0.0
0.0,-0.0,0.0,0.0,0.0,0.0,0.0,0.0
0.0,-0.0,0.0,0.0,0.0,0.0,0.0,0.0
0.0,-0.0,0.0,0.0,0.0,0.0,0.0,0.0
0.0,-0.0,0.0,0.0,0.0,0.0,0.0,0.0
0.0,-0.0,0.0,0.0,0.0,0.0,0.0,0.0
0.0,-0.0,0.0,0.0,0.0,0.0,0.0,0.0
0.0,-0.0,0.0,0.0,0.0,0.0,0.0,0.0
0.0,-0.0,0.0,0.0,0.0,0.0,0.0,0.0
0.0,-0.0,0.0,0.0,0.0,0.0,0.0,0.0
0.0,-0.0,0.0,0.0,0.0,0.0,0.0,0.0
0.0,-0.0,0.0,0.0,0.0,0.0,0.0,0.0
0.0,-0.0,0.0,0.0,0.0,0.0,0.0,0.0
0.0,-0.0,0.0,0.0,0.0,0.0,0.0,0.0
0.0,-0.0,0.0,0.0,0.0,0.0,0.0,0.0
0.0,-0.0,0.0,0.0,0.0,0.0,0.0,0.0
0.0,-0.0,0.0,0.0,0.0,0.0,0.0,0.0
0.0,-0.0,0.0,0.0,0.0,0.0,0.0,0.0
0.0,-0.0,0.0,0.0,0.0,0.0,0.0,0.0
0.0,-0.0,0.0,0.0,0.0,0.0,0.0,0.0
0.0,-0.0,0.0,0.0,0.0,0.0,0.0,0.0
0.0,-0.0,0.0,0.0,0.0,0.0,0.0,0.0
0.0,-0.0,0.0,0.0,0.0,0.0,0.0,0.0
0.0,-0.0,0.0,0.0,0.0,0.0,0.0,0.0
0.0,-0.0,0.0,0.0,0.0,0.0,0.0,0.0
0.0,-0.0,0.0,0.0,0.0,0.0,0.0,0.0
0.0,-0.0,0.0,0.0,0.0,0.0,0.0,0.0
0.0,-0.0,0.0,0.0,0.0,0.0,0.0,0.0
0.0,-0.0,0.0,0.0,0.0,0.0,0.0,0.0
0.0,-0.0,0.0,0.0,0.0,0.0,0.0,0.0
0.0,-0.0,0.0,0.0,0.0,0.0,0.0,0.0
0.0,-0.0,0.0,0.0,0.0,0.0,0.0,0.0
0.0,-0.0,0.0,0.0,0.0,0.0,0.0,0.0
0.0,-0.0,0.0,0.0,0.0,0.0,0.0,0.0
0.0,-0.0,0.0,0.0,0.0,0.0,0.0,0.0
0.0,-0.0,0.0,0.0,0.0,0.0,0.0,0.0
0.0,-0.0,0.0,0.0,0.0,0.0,0.0,0.0
0.0,-0.0,0.0,0.0,0.0,0.0,0.0,0.0
0.0,-0.0,0.0,0.0,0.0,0.0,0.0,0.0
0.0,-0.0,0.0,0.0,0.0,0.0,0.0,0.0
0.0,-0.0,0.0,0.0,0.0,0.0,0.0,0.0
0.0,-0.0,0.0,0.0,0.0,0.0,0.0,0.0
0.0,-0.0,0.0,0.0,0.0,0.0,0.0,0.0
0.0,-0.0,0.0,0.0,0.0,0.0,0.0,0.0
0.0,-0.0,0.0,0.0,0.0,0.0,0.0,0.0
0.0,-0.0,0.0,0.0,0.0,0.0,0.0,0.0
0.0,-0.0,0.0,0.0,0.0,0.0,0.0,0.0
0.0,-0.0,0.0,0.0,0.0,0.0,0.0,0.0
0.0,-0.0,0.0,0.0,0.0,0.0,0.0,0.0
0.0,-0.0,0.0,0.0,0.0,0.0,0.0,0.0
0.0,-0.0,0.0,0.0,0.0,0.0,0.0,0.0
0.0,-0.0,0.0,0.0,0.0,0.0,0.0,0.0
0.0,-0.0,0.0,0.0,0.0,0.0,0.0,0.0
0.0,-0.0,0.0,0.0,0.0,0.0,0.0,0.0
0.0,-0.0,0.0,0.0,0.0,0.0,0.0,0.0
0.0,-0.0,0.0,0.0,0.0,0.0,0.0,0.0
0.0,-0.0,0.0,0.0,0.0,0.0,0.0,0.0
0.0,-0.0,0.0,0.0,0.0,0.0,0.0,0.0
0.0,-0.0,0.0,0.0,0.0,0.0,0.0,0.0
0.0,-0.0,0.0,0.0,0.0,0.0,0.0,0.0
0.0,-0.0,0.0,0.0,0.0,0.0,0.0,0.0
0.0,-0.0,0.0,0.0,0.0,0.0,0.0,0.0
0.0,-0.0,0.0,0.0,0.0,0.0,0.0,0.0
0.0,-0.0,0.0,0.0,0.0,0.0,0.0,0.0
0.0,-0.0,0.0,0.0,0.0,0.0,0.0,0.0
0.0,-0.0,0.0,0.0,0.0,0.0,0.0,0.0
0.0,-0.0,0.0,0.0,0.0,0.0,0.0,0.0
0.0,-0.0,0.0,0.0,0.0,0.0,0.0,0.0
0.0,-0.0,0.0,0.0,0.0,0.0,0.0,0.0
0.0,-0.0,0.0,0.0,0.0,0.0,0.0,0.0
0.0,-0.0,0.0,0.0,0.0,0.0,0.0,0.0
0.0,-0.0,0.0,0.0,0.0,0.0,0.0,0.0
0.0,-0.0,0.0,0.0,0.0,0.0,0.0,0.0
0.0,-0.0,0.0,0.0,0.0,0.0,0.0,0.0
0.0,-0.0,0.0,0.0,0.0,0.0,0.0,0.0
0.0,-0.0,0.0,0.0,0.0,0.0,0.0,0.0
0.0,-0.0,0.0,0.0,0.0,0.0,0.0,0.0
0.0,-0.0,0.0,0.0,0.0,0.0,0.0,0.0
0.0,-0.0,0.0,0.0,0.0,0.0,0.0,0.0
0.0,-0.0,0.0,0.0,0.0,0.0,0.0,0.0
0.0,-0.0,0.0,0.0,0.0,0.0,0.0,0.0
0.0,-0.0,0.0,0.0,0.0,0.0,0.0,0.0
0.0,-0.0,0.0,0.0,0.0,0.0,0.0,0.0
0.0,-0.0,0.0,0.0,0.0,0.0,0.0,0.0
0.0,-0.0,0.0,0.0,0.0,0.0,0.0,0.0
0.0,-0.0,0.0,0.0,0.0,0.0,0.0,0.0
0.0,-0.0,0.0,0.0,0.0,0.0,0.0,0.0
0.0,-0.0,0.0,0.0,0.0,0.0,0.0,0.0
0.0,-0.0,0.0,0.0,0.0,0.0,0.0,0.0
0.0,-0.0,0.0,0.0,0.0,0.0,0.0,0.0
0.0,-0.0,0.0,0.0,0.0,0.0,0.0,0.0
0.0,-0.0,0.0,0.0,0.0,0.0,0.0,0.0
0.0,-0.0,0.0,0.0,0.0,0.0,0.0,0.0
0.0,-0.0,0.0,0.0,0.0,0.0,0.0,0.0
0.0,-0.0,0.0,0.0,0.0,0.0,0.0,0.0
0.0,-0.0,0.0,0.0,0.0,0.0,0.0,0.0
0.0,-0.0,0.0,0.0,0.0,0.0,0.0,0.0
0.0,-0.0,0.0,0.0,0.0,0.0,0.0,0.0
0.0,-0.0,0.0,0.0,0.0,0.0,0.0,0.0
0.0,-0.0,0.0,0.0,0.0,0.0,0.0,0.0
0.0,-0.0,0.0,0.0,0.0,0.0,0.0,0.0
0.0,-0.0,0.0,0.0,0.0,0.0,0.0,0.0
0.0,-0.0,0.0,0.0,0.0,0.0,0.0,0.0
0.0,-0.0,0.0,0.0,0.0,0.0,0.0,0.0
0.0,-0.0,0.0,0.0,0.0,0.0,0.0,0.0
0.0,-0.0,0.0,0.0,0.0,0.0,0.0,0.0
0.0,-0.0,0.0,0.0,0.0,0.0,0.0,0.0
0.0,-0.0,0.0,0.0,0.0,0.0,0.0,0.0
0.0,-0.0,0.0,0.0,0.0,0.0,0.0,0.0
0.0,-0.0,0.0,0.0,0.0,0.0,0.0,0.0
0.0,-0.0,0.0,0.0,0.0,0.0,0.0,0.0
0.0,-0.0,0.0,0.0,0.0,0.0,0.0,0.0
0.0,-0.0,0.0,0.0,0.0,0.0,0.0,0.0
0.0,-0.0,0.0,0.0,0.0,0.0,0.0,0.0
0.0,-0.0,0.0,0.0,0.0,0.0,0.0,0.0
0.0,-0.0,0.0,0.0,0.0,0.0,0.0,0.0
0.0,-0.0,0.0,0.0,0.0,0.0,0.0,0.0
0.0,-0.0,0.0,0.0,0.0,0.0,0.0,0.0
0.0,-0.0,0.0,0.0,0.0,0.0,0.0,0.0
0.0,-0.0,0.0,0.0,0.0,0.0,0.0,0.0
0.0,-0.0,0.0,0.0,0.0,0.0,0.0,0.0
0.0,-0.0,0.0,0.0,0.0,0.0,0.0,0.0
0.0,-0.0,0.0,0.0,0.0,0.0,0.0,0.0
0.0,-0.0,0.0,0.0,0.0,0.0,0.0,0.0
0.0,-0.0,0.0,0.0,0.0,0.0,0.0,0.0
0.0,-0.0,0.0,0.0,0.0,0.0,0.0,0.0
0.0,-0.0,0.0,0.0,0.0,0.0,0.0,0.0
0.0,-0.0,0.0,0.0,0.0,0.0,0.0,0.0
0.0,-0.0,0.0,0.0,0.0,0.0,0.0,0.0
0.0,-0.0,0.0,0.0,0.0,0.0,0.0,0.0
0.0,-0.0,0.0,0.0,0.0,0.0,0.0,0.0
0.0,-0.0,0.0,0.0,0.0,0.0,0.0,0.0
0.0,-0.0,0.0,0.0,0.0,0.0,0.0,0.0
0.0,-0.0,0.0,0.0,0.0,0.0,0.0,0.0
0.0,-0.0,0.0,0.0,0.0,0.0,0.0,0.0
0.0,-0.0,0.0,0.0,0.0,0.0,0.0,0.0
0.0,-0.0,0.0,0.0,0.0,0.0,0.0,0.0
0.0,-0.0,0.0,0.0,0.0,0.0,0.0,0.0
0.0,-0.0,0.0,0.0,0.0,0.0,0.0,0.0
0.0,-0.0,0.0,0.0,0.0,0.0,0.0,0.0
0.0,-0.0,0.0,0.0,0.0,0.0,0.0,0.0
0.0,-0.0,0.0,0.0,0.0,0.0,0.0,0.0
0.0,-0.0,0.0,0.0,0.0,0.0,0.0,0.0
0.0,-0.0,0.0,0.0,0.0,0.0,0.0,0.0
0.0,-0.0,0.0,0.0,0.0,0.0,0.0,0.0
0.0,-0.0,0.0,0.0,0.0,0.0,0.0,0.0
0.0,-0.0,0.0,0.0,0.0,0.0,0.0,0.0
0.0,-0.0,0.0,0.0,0.0,0.0,0.0,0.0
0.0,-0.0,0.0,0.0,0.0,0.0,0.0,0.0
0.0,-0.0,0.0,0.0,0.0,0.0,0.0,0.0
0.0,-0.0,0.0,0.0,0.0,0.0,0.0,0.0
0.0,-0.0,0.0,0.0,0.0,0.0,0.0,0.0
0.0,-0.0,0.0,0.0,0.0,0.0,0.0,0.0
0.0,-0.0,0.0,0.0,0.0,0.0,0.0,0.0
0.0,-0.0,0.0,0.0,0.0,0.0,0.0,0.0
0.0,-0.0,0.0,0.0,0.0,0.0,0.0,0.0
0.0,-0.0,0.0,0.0,0.0,0.0,0.0,0.0
0.0,-0.0,0.0,0.0,0.0,0.0,0.0,0.0
0.0,-0.0,0.0,0.0,0.0,0.0,0.0,0.0
0.0,-0.0,0.0,0.0,0.0,0.0,0.0,0.0
0.0,-0.0,0.0,0.0,0.0,0.0,0.0,0.0
0.0,-0.0,0.0,0.0,0.0,0.0,0.0,0.0
0.0,-0.0,0.0,0.0,0.0,0.0,0.0,0.0
0.0,-0.0,0.0,0.0,0.0,0.0,0.0,0.0
0.0,-0.0,0.0,0.0,0.0,0.0,0.0,0.0
0.0,-0.0,0.0,0.0,0.0,0.0,0.0,0.0
0.0,-0.0,0.0,0.0,0.0,0.0,0.0,0.0
0.0,-0.0,0.0,0.0,0.0,0.0,0.0,0.0
0.0,-0.0,0.0,0.0,0.0,0.0,0.0,0.0
0.0,-0.0,0.0,0.0,0.0,0.0,0.0,0.0
0.0,-0.0,0.0,0.0,0.0,0.0,0.0,0.0
0.0,-0.0,0.0,0.0,0.0,0.0,0.0,0.0
0.0,-0.0,0.0,0.0,0.0,0.0,0.0,0.0
0.0,-0.0,0.0,0.0,0.0,0.0,0.0,0.0
0.0,-0.0,0.0,0.0,0.0,0.0,0.0,0.0
0.0,-0.0,0.0,0.0,0.0,0.0,0.0,0.0
0.0,-0.0,0.0,0.0,0.0,0.0,0.0,0.0
0.0,-0.0,0.0,0.0,0.0,0.0,0.0,0.0
0.0,-0.0,0.0,0.0,0.0,0.0,0.0,0.0
0.0,-0.0,0.0,0.0,0.0,0.0,0.0,0.0
0.0,-0.0,0.0,0.0,0.0,0.0,0.0,0.0
0.0,-0.0,0.0,0.0,0.0,0.0,0.0,0.0
0.0,-0.0,0.0,0.0,0.0,0.0,0.0,0.0
0.0,-0.0,0.0,0.0,0.0,0.0,0.0,0.0
0.0,-0.0,0.0,0.0,0.0,0.0,0.0,0.0
0.0,-0.0,0.0,0.0,0.0,0.0,0.0,0.0
0.0,-0.0,0.0,0.0,0.0,0.0,0.0,0.0
0.0,-0.0,0.0,0.0,0.0,0.0,0.0,0.0
0.0,-0.0,0.0,0.0,0.0,0.0,0.0,0.0
0.0,-0.0,0.0,0.0,0.0,0.0,0.0,0.0
0.0,-0.0,0.0,0.0,0.0,0.0,0.0,0.0
0.0,-0.0,0.0,0.0,0.0,0.0,0.0,0.0
0.0,-0.0,0.0,0.0,0.0,0.0,0.0,0.0
0.0,-0.0,0.0,0.0,0.0,0.0,0.0,0.0
0.0,-0.0,0.0,0.0,0.0,0.0,0.0,0.0
0.0,-0.0,0.0,0.0,0.0,0.0,0.0,0.0
0.0,-0.0,0.0,0.0,0.0,0.0,0.0,0.0
0.0,-0.0,0.0,0.0,0.0,0.0,0.0,0.0
0.0,-0.0,0.0,0.0,0.0,0.0,0.0,0.0
0.0,-0.0,0.0,0.0,0.0,0.0,0.0,0.0
0.0,-0.0,0.0,0.0,0.0,0.0,0.0,0.0
0.0,-0.0,0.0,0.0,0.0,0.0,0.0,0.0
0.0,-0.0,0.0,0.0,0.0,0.0,0.0,0.0
0.0,-0.0,0.0,0.0,0.0,0.0,0.0,0.0
0.0,-0.0,0.0,0.0,0.0,0.0,0.0,0.0
0.0,-0.0,0.0,0.0,0.0,0.0,0.0,0.0
0.0,-0.0,0.0,0.0,0.0,0.0,0.0,0.0
0.0,-0.0,0.0,0.0,0.0,0.0,0.0,0.0
0.0,-0.0,0.0,0.0,0.0,0.0,0.0,0.0
0.0,-0.0,0.0,0.0,0.0,0.0,0.0,0.0
0.0,-0.0,0.0,0.0,0.0,0.0,0.0,0.0
0.0,-0.0,0.0,0.0,0.0,0.0,0.0,0.0
0.0,-0.0,0.0,0.0,0.0,0.0,0.0,0.0
0.0,-0.0,0.0,0.0,0.0,0.0,0.0,0.0
0.0,-0.0,0.0,0.0,0.0,0.0,0.0,0.0
0.0,-0.0,0.0,0.0,0.0,0.0,0.0,0.0
0.0,-0.0,0.0,0.0,0.0,0.0,0.0,0.0
0.0,-0.0,0.0,0.0,0.0,0.0,0.0,0.0
0.0,-0.0,0.0,0.0,0.0,0.0,0.0,0.0
0.0,-0.0,0.0,0.0,0.0,0.0,0.0,0.0
0.0,-0.0,0.0,0.0,0.0,0.0,0.0,0.0
0.0,-0.0,0.0,0.0,0.0,0.0,0.0,0.0
0.0,-0.0,0.0,0.0,0.0,0.0,0.0,0.0
0.0,-0.0,0.0,0.0,0.0,0.0,0.0,0.0
0.0,-0.0,0.0,0.0,0.0,0.0,0.0,0.0
0.0,-0.0,0.0,0.0,0.0,0.0,0.0,0.0
0.0,0.00039751136814590934,0.00022289785820817087,8.430530342720987e-05,0.0,0.0,0.0,0.007514075429753575
0.0,0.0017779807755631941,0.0,0.0,0.0,0.0,0.0,0.025453315134654986
0.0,0.0029578924896553425,0.0006771246522644381,0.00026154826924923143,0.0,0.0,0.0,0.007143711022763455
0.0,0.0006769419982190915,0.0005140695430170261,0.0019675595775069804,0.0,0.0,0.0,0.0
0.0,0.0018830077629908562,0.0002559713550781814,0.0001460794189806726,0.0,0.0,0.0,0.0
0.6994141755057419,0.4457214068198385,0.00030828294037224795,0.0010938418129229216,0.0,0.0,0.0,0.0
0.6994141755057419,0.4604659494655908,0.001180600492147743,0.00032530927848951967,0.0,0.0,0.0,0.0
0.6994141755057419,0.5340300700916754,0.0,0.0,0.0,0.0,0.0,0.0
0.6994141755057419,0.7089626547755792,0.7090437630620539,0.2053050647462502,0.0,0.0,0.0,0.0
0.6994141755057419,0.7914311273126202,0.8858786501516208,0.270211766923073,0.0,0.0,0.0,0.0
0.0,0.0028951168008125275,0.004250507547566344,0.00017753238288423364,0.0,0.0,0.0,0.0
0.0,0.001863792281163402,0.00020270635054031594,0.00024079159059759193,0.0,0.0,0.0,0.0
0.0,0.00043151033133242197,0.0,0.0,0.0,0.0,0.0,0.0
0.0,0.001091897031415111,0.0001349666145613604,1.2810629675006627e-05,0.0,0.0,0.0,0.0
0.0,0.0007352561685478273,0.0006364378972630961,0.0,0.0,0.0,0.0,0.0
0.0,0.005531273114536605,0.0027893835032623696,0.0002812621334502886,0.0,0.0,0.0,0.004235575404891279
0.0,0.0051554446155174976,0.0019751583084528066,0.0004887954849979795,0.0,0.0,0.0,0.0
0.0,0.0036003814146797807,0.0006711371611852798,0.0004140510233018933,0.0,0.0,0.0,0.0
0.0,0.010537013871522415,0.004033325746763677,0.001813902685895482,0.0,0.0,0.0,0.0
0.0,0.019906622131148924,0.008070536327858709,0.0003434795095291748,0.0,0.0,0.0,0.0
0.0,0.025777273373098087,0.01763284196252467,0.00041240173465897825,0.0,0.0,0.0,0.022256609869145905
0.0,0.01275103129303536,0.005216206523288928,0.0020451372848849063,0.0,0.0,0.0,0.0
0.0,0.009063278075860945,0.003590877754902,0.00013462802750553363,0.0,0.0,0.0,0.0
0.0,0.02667189425453505,0.017506917651642903,0.001266890545889526,0.0,0.0,0.0,0.0
0.0,0.062345091887313096,0.054684752826701266,0.036215424188602206,0.000956388855098181,0.0,0.0,0.005668396007422416
0.0,0.04013749335969436,0.028235842123374197,0.00934148244029179,0.0,0.0,0.0,0.0018174332108173985
0.0,0.049608330510143565,0.35575037510875446,0.022911756001371044,0.00016058029317392848,0.0,0.0,0.0019984801974715083
4.78405306208744,1.721645263276434,0.48151815496880057,0.0027619749919317016,0.0,0.0,0.0,0.0
7.86549764049722,2.403046502208271,0.956017139925868,0.09743384996782269,0.0,0.0,0.0,0.023087454151209386
6.92796215463529,1.8696623544320246,0.5199915161284571,0.0006150422061352639,0.0,0.0,0.0,0.0017895798282552278
2.83657735452957,1.0092098867876191,0.32336651434143926,0.0004994277204582445,0.0,0.0,0.0,0.0
0.0,0.0011946190784301253,0.00046125636647786905,0.0,0.0,0.0,0.0,0.0
0.0,0.00108799647553867,0.000108722748562152,0.00011051558137543031,0.0,0.0,0.0,0.0
0.0,0.0013469167601695552,0.00021433773178641303,0.0002481820495247553,0.0,0.0,0.0,0.0
0.0,0.007767776159070166,0.00256303750024839,0.0011992240612308136,0.0,0.0,0.0,0.0
3.44796152289313,1.5923821761818489,0.9896416002525659,0.13712769760507645,0.00021947450442415058,0.0,0.0,0.0017721784788591322
6.726688990299801,3.0295420606773718,0.12035055540810369,0.003614415083541463,0.0026459503461252597,0.0,0.0,0.016612195081506798
6.777383689651121,3.5816637408065084,2.1306236579129934,0.34503574428324635,0.0026046256479355778,0.0,0.0,0.007499799168726895
0.0,0.04814932390718614,0.031097246458894008,0.0015104579318454502,0.0,0.0,0.0,0.026108330263014068
19.676318945063798,10.496278451317004,6.200595253245737,1.4534735392327855,0.21292737796903966,0.011069999999994279,1.253308684739326,1.5489676081637158
16.423704096013797,9.385025218902133,5.655897831470555,1.2981430329342252,0.09023570335510614,0.0,0.0,0.06225359138989006
12.019482413851401,6.051091661003591,3.210314562073818,0.4831274089457326,0.0007428135933033983,0.0,0.0,0.004119154486033949
0.0,0.0014651272030641945,8.238792503393428e-05,0.0,0.0,0.0,0.0,0.0
0.0,0.0029173475899075367,0.0003225832460048338,2.3537141984974862e-05,0.0,0.0,0.0,0.0
0.0,0.0065063698020902585,0.0020059602353581507,9.213879007519067e-05,0.0,0.0,0.0,0.0
0.0,0.0025428330921570706,0.00011646807428673209,0.0,0.0,0.0,0.0,0.0
0.0,0.0011494634454842787,0.00010158623877165596,1.1644288764297066e-05,0.0,0.0,0.0,0.0
0.7761248201664129,0.4029303349166873,0.017897235646318066,0.00016630594331496211,0.0,0.0,0.0,0.0
3.80074041121282,1.7463594946550292,0.08547329753201055,0.011390409654899942,0.0008058148632381871,0.0,0.0,0.007510258216825605
2.31719839002883,0.9278528914670512,0.4262742181373448,0.001167848682816914,0.0010482451164946847,0.0,0.0,0.00844980715191923
1.3218962858439998,0.4388949549905537,0.006611776592497459,0.0005796251179170833,4.5391978630239874e-05,0.0,0.0,0.003657154740722035
0.0,0.0006267180615577311,0.0,0.0,0.0,0.0,0.0,0.0
0.0,0.00042943330962025414,0.0,0.0,0.0,0.0,0.0,0.0
2.04565719031161,1.1192108536486514,0.053971190612006226,0.0026347117727342443,0.0,0.0,0.0,0.0019497367784424569
2.6423692119693603,1.2787917494457766,0.05915027071136458,0.0032169976871898737,0.0,0.0,0.0,0.002367537516875018
0.6994141755057419,0.05839826742479456,5.311395716053256e-05,0.0,0.0,0.0,0.0,0.0
0.6994141755057419,0.10564606802502578,0.00026249176636372606,0.00043900307065395847,0.0,0.0,0.0,0.0
1.37033159526777,0.4937847676116747,0.010910039619367293,0.0001944865795016982,0.0,0.0,0.0,0.0
0.726178031023389,0.31213488127838745,0.002801696835615515,0.00014872437854307474,0.0,0.0,0.0,0.0
0.851618481629471,0.4073454524959683,0.004461409716803574,0.00019114398723759014,0.0,0.0,0.0,0.0
0.6994141755057419,0.39282938862984107,0.005876971449708606,0.0010647541906402074,0.0,0.0,0.0,0.0
0.0,0.0012135547304325863,0.00010713076508173103,0.0,0.0,0.0,0.0,0.0
0.0,0.0029129307421202556,0.001088871357012843,0.0002899392307942804,0.0,0.0,0.0,0.0
2.09327725395615,1.031004232418217,0.42151784350042465,0.003773803385783195,0.0,0.0,0.0,0.0018783624855132075
3.7720405111937705,1.3748045886308273,0.464240613098651,0.0012225017672333079,0.0,0.0,0.0,0.007204167967756803
3.44819489752944,1.4918413741303114,0.506009632052259,0.010295427389324631,0.0,0.0,0.0,0.004089224726158136
2.93537922466496,1.714286059598644,0.9419956779740793,0.13254982833666648,0.0,0.0,0.0,0.003253623249293014
0.6994141755057419,0.3124690705077512,0.0014840138383847166,0.0010409888720626782,0.0,0.0,0.0,0.0
0.0,0.00042654998532399733,2.1294448840137884e-05,0.0,0.0,0.0,0.0,0.0
0.0,0.00041076594527459726,0.0,0.0,0.0,0.0,0.0,0.0
0.0,0.00048098712849568403,0.0,0.0,0.0,0.0,0.0,0.0
0.6994141755057419,0.2850509588996002,0.0021955509765447714,0.0015366899972551942,0.0,0.0,0.0,0.0
2.49263138426229,1.3575395059082722,0.530020096517049,0.0006208823568064832,0.0,0.0,0.0,0.0
6.508163033881379,1.8130455357636608,0.5107891399175183,0.0021077073283004145,0.0,0.0,0.0,0.021999030383085483
3.10581026288441,0.7017852342090511,0.16359224838208014,0.0015367598835544054,9.82818130335272e-05,0.0,0.0,0.008189061657503771
4.78902552188097,1.890555620000662,0.7348739331261099,0.0909269674691581,0.0,0.0,0.0,0.018209589610705734
7.85457977861212,2.2068834617789115,0.8131879913400027,0.09106300171882217,0.0,0.0,0.0,0.03877657686462044
0.0,0.0020993149855277984,0.00014095741800853508,0.0,0.0,0.0,0.0,0.0
0.0,0.0011988884964564503,0.0,0.0,0.0,0.0,0.0,0.0
0.0,0.0009741496026911412,0.0,0.0,0.0,0.0,0.0,0.0
0.0,0.0004655805414383633,0.0,0.0,0.0,0.0,0.0,0.0
0.0,0.0021689768565871523,0.00010010903301349572,0.0,0.0,0.0,0.0,0.0
0.0,0.0005231618032778165,0.0,0.0,0.0,0.0,0.0,0.0
0.0,0.0010496169407634354,0.0,0.0,0.0,0.0,0.0,0.0
1.8611836233310801,0.7484867782122282,0.22489611411626903,0.000722659495376808,0.0,0.0,0.0,0.0026978463192790514
5.16952210179526,2.206573282476718,0.9090497234740231,0.1179574123735523,0.0,0.0,0.0,0.026904364831352723
10.7097037795431,3.0165272848125886,1.1007137344949023,0.2350897719828725,0.0034969551268942967,0.00028236232939621146,0.0,0.11296011432841624
9.887192333736571,2.090539967126703,0.773146108435982,0.20951348014712373,0.003988343205976637,0.003284983171457711,0.0,0.10411939996356523
7.74685516760563,1.7187886505075383,0.4859499053928998,0.005132846123012754,0.0013122462337476664,0.00022595435566713853,0.0,0.08203275605410454
6.665075255493529,1.1475323302746359,0.4152301868100303,0.0036457705783960867,0.0069606577371341075,0.0058794962391729025,0.0,0.07075693773913372
1.716819298682,0.21758903674174143,0.005398158414774318,0.004781641102386158,0.00016345220800221695,0.0,0.0,0.0063186983670675545
6.623321098995089,1.2937114386265467,0.3692201851466437,0.004577970819809864,0.0004971167321323611,0.0,0.0,0.05794518729180709
0.0,0.0026351930148720616,0.0,0.0,0.0,0.0,0.0,0.0
0.0,0.0070327214124824115,0.0,0.0,0.0,0.0,0.0,0.0
0.0,0.023490127317023966,0.0009842400997194937,7.895937832722132e-05,0.0,0.0,0.0,0.0
10.2922355183781,5.057623576737936,2.4873163183718874,0.3253596448014928,0.0018880963540567897,0.0,0.0,0.060930608329726965
14.9028483528751,6.0320180812053215,2.6331942720846238,0.5380640397120876,0.020054503723059974,0.014049009518079547,1.5841728244603952,2.22062130164825
13.5624404235785,3.95809731318951,1.4945275697911307,0.4007278363706796,0.023961353437569725,0.01567943635010632,1.744343803759849,2.4176610199508826
37.1913110387938,20.41935285577524,6.68617248044127,1.8425379248790257,0.0829259978751376,0.05341168365038605,5.780184829617614,7.5630808740715505
0.6994141755057419,0.1370148785021768,0.00012337683709481766,0.0,0.0,0.0,0.0,0.0
0.0,0.0018739618124879738,0.00020986067414341392,0.0,0.0,0.0,0.0,0.0
0.6994141755057419,0.12565137614740993,0.0,0.0,0.0,0.0,0.0,0.0
45.6478041574068,33.3418833499876,12.694111271892762,2.8731316272101357,1.1707479568245525,0.06248347245911388,6.144953775176112,8.001136914295259
19.9784814614531,8.180610924842632,3.2850954050884793,0.8095701238346558,0.25013546330552516,0.019212606327682007,1.9770009196772882,2.4996882588910156
3.20486255613627,0.4574952559991812,0.013446062037890841,0.002057515345989149,0.00014716144161159452,0.0022302748577507723,0.0,0.03887443314943084
0.0,0.004694655250056114,0.0,0.0,0.0,0.0,0.0,0.0
0.6994141755057419,0.01981888883452112,0.0,0.0,0.0,0.0,0.0,0.0
15.500781290559999,4.6853506890129895,1.4534738836493393,0.44031439531088906,0.02723173787080265,0.016094399153144555,1.7408364100528766,2.247452290330169
7.518249451872591,1.2443111294343883,0.3695744583342942,0.00754036034816052,0.005338123868379749,0.0004364010644507518,0.0,0.1440581844699409
0.0,0.0014495837515427724,3.324287233389416e-05,0.0,0.0,0.0,0.0,0.0
0.6994141755057419,0.14561937853726675,1.5339845728481926e-05,0.0,0.0,0.0,0.0,0.0
0.6994141755057419,0.23741424704373212,0.0019576276369018637,0.00030144250182327257,0.0,0.0,0.0,0.0
0.707199793064802,0.019580690914539196,0.0021453485272213417,0.0048143842622849296,0.0,0.0,0.0,0.0
0.6994141755057419,0.20856449060660526,0.0003926949483387531,5.791695730382704e-05,0.0,0.0,0.0,0.0
0.6994141755057419,0.08668164193843035,0.0001924395434306396,0.00024372367968080244,0.0,0.0,0.0,0.0
0.6994141755057419,0.1465591210698545,0.00018562583991313175,0.0002248253194916493,0.0,0.0,0.0,0.0
0.6994141755057419,0.14038839692459062,0.00046303174234157464,4.511168910669398e-05,0.0,0.0,0.0,0.0
0.0,0.003189334051388524,0.00023103062499365602,0.00021081446624796683,0.0,0.0,0.0,0.0
0.6994141755057419,0.1867342910913348,8.201187154286636e-05,0.0,0.0,0.0,0.0,0.0
16.3063360700985,4.236581712376512,1.6105928709010067,0.5067817647813958,0.03633923102643816,0.022813904909682676,2.5264926004861015,3.522003290569234
161.261778063823,12.11877794961822,1.5358019741747333,3.8816430800020085,0.24805678500166367,0.1619430969670009,17.952010125157948,24.168016504771103
8.66725777112916,2.289346102527758,0.8060742297249481,0.10037609269403926,0.0036295668191793553,0.0002785806910560837,0.0,0.15170343993304414
2.87466298561693,0.1055416312447696,0.006642832703158765,0.0001579578844376206,0.0,0.0,0.0,0.0
63.1570420591384,50.404618210405054,24.28504239389587,4.85510987336002,1.1878746927909305,0.061398222273948026,6.130924200346745,7.765240559664561
37.912668562108706,15.942432757275203,4.725002670202017,0.11487191813725901,0.0886191042572544,0.050671371268429924,5.448151558660824,6.980251873604859
17.5911112275626,3.8362481757958347,1.457969403164874,0.530816222287534,0.04029972596253669,0.02083240921181853,2.1909519358218628,2.9402136479884624
10.0769192405018,3.9459104148514106,1.6291689818235462,0.3197369318357055,0.0002517337023615189,0.0,0.0,0.075932848904813
2.49654579593317,1.0055161947423317,0.28156414398713314,0.0012122570916584072,8.088300090491813e-05,0.0,0.0,0.008973261110440944
0.0,0.006181164322673192,0.0012601435102042033,0.00010992420098194947,0.0,0.0,0.0,0.0
0.0,0.003904705208894044,0.0007776795678278362,0.00035141174937933884,0.0,0.0,0.0,0.0
847.277784021054,106.65432914540291,13.723461308902536,1.3620940511988529,0.3562671872631205,0.2572325133496948,27.524856683594155,41.63309719274842
0.0,0.004473005970894603,0.0,0.0,0.0,0.0,0.0,0.0
0.6994141755057419,0.23354301053864646,0.0,0.0,0.0,0.0,0.0,0.0
2.84020253229516,0.06601277550116309,0.003173642206925783,0.00041285141167091095,0.0,0.0,0.0,0.05877304561372623
59.5857435281506,21.37815046154806,7.323492633071267,27.91600000000007,2.8012135852798132,0.11256477977906071,11.877204224127597,14.67906444453587
9.61789199189021,2.2447413443127875,0.7749297885540646,0.0854252524431324,0.003952088955612424,0.0002974888827567228,0.0,0.18377740496177136
20.2187779289283,4.753676694204046,1.845149681192952,0.5324069377842702,0.03625800538807275,0.02234272673747961,2.4411460202755784,3.3681058416308005
33.8808013631173,8.404733009189373,3.4264229221257656,1.4739099024242792,0.09172964993453259,0.05107574149412241,5.501931595505759,7.141768648637491
0.0,0.001097402311053194,3.9393644550313717e-05,0.0,0.0,0.0,0.0,0.0
0.6994141755057419,0.22762141350191487,0.0007930933297931093,0.0,0.0,0.0,0.0,0.0
0.6994141755057419,0.18100257603711428,0.00012290784164425972,0.0,0.0,0.0,0.0,0.0
0.0,0.023268274593224923,0.008331201697128806,0.0015175440611015672,8.952391840073157e-05,0.0,0.0,0.0046126810239002225
3.82747838654315,2.26783666353376,1.1084531007441598,0.1563502151175047,0.0001755077175673708,0.0,0.0,0.008421661485954246
0.0,0.018998787744635252,0.006985572058826898,0.0012373147281752796,0.00012384333723702845,0.0,0.0,0.004558456716949877
0.0,0.014107379270075913,0.0050049561396817615,0.000919356385867176,0.00023323580337001595,0.0,0.0,0.004077667864294199
0.6994141755057419,0.05928229855058325,0.0,0.0,0.0,0.0,0.0,0.0
0.0,0.008999658375550055,0.0013841602655220691,0.000382599022704845,0.0,0.0,0.0,0.05877304561372623
0.0,2.302550160251906,0.9790148994494502,0.5378080178613194,0.43159016405033046,0.31463392293152775,34.57237977278014,64.34532756902937
1000.0,147.8924772214277,22.086961475888444,4.530652924068199,1.3171503586380104,0.48748570644449024,38.196686603648836,126.74891589886771
168.582201788711,10.725534085307217,1.4838474523294785,0.34642300476950894,0.2560788144494705,0.19933214527648446,22.49291584486536,28.56438309781865
698.886101390282,75.88336646136395,8.6832207633491,0.827460252501645,0.2914126922725151,0.22908129406677052,25.716210661866928,35.375489295917255
0.0,0.09955941560231149,0.08003871527651642,0.04035228628024094,0.036325965218675975,0.02599977781572774,2.9391959267110983,4.0828549628591375
0.0,0.04812903133878977,0.03358488599930711,0.018771120078080926,0.020000854072323215,0.015009762853252529,1.720961179044695,2.4811870050999776
13.3543720720339,9.591525139899751,6.284150102383061,1.2919027359684299,0.10271741504238839,0.0,0.0,0.05313278825542511
6.071143463773089,0.2971208095162302,0.017475182627924413,0.0034412830034927606,0.0007102572967457179,0.0,0.0,0.02485697051997704
0.0,0.49528587921471773,0.07548090111559368,0.010656764505373435,0.002286979424498025,0.006156360776274061,0.0,0.2591408273303962
