"V1","V2","V3","V4","V5","V6"
0,0,0,0,0,0
0,0,0,0,0,0
0,0,0,0,0,0
0,0,0,0,0,0
0,0,0,0,0,0
0,0,0,0,0,0
0,0,0,0,0,0
0,0,0,0,0,0
0,0,0,0,0,0
0,0,0,0,0,0
0,0,0,0,0,0
0,0,0,0,0,0
0,0,0,0,0,0
0,0,0,0,0,0
0,0,0,0,0,0
0,0,0,0,0,0
0,0,0,0,0,0
0,0,0,0,0,0
0,0,0,0,0,0
0,0,0,0,0,0
0,0,0,0,0,0
0,0,0,0,0,0
0,0,0,0,0,0
0,0,0,0,0,0
0,0,0,0,0,0
0,0,0,0,0,0
0,0,0,0,0,0
0,0,0,0,0,0
0,0,0,0,0,0
0,0,0,0,0,0
0,0,0,0,0,0
0,0,0,0,0,0
0,0,0,0,0,0
0,0,0,0,0,0
0,0,0,0,0,0
0,0,0,0,0,0
0,0,0,0,0,0
0,0,0,0,0,0
0,0,0,0,0,0
0,0,0,0,0,0
0,0,0,0,0,0
0,0,0,0,0,0
0,0,0,0,0,0
0,0,0,0,0,0
0,0,0,0,0,0
0,0,0,0,0,0
0,0,0,0,0,0
0,0,0,0,0,0
0,0,0,0,0,0
0,0.000782800834633704,0.000772676400458335,0,0,0
0,0.00110955107791561,0.00106990408250583,0.000893724091582127,0,0
0.00167271382934887,0.00250392379985906,0.00288419897358389,0.00294357948431194,0.00227817481607356,0.00170732213771964
0.000881130453395954,0.00104889143223994,0.00183579270703914,0.00153051909817078,0.000946346606027774,0.000740703077200434
0.00145754653534427,0.00162991503391582,0.00265281874880096,0.00205280355291055,0.00262146520424054,0.00218968037535506
0,0.00123088680571517,0.0011386310476173,0.000917872743017377,0,0
0.00111466138584023,0.00131152951070619,0.00155767502737402,0.0016845149845308,0.00138719233083924,0.0010356716393521
0,0,0,0,0,0
0,0,0,0,0,0
0,0,0,0,0,0
0,0,0,0,0,0
0,0,0,0,0,0
0,0,0,0,0,0
0,0,0,0,0,0
0.00111416344780365,0.00122277812433765,0.0013330095391808,0.00150837781031312,0.00123950942282019,0.00089264582726084
0.00166726586357732,0.00167669538934258,0.00178200893610454,0.00303363274879235,0.00322886862614894,0.00261519460151142
0.00146332097967615,0.00148982709699564,0.00160099380427213,0.00227401554833335,0.00128032194908498,0.00122672711196417
0.00166488506719791,0.00173798747457249,0.00194895827385837,0.00203432387487885,0.00249597827507132,0.00160859569471354
0.00411932812100333,0.00491570648386054,0.00514989175606095,0.00476388725603171,0.00482555481798891,0.00393976173795799
0.00414121587322624,0.00499800880688307,0.00514740405872159,0.0057443392974416,0.0052935157954127,0.00426775851615692
0.00355655034038416,0.00447380309899683,0.0048166236356335,0.0062806511777448,0.00470492875515488,0.00381060573617809
0.00358221530559118,0.00443759436868133,0.00476571933007014,0.00534663010026673,0.00506270616716719,0.00409732010744701
0.00184160669355123,0.00193836208566893,0.00221389734428792,0.00392908742989967,0.00425510399819754,0.0035259630537207
0.0017249605959271,0.00258381730467929,0.0029643651118929,0.00333876722807828,0.0032453750535814,0.00265637888710375
0.00146094930648303,0.00160248471395784,0.00182690553413506,0.00332417993929293,0.00373853674744053,0.00310977902423883
0.00164789657056313,0.00172637629719413,0.00193398837921599,0.00361257278726071,0.00396767594622653,0.00328598192043377
0,0,0,0,0,0
0,0,0,0,0,0
0,0,0,0,0,0
0,0,0,0,0,0
0,0,0,0,0,0
0,0,0,0,0,0
0,0,0,0,0,0
0,0,0,0,0,0
0,0,0,0,0,0
0,0,0,0,0,0
0,0,0,0,0,0
0,0,0,0,0,0
0,0,0,0,0,0
0,0,0,0,0,0.00102639484694717
0,0,0,0,0,0
0,0,0,0,0,0
0,0,0,0,0,0
0,0,0,0,0.0272315103540216,0.0628023511156783
0,0,0,0.00654011695091335,0.0585198994983672,0.105533067677445
0.00171377186225666,0.00173657499942715,0.00191133507685047,0.00190108185420206,0.00106629572363151,0
0.000847657030202913,0.00109311355532415,0.0013270904736821,0.0015422448449563,0.000952087693270227,0.000719971999365176
0.000705138720589558,0.000890790282283238,0.00108216030848965,0.00113738012371623,0,0
0.000713664070019551,0.00095954349072019,0.0011952567413227,0.000980333251744959,0,0
0,0,0,0,0,0
0,0,0,0,0,0
0,0,0,0,0,0
0,0,0,0,0,0
0,0,0,0,0,0
0,0,0,0,0,0
0,0,0,0,0,0
0,0,0,0,0,0
0,0,0,0,0,0
0,0,0,0,0,0
0,0,0,0,0,0
0,0,0,0,0,0
0,0,0,0,0.0129764086022129,0.0314747340372765
0,0.000958648357965631,0.000907519050765062,0.00101235074549706,0,0
0,0,0,0,0,0
0,0,0,0,0,0
0,0,0,0,0,0
0,0,0,0,0,0
0,0,0,0,0,0
0,0,0,0,0,0
0,0,0,0,0,0
0,0,0,0,0,0
0,0,0,0,0,0
0,0,0,0,0,0
0,0,0,0,0,0
0,0,0,0,0,0
0,0,0,0,0,0
0,0,0,0.0155622282531271,0.0994254731528206,0.168341136222568
0,0,0,0,0,0
0,0,0,0,0,0
0,0,0,0,0,0
0,0,0,0,0,0
0,0,0,0,0,0
0,0,0,0,0,0
0,0,0,0,0,0
0,0,0,0,0,0
0,0,0,0,0,0
0,0,0,0,0,0
0,0,0,0,0,0
0,0,0,0,0,0
0,0,0,0,0,0
0,0,0,0,0,0
0,0,0,0,0,0
0,0,0,0,0,0
0,0,0,0,0,0
0,0,0,0,0,0
0,0,0,0,0,0
0,0,0,0,0,0
0,0,0,0,0,0
0,0,0,0,0,0
0,0,0,0,0,0
0,0,0,0,0,0
0,0,0,0,0,0
0,0,0,0,0,0
0,0,0,0,0,0
0,0,0,0,0,0
0,0,0,0,0,0
0,0,0,0,0,0
0,0,0,0,0,0
0,0,0,0,0,0
0,0,0,0,0,0
0,0,0,0,0,0
0,0,0,0,0,0
0,0,0,0,0,0
0,0,0,0,0,0
0,0,0,0,0,0
0,0,0,0,0,0
0,0,0,0,0,0
0,0,0,0,0,0
0,0,0,0,0,0
0,0,0,0,0,0
0,0,0,0,0,0
0,0,0,0,0,0
0,0,0,0,0,0
0,0,0,0,0,0
0,0,0,0,0,0
0,0,0,0,0,0
0,0,0,0,0,0
0,0,0,0,0,0
0,0,0,0,0,0
0,0,0,0,0,0
0,0,0,0,0,0
0,0,0,0,0,0
0,0.000711953123871495,0,0,0,0
0,0,0.00071537205023197,0,0,0
0,0,0.000788681892381348,0,0,0
0,0,0,0,0,0
0,0,0,0,0,0
0,0,0,0,0,0
0,0,0,0,0,0
0,0,0,0,0,0
0,0,0,0,0,0
0,0,0,0,0,0
0,0,0,0,0,0
0,0,0,0,0,0
0,0,0,0,0,0
0,0,0,0,0,0
0,0,0,0,0,0
0,0,0,0,0,0
0,0,0,0,0,0
0,0,0,0,0,0
0,0,0,0,0,0
0,0,0,0,0,0
0,0,0,0,0,0
0,0,0,0,0,0
0,0,0,0,0,0
0,0,0,0,0,0
0,0,0,0,0,0
0,0,0,0,0,0
0,0,0,0,0,0
0,0,0,0,0,0
0,0,0,0,0,0
0,0,0,0,0,0
0,0,0,0,0,0
0,0,0,0,0,0
0,0,0,0,0,0
0,0,0,0,0,0
0,0,0,0,0,0
0,0,0,0,0,0
0,0,0,0,0,0
0,0,0,0,0,0
0,0,0,0,0,0
0,0,0,0,0,0
0,0,0,0,0,0
0,0,0.000706942617488926,0,0,0
0,0,0,0,0,0
0,0,0,0,0,0
0,0,0,0,0,0
0,0,0,0,0,0
0,0,0,0,0,0
0,0,0,0,0,0
0,0,0,0,0,0
0,0,0,0,0,0
0,0,0,0,0,0
0,0,0,0,0,0
0,0,0,0,0,0
0,0,0,0,0,0
0,0,0,0,0,0
0,0,0,0,0,0
0,0,0,0,0,0
0,0,0,0,0,0
0,0,0,0,0,0
0,0,0,0,0,0
0,0,0,0,0,0
0,0,0,0,0,0
0,0,0,0,0,0
0,0,0,0,0,0
0,0,0,0,0,0
0,0,0,0,0,0
0,0,0,0,0,0
0,0,0,0,0,0
0,0,0,0,0,0
0,0,0,0,0,0
0,0,0,0,0,0
0,0,0,0,0,0
0,0,0,0,0,0
0,0,0,0,0,0
0.000699414175505742,0,0,0,0,0
0,0,0,0,0,0
0,0,0,0,0,0
0,0,0,0,0,0
0,0,0,0,0,0
0,0,0,0,0,0
0,0,0,0,0,0
0,0,0,0,0,0
0,0,0,0,0,0
0,0,0,0,0,0
0,0,0,0,0,0
0,0,0,0,0,0
0,0,0,0,0,0
0,0,0,0,0,0
0,0,0,0,0,0
0,0,0,0,0,0
0,0,0,0,0,0
0,0,0,0,0,0
0,0,0,0,0,0
0,0,0,0,0,0
0,0,0,0,0,0
0,0,0,0,0,0
0,0,0,0,0,0
0,0,0,0,0,0
0,0,0,0,0,0
0,0,0,0,0,0
0,0,0,0,0,0
0,0,0,0,0,0
0,0,0,0,0,0
0,0,0,0,0,0
0,0,0,0,0,0
0,0,0,0,0,0
0,0,0,0,0,0
0,0,0,0,0,0
0,0,0,0,0,0
0,0,0,0,0,0
0,0,0,0,0,0
0,0,0,0,0,0
0,0,0,0,0,0
0,0,0,0,0,0
0,0,0,0,0,0
0,0,0,0,0,0
0,0,0,0,0,0
0,0,0,0,0,0
0,0,0,0,0,0
0,0,0,0,0,0
0,0,0,0,0,0
0,0,0,0,0,0
0.000699414175505742,0,0,0,0,0
0.000699414175505742,0,0,0,0,0
0.000699414175505742,0,0,0,0,0
0,0,0,0,0,0
0,0,0,0,0,0
0,0,0,0,0,0
0,0,0,0,0,0
0,0,0,0,0,0
0,0,0,0,0,0
0,0,0,0,0,0
0,0,0,0,0,0
0,0,0,0,0,0
0,0,0,0,0,0
0,0,0,0,0,0
0,0,0,0,0,0
0,0,0,0,0,0
0,0,0,0,0,0
0,0,0,0,0,0
0,0,0,0,0,0
0,0,0,0,0,0
0,0,0,0,0,0
0,0,0,0,0,0
0,0,0,0,0,0
0,0,0,0,0,0
0,0,0,0,0,0
0,0,0,0,0,0
0,0,0,0,0,0
0,0,0,0,0,0
0,0,0,0,0,0
0,0,0,0,0,0
0,0,0,0,0,0
0,0,0,0,0,0
0,0,0,0,0,0
0,0,0,0,0,0
0,0,0,0,0,0
0,0,0,0,0,0
0,0,0,0,0,0
0,0,0,0,0,0
0,0,0,0,0,0
0,0,0,0,0,0
0,0,0,0,0,0
0,0,0,0,0,0
0,0,0,0,0,0
0,0,0,0,0,0
0,0,0,0,0,0
0,0,0,0,0,0
0,0,0,0,0,0
0,0,0,0,0,0
0,0,0,0,0,0
0,0,0,0,0,0
0,0,0,0,0,0
0,0,0,0,0,0
0,0,0,0,0,0
0,0,0,0,0,0
0,0,0,0,0,0
0,0,0,0,0,0
0,0,0,0,0,0
0,0,0,0,0,0
0,0,0,0,0,0
0,0,0,0,0,0
0,0,0,0,0,0
0,0,0,0,0,0
0,0,0,0,0,0
0,0,0,0,0,0
0,0,0,0,0,0
0,0,0,0,0,0
0,0,0,0,0,0
0,0,0,0,0,0
0,0,0,0,0,0
0,0,0,0,0,0
0,0,0,0,0,0
0,0,0,0,0,0
0,0,0,0,0,0
0,0,0,0,0,0
0,0,0,0,0,0
0,0,0,0,0,0
0,0,0,0,0,0
0,0,0,0,0,0
0,0,0,0,0,0
0,0,0,0,0,0
0,0,0,0,0,0
0,0,0,0,0,0
0,0,0,0,0,0
0,0,0,0,0,0
0,0,0,0,0,0
0,0,0,0,0,0
0,0,0,0,0,0
0,0,0,0,0,0
0,0,0,0,0,0
0,0,0,0,0,0
0.000699414175505742,0,0,0,0,0
0.000699414175505742,0,0,0,0,0
0,0,0,0,0,0
0,0,0,0,0,0
0,0,0,0,0,0
0,0,0,0,0,0
0,0,0,0,0,0
0,0,0,0,0,0
0,0,0,0,0,0
0,0,0,0,0,0
0,0,0,0,0,0
0,0,0,0,0,0
0,0,0,0,0,0
0,0,0,0,0,0
0,0,0,0,0,0
0,0,0,0,0,0
0,0,0,0,0,0
0,0,0,0,0,0
0,0,0,0,0,0
0,0,0,0,0,0
0,0,0,0,0,0
0,0,0,0,0,0
0,0,0,0,0,0
0,0,0,0,0,0
0,0,0,0,0,0
0,0,0,0,0,0
0,0,0,0,0,0
0.000699414175505742,0,0,0,0,0
0,0,0,0,0,0
0,0,0,0,0,0
0,0,0,0,0,0
0,0,0,0,0,0
0,0,0,0,0,0
0,0,0,0,0,0
0,0,0,0,0,0
0,0,0,0,0,0
0,0,0,0,0,0
0,0,0,0,0,0
0,0,0,0,0,0
0,0,0,0,0,0
0,0,0,0,0,0
0,0,0,0,0,0
0,0,0,0,0,0
0.000699414175505742,0,0,0,0,0
0,0,0,0,0,0
0,0,0,0,0,0
0,0,0,0,0,0
0,0,0,0,0,0
0,0,0,0,0,0
0,0,0,0,0,0
0,0,0,0,0,0
0,0,0,0,0,0
0,0,0,0,0,0
0,0,0,0,0,0
0,0,0,0,0,0
0,0,0,0,0,0
0,0,0,0,0,0
0,0,0,0,0,0
0,0,0,0,0,0
0.000699414175505742,0,0,0,0,0
0,0,0,0,0,0.00207875117296666
0,0,0,0,0,0
0,0,0,0,0,0
0,0,0,0,0,0
0,0,0,0,0,0
0,0,0,0,0,0
0,0,0,0,0,0
0,0,0,0,0,0
0,0,0,0,0,0
0,0,0,0,0.001005884904964,0.00267836695522718
0.000699414175505742,0,0,0,0,0
0,0,0,0,0,0
0,0,0,0,0,0
0,0,0,0,0,0
0,0,0,0,0,0
0,0,0,0,0,0
0,0,0,0,0,0
0,0,0,0,0,0
0.000699414175505742,0,0,0,0,0
0.000699414175505742,0,0,0,0,0
0,0,0,0,0,0
0,0,0,0,0,0
0,0,0,0,0,0
0,0,0,0,0,0
0,0,0,0,0,0
0,0,0,0,0,0
0,0,0,0,0,0
0.000699414175505742,0,0,0,0,0
0,0,0,0,0,0
0,0,0,0,0,0
0,0,0,0.0961109752272464,0.344130266012627,0.518591715580376
0,0,0,0,0,0
0,0,0,0,0,0
0,0,0,0,0.00100588934290682,0.00268818388960796
0,0,0,0,0,0
0,0,0,0,0,0
0,0,0,0,0,0
0,0,0,0,0,0
0,0,0,0,0,0
0,0,0,0,0,0
0,0,0,0,0,0
0,0,0,0,0,0
0,0,0,0.166543806408304,0.597714870272956,0.875883408497416
0,0,0,0,0,0
0,0,0,0,0,0
0,0,0,0,0,0
0.000699414175505742,0,0,0,0,0
0,0,0,0,0,0
0,0,0,0,0,0
0,0,0,0,0,0
0,0,0,0,0,0
0,0,0,0,0,0
0,0,0,0,0,0
0,0,0,0,0,0
0,0,0,0,0,0
0,0,0,0,0,0
0,0,0,0,0,0
0,0,0,0,0,0
0,0,0,0,0,0
0,0,0,0,0,0
0,0,0,0,0,0
0,0,0,0,0,0
0,0,0,0,0,0
0,0,0,0,0,0
0,0,0,0,0,0
0,0,0,0,0,0
0,0,0,0,0,0
0,0,0,0,0,0
0,0,0,0,0,0
0,0,0,0,0,0
0,0,0,0.00931866629420401,0.029842232591279,0.0379396601673141
0,0,0,0,0,0
0,0,0,0,0,0
0.000699414175505742,0,0,0,0,0
0,0,0,0,0,0
0,0,0,0,0,0
0,0,0,0,0,0.00210090784046729
0,0,0,0.0899418420968209,0.34754351281269,0.524651806894349
0,0,0,0.304683050533095,0.874659566520581,1
0,0,0,0,0,0.00209863439118969
0,0,0,0,0,0
0,0,0,0,0,0
0,0,0,0,0,0
0,0,0,0,0,0
0,0,0,0,0,0
0,0,0,0,0,0
0,0,0,0,0,0
0,0,0,0,0,0
0,0,0,0,0,0
0,0,0,0,0,0
0,0,0,0,0,0
0,0,0,0,0,0
0.000699414175505742,0,0,0,0,0
0.000699414175505742,0,0,0,0,0
0.000699414175505742,0,0,0,0,0
0,0,0,0,0,0
0,0,0,0,0,0
0,0,0,0,0,0
0,0,0,0,0,0
0,0,0,0,0,0
0,0,0,0,0,0
0,0,0,0,0,0
0,0,0,0,0,0
0,0,0,0,0,0
0,0,0,0.0142611046941872,0.0828274605161821,0.132263103764972
0,0,0,0.0131704138059152,0.0670446052820663,0.0883092652962674
0,0,0,0,0,0
0,0,0,0,0,0
0,0,0,0,0,0
0,0,0,0,0,0
0.000699414175505742,0,0,0,0,0
0,0,0,0,0,0
0,0,0,0,0.000942851839871905,0.00420212188388526
0,0,0,0,0,0
0,0,0,0,0,0
0,0,0,0,0,0
0,0,0,0,0,0
0,0,0,0,0,0
0,0,0,0,0,0
0,0,0,0,0,0
0,0,0,0,0,0
0,0,0,0,0,0
0,0,0,0,0,0
0.000699414175505742,0,0,0,0,0
0,0,0,0,0,0
0,0,0,0,0,0
0,0,0,0,0,0
0,0,0,0,0,0
0,0,0,0,0,0
0,0,0,0,0,0
0,0,0,0,0,0
0,0,0,0,0,0
0,0,0,0,0,0
0,0,0,0,0,0
0,0,0,0,0,0
0,0,0,0,0,0
0,0,0,0,0,0
0,0,0,0,0,0
0,0,0,0,0,0
0,0,0,0,0,0
0,0,0,0,0,0
0,0,0,0,0,0
0,0,0,0,0,0
0,0,0,0,0,0
0,0,0,0,0,0
0,0,0,0,0,0
0,0,0,0,0,0
0,0,0,0,0,0
0,0,0,0,0,0
0,0,0,0,0,0
0,0,0,0,0,0
0,0,0,0,0,0
0,0,0,0,0,0
0,0,0,0,0,0
0.0010381124956069,0.000988085326453126,0.00113536091106577,0.000886246653860557,0,0
0.00236936499541233,0.00230249409119842,0.00245566458647777,0.00175697753126108,0.00197211685059453,0.00241709757252291
0.113489195913083,0.149023488971706,0.18289346480024,0.212813373598712,0.1784024702268,0.139044510675556
0.247768961611744,0.288897214307749,0.327768878091945,0.469646478380788,0.626963970342637,0.734275291898391
0.0471328832145119,0.0342084052918928,0.0324465872619347,0.0288931579440178,0.0140412669583092,0.0124713664623574
1,1,1,1,1,1
0.0616775207925821,0.0475416618646158,0.0470056895092842,0.0301334618487194,0.0165204808744493,0.0138729151850476
0.00101926703905136,0.000976426319542847,0.00111623862568996,0.000836868321617803,0,0
0.00156237316157934,0.00128665287272261,0.00110447320766339,0,0,0
0.00512946100383237,0.00457057911505589,0.004273581400687,0.00264598067876285,0.00227125876644556,0.00257376498576935
0.031223588357877,0.0313219221286914,0.0302942155007603,0.0203324685915988,0.00978573720017539,0.00842087108715763
0.0476986569624808,0.0479469606168172,0.0463209798671524,0.0296365757550937,0.0192100566859925,0.0122683450704163
0.0962933517957893,0.109671574191199,0.116168665458351,0.0620559310651441,0.0189245327463916,0.0102221842578382
0.0169657640654401,0.0145941037153477,0.0139946830304917,0.00750362012651101,0.00267365674749107,0.00152376346404678
0.0271478739766789,0.0317030835452506,0.0348332580187539,0.0184634248783283,0.00607894225389357,0.00340653444777162
0.0219160176647497,0.0198439517878678,0.018997149131395,0.00976992945818593,0.00354239132080418,0.00212686719764332
0,0,0,0,0,0
0.0245966588729843,0.0249049685394422,0.0234155191945636,0.0143584154827883,0.00840150141694754,0.00692382534205709
0.00286793862176707,0.00378583772475843,0.00435566655266478,0.00360320456405198,0.00226435861288202,0.00460104781307626
0,0,0,0,0,0
0.000699414175505742,0,0,0,0,0
0,0,0,0,0,0
0.000699414175505742,0.000699414175505742,0.000699414175505742,0.000699414175505742,0.000699414175505742,0.000699414175505742
0.000699414175505742,0.000699414175505742,0.000699414175505742,0,0,0
0.000699414175505742,0.000699414175505742,0.000699414175505742,0.000699414175505742,0.000699414175505742,0.000699414175505742
0.000699414175505742,0.000699414175505742,0.000699414175505742,0.000699414175505742,0,0
0.00797652275053244,0.0103137442160092,0.0116998047831871,0.006155734155199,0.00151018641914463,0.000699414175505742
0.0203918273383111,0.0201898614973687,0.0201817732145465,0.0106227654478219,0.00335934470070767,0.00167816669944936
0.00611979524385277,0.00896074211128315,0.0114358265647568,0.00777628500963355,0.00180144276008633,0.000699414175505742
0.00705969534714271,0.0109468506353337,0.0149436866786303,0.0134398322366787,0.00301855584392533,0.000699414175505742
0.125166750375867,0.135379211249579,0.137313753149999,0.0717194870665089,0.0245821775932051,0.015571573211544
0.0151687726338733,0.0129834858552111,0.011970911211987,0.00634270564919044,0.00238754237973805,0.0014380717393924
0.00721946138428185,0.00693766408045441,0.00679087141496942,0.00331198185538616,0.000877871005318599,0
0.0155073731453242,0.0136653288806076,0.0127417800097784,0.00648400694998238,0.00252434986440312,0.00152599171471907
0.0066182128240962,0.0069983465938907,0.0070871465833516,0.00346359944320709,0.000852053944890807,0
0.0202042056901552,0.0210977956172285,0.0209524830333929,0.0130360194911823,0.00682711129087608,0.00570133920257843
0.0127920751878308,0.0152387358755876,0.0165061886173967,0.00756846922889612,0.0017509914552041,0.000699414175505742
0.014597070534562,0.0172747238131195,0.0189549135699767,0.0106665555461645,0.00230499693984523,0.000699414175505742
0.0278910535539728,0.0279130664165385,0.0267952082746216,0.0173877111396245,0.0114733076929993,0.0101549905853339
0,0,0,0,0,0
0.00271244834614482,0.00357686406435148,0.00407454197858097,0.00207281032691777,0.000699414175505742,0.000699414175505742
0.00393423007291073,0.00519044074011388,0.00600061076759025,0.00324003601904861,0.000823484275479609,0.000699414175505742
0.00073740892825777,0.00086013184457496,0.000847365036544379,0.000699414175505742,0.000699414175505742,0.000699414175505742
0.00214499385570921,0.00215711419175944,0.00211624914364385,0.0010253377016051,0,0
0.000852926574370412,0.000819760718177915,0.000721015345726853,0,0,0
0.000699414175505742,0,0,0,0,0
0.00890781480153033,0.00922222126002017,0.00851745271370297,0.00614088718310849,0.00291975215025207,0.00222069053843933
0.0185954551453569,0.0139050488970128,0.0129258451253279,0.00930274968710761,0.00628577108827302,0.00730557567762771
0.0155092001840076,0.0125505877031097,0.0120795589797736,0.00693043791976447,0.00315279255740529,0.00222761422749019
0,0,0,0,0,0
0,0,0,0,0,0
0,0,0,0,0,0
0,0,0,0,0,0
0,0,0,0,0,0
0.0157298229334263,0.0159127925780648,0.0151637814527365,0.0095961329845785,0.00576763161131983,0.00342998441565682
0.010467011567015,0.011595143740232,0.0114447625175616,0.00371904269255106,0.000989273672053308,0.000699414175505742
0.00185953080129286,0.00201400683836502,0.0017932225177348,0.00105862304083031,0.000699414175505742,0.000699414175505742
0.00504814695367838,0.00519233051771273,0.00481891821945144,0.0019158751860272,0.000829434836590759,0.000699414175505742
0.00598315083054447,0.00465663683594039,0.00408505115708664,0.00305269807101829,0.00202698199843316,0.00155272788721569
0,0,0,0,0,0
0,0,0,0,0,0
0,0,0,0,0,0
0,0,0,0,0,0
0,0,0,0,0,0
0,0,0,0,0,0
0,0,0,0,0,0
0,0,0,0,0,0
0.0170538719204835,0.0192802319176923,0.0196329996365817,0.0101862151261888,0.00234590562806342,0.000699414175505742
0,0,0,0,0,0
0,0,0,0,0,0
0,0,0,0,0,0
0,0,0,0,0,0
0,0,0,0,0,0
0,0,0,0,0,0
0.011412278833448,0.013405540262791,0.0141526569656201,0.00633712100725626,0.00159446981877643,0.000699414175505742
1,1,1,1,1,1
0.0204524054873365,0.0321232978016972,0.0421967573460555,0.0440487248697742,0.0190190509632165,0.0159238214228772
0.0176234811279613,0.0153591280448148,0.0149595532799957,0.00819030147092921,0.0032195235029604,0.00200135325385687
0,0,0,0,0,0
0.000699414175505742,0,0,0,0,0
0.000699414175505742,0,0,0,0,0
0.0108591246998846,0.00814356126449312,0.0075340614943617,0.00515046221266057,0.00322392082182922,0.00256237552410846
0.000699414175505742,0.000721415905699433,0.000699414175505742,0.000699414175505742,0.000699414175505742,0
0.0152038694835652,0.0152821920501409,0.0146416862202191,0.00724507113224711,0.00456710647400913,0.00375789142816613
0.0151171625933268,0.0141703919903547,0.0138078090517294,0.00708890218824126,0.00158861073048726,0
0.00475397554978027,0.0048445384852334,0.00488507641838744,0.00234736249617666,0,0
0,0,0,0,0,0
0.000699414175505742,0,0,0,0,0
0.000699414175505742,0.000699414175505742,0.000699414175505742,0.000699414175505742,0.000699414175505742,0.000699414175505742
0.0188556874532126,0.016645662760531,0.0151734710552121,0.00753196849290272,0.00269300301960518,0.00151785053805174
0.0164712471168134,0.0164569093487065,0.015752158412831,0.0102103972466302,0.00466870746891157,0.00382321201778838
0.0127122559150133,0.0127353844892842,0.0121279739790041,0.00785216423179414,0.00496678184120523,0.00408625504292998
0,0,0,0,0,0
0,0,0,0,0,0
0,0,0,0,0,0
0,0,0,0,0,0
0,0,0,0,0,0
0,0,0,0,0,0
0.000699414175505742,0.000699414175505742,0.000699414175505742,0.000699414175505742,0.000699414175505742,0.000699414175505742
0,0,0,0,0,0
0.00835345041685018,0.0065775559843133,0.00587714033045505,0.00340294558242428,0.000875190487069322,0.000699414175505742
0.0022905671498473,0.00242445276315224,0.00219942373417639,0.00128814246881513,0,0
0,0,0,0,0,0
0,0,0,0,0,0
0,0,0,0,0,0
0,0,0,0,0,0
0.00465383155070464,0.00472431856183742,0.00441483897050488,0.00176975197789778,0.00073904588747731,0.000699414175505742
0.00123156032682382,0.00135394083994539,0.0012226356942028,0.000734502717030944,0,0
0.000699414175505742,0,0,0,0,0
0.000699414175505742,0,0,0,0,0
0.00986974382128872,0.00725084121775452,0.00665749178727395,0.00422418953676959,0.00249870173684696,0.00192616151723639
0.00712364081207397,0.00765389840828796,0.00726020487674544,0.00227722675731051,0.000713063141139515,0.000699414175505742
0.00471183821449009,0.00547144675794047,0.00530040926270772,0.00206712287672646,0,0
0,0,0,0,0,0
0.000699414175505742,0,0,0,0,0
0.00568610126138333,0.00572879026614114,0.00542614484250345,0.00344661341221843,0.000886761286130389,0.000699414175505742
0.0132865598444816,0.0120013920126552,0.0110945635769132,0.00451954166060022,0.00108039488442275,0
0.0060575991137558,0.00589396385205241,0.00594067735471694,0.00286006343286239,0.000730351614547896,0
0.00290117172003171,0.00287252385587189,0.00279849373219503,0.00126835000840239,0,0
0,0,0,0,0,0
0,0,0,0,0,0
0,0,0,0,0,0
0,0,0,0,0,0
0.0133024501389589,0.0158553725401824,0.0173568684723195,0.0140852461234822,0.00615356203813084,0.00713543811326773
0,0,0,0,0,0
0,0,0,0,0,0
0,0,0,0,0,0
0,0,0,0,0,0
0.000750077454192166,0.000701920867672104,0,0,0,0
0,0,0,0,0,0
0.00724564645516211,0.00730190281761115,0.00693771824128032,0.00448298259046927,0.00256902256924407,0.00192804602583474
0.00651542793407761,0.00673630291967718,0.00644680904892853,0.00411958206085437,0.0023913133087442,0
0,0,0,0,0,0
0,0,0,0,0,0
0,0,0,0,0,0
0,0,0,0,0,0
0.000699414175505742,0,0,0,0,0
0.00109882052642502,0.00107418422101015,0.000967799520836959,0,0,0
0.000699414175505742,0,0,0,0,0
0,0,0,0,0,0
0.0107593844870228,0.00854295822463068,0.00798833113351285,0.00488570063467306,0.00275886531393687,0.00210955388730082
0.000699414175505742,0,0,0,0,0
0,0,0,0,0,0
0,0,0,0,0,0
0,0,0,0,0,0
0,0,0,0,0,0
0,0,0,0,0,0
0.018301159696355,0.0205149322710785,0.0209633012596047,0.0107228479780893,0.00237743758839917,0.000699414175505742
0.00490137141825292,0.00399066134427667,0.00349740203761989,0.00175375103259525,0.000723333792275076,0.000699414175505742
0.00331651156050703,0.00306970781704382,0.00287635632226601,0.0013804343007627,0,0
0,0,0,0,0,0
0,0,0,0,0,0
0.00367178575339792,0.00365393160882495,0.00361298068283662,0.00169152849406944,0,0
0,0,0,0,0,0
0,0,0,0,0,0
0,0,0,0,0,0
0,0,0,0,0,0
0.000699414175505742,0,0,0,0,0
0.00186391535813559,0.00165987844522912,0.00154648430237453,0.000925266643936503,0,0
0.00784789090398914,0.00629627947679934,0.00562152278184897,0.00317213363255078,0.000835693548255848,0.000699414175505742
0,0,0,0,0,0
0,0,0,0,0,0
0,0,0,0,0,0
0,0,0,0,0,0
0.00323777441528403,0.00332588618767423,0.00344479923248843,0.00168775824903061,0,0
0,0,0,0,0,0
0.00536196445442769,0.00456144008274722,0.00440302973885023,0.00180412926831119,0,0
0,0,0,0,0,0
0.00218484633204694,0.00232856127608056,0.00211462664713736,0.00115457547116485,0,0
0,0,0,0,0,0
0,0,0,0,0,0
0.00545155174932766,0.00408932634547397,0.00365879375597615,0.00149125076200092,0,0
0.00663166445817267,0.00503610654938617,0.00454434853676109,0.00176694892559828,0,0
0,0,0,0,0,0
0,0,0,0,0,0
0,0,0,0,0,0
0,0,0,0,0,0
0,0,0,0,0,0
0,0,0,0,0,0
0,0,0,0,0,0
0,0,0,0,0,0
0,0,0,0,0,0
0,0,0,0,0,0
0.000699414175505742,0,0,0,0,0
0.000699414175505742,0,0,0,0,0
0.000699414175505742,0,0,0,0,0
0,0,0,0,0,0
0,0,0,0,0,0
0,0,0,0,0,0
0.000699414175505742,0.000699414175505742,0.000699414175505742,0,0,0
0.00163388339737264,0.00169653931098554,0.00173499689857244,0.000817232566648354,0,0
0,0,0,0,0,0
0.0078936748971084,0.00648118673849252,0.00604399367053552,0.00357505682096709,0.000953064767941462,0.000699414175505742
0.00448733269595875,0.00388216372959695,0.00351147325668305,0.00177537734045166,0,0
0.00269121996190119,0.0028664892351714,0.00259918136192389,0.0015047693030273,0,0
0,0,0,0,0,0
0.00188863790503037,0.00178334269374783,0.00164858653631996,0.000824647239219227,0,0
0.00718977720790864,0.00649041257019317,0.00602809561460609,0.00240513896360069,0,0
0,0,0,0,0,0
0,0,0,0,0,0
0,0,0,0,0,0
0,0,0,0,0,0
0,0,0,0,0,0
0.00150831195971208,0.00170478026156123,0.00156372398263911,0.00083034077971241,0,0
0,0,0,0,0,0
0,0,0,0,0,0
0,0,0,0,0,0
0,0,0,0,0,0
0.00186582441523848,0.00251910971034314,0.0029276622571873,0.00155427690655973,0.000699414175505742,0.000699414175505742
0.00837660079652326,0.00716830992184036,0.00659042282402696,0.00277085651253133,0.00111177872986682,0.000699414175505742
0,0,0,0,0,0
0,0,0,0,0,0
0,0,0,0,0,0
0,0,0,0,0,0
0,0,0,0,0,0
0,0,0,0,0,0
0,0,0,0,0,0
0,0,0,0,0,0
0,0,0,0,0,0
0,0,0,0,0,0
0,0,0,0,0,0
0,0,0,0,0,0
0,0,0,0,0,0
0.003091909283226,0.00286512074162721,0.00268218069377413,0.00170524051492663,0.000699414175505742,0.000699414175505742
0,0,0,0,0,0
0.00261041908011123,0.00288898633984439,0.00296322335803075,0.00176486842078062,0,0
0.0134728566058557,0.0119237922420919,0.0112201472370279,0.00773515843264666,0.00348322284146448,0.00226723599252339
0,0,0,0,0,0
0,0,0,0,0,0
0.00134640550280407,0.00133977027071402,0.00126497708040682,0,0,0
0.00282384869519643,0.00316707959308969,0.00300359372574938,0.00163121688564116,0,0
0,0,0,0,0,0
0,0,0,0,0,0
0,0,0,0,0,0
0,0,0,0,0,0
0.00309747946045444,0.00348929184868991,0.00336391567524054,0.00179202420352069,0,0
0.0086467523853231,0.00971895003426883,0.00995064259832542,0.00417829159852038,0.00112696492185997,0.000699414175505742
0,0,0,0,0,0
0.00461365611719197,0.00609378022535713,0.00674795343385113,0.00291423955579506,0.000701968905522367,0
0.000699414175505742,0,0,0,0,0
0,0,0,0,0,0
0,0,0,0,0,0
0,0,0,0,0,0
0,0.000707462622591995,0.00091640229266666,0,0,0
0.00422862528184558,0.00762733105107521,0.0114861609747216,0.0102761749018769,0.00238579577951929,0.00212121558793448
0,0,0,0,0,0
0,0,0,0,0,0
0.0016039359400655,0.00194133519698808,0.00155708674016332,0.000859909164914237,0.000699414175505742,0.000699414175505742
0.00145449385968492,0.00128870693839841,0.00122191763179827,0,0,0
0.000699414175505742,0,0,0,0,0
0,0,0,0,0,0
0,0,0,0,0,0
0,0,0,0,0,0
0,0,0,0,0,0
0.00241488617786067,0.00266018221729764,0.00283647440070364,0.00146560013102376,0,0
0,0,0,0,0,0
0.000702396855561075,0.00114383971967078,0.0015218605071562,0.000966514732409331,0.000699414175505742,0.000699414175505742
0,0,0,0,0,0
0,0,0,0,0,0
0,0,0,0,0,0
0,0,0,0,0,0
0,0,0,0,0,0
0,0,0,0,0,0
0,0,0,0,0,0
0,0,0,0,0,0
0,0,0,0,0,0
0,0,0,0,0,0
0,0,0,0,0,0
0,0,0,0,0,0
0.00602258296032433,0.00710775820945206,0.00735115096876209,0.00360348137612663,0.000906040837459832,0.000699414175505742
0,0.000728038401943094,0.00114752350413396,0.000828932695308245,0,0
0.00332569962668024,0.00350291865020941,0.00360089342776787,0.00179843715084677,0.000699414175505742,0.000699414175505742
0.00256990341434258,0.0023247233226645,0.00225897759195801,0.00118511283203938,0.000699414175505742,0.000699414175505742
0.00280868768831582,0.00271453439685377,0.00261114426179582,0.00129384535880689,0,0
0,0,0,0,0,0
0.0098921239182655,0.0146792968794285,0.0205566973897511,0.0197508335758324,0.00473859368576825,0.00117744647944007
0,0,0,0,0,0
0.000740513226074821,0.000816926318054599,0,0,0,0
0,0,0,0,0,0
0,0,0,0,0,0
0.0163454844726225,0.0189098732420462,0.0201019561630301,0.0101579573414638,0.00217532799283769,0.000699414175505742
0,0,0,0,0,0
0,0,0,0,0,0
0,0,0,0,0,0
0.00157320017915748,0.00188790915771021,0.00194571411619923,0.000746322859471346,0,0
0.0011823911735368,0.00105980291132333,0.00098899405598002,0,0,0
0,0,0,0,0,0
0,0,0,0,0,0
0,0,0,0,0,0
0,0,0,0,0,0
0,0,0,0,0,0
0,0,0,0,0,0
0,0,0,0,0,0
0,0,0,0,0,0
0,0,0,0,0,0
0,0,0,0,0,0
0,0,0,0,0,0
0,0,0,0,0,0
0,0,0,0,0,0
0.00215215555915866,0.00310875287882316,0.0037561678693464,0.00170808609181683,0,0
0.000936607603941492,0.000850649624575979,0.000769525930541544,0,0,0
0.00802275222751069,0.00943076091499465,0.0105569043186873,0.00610024691354122,0.00129026855015463,0
0.00192018101674166,0.00279820800102259,0.00371261630731002,0.00277769099788436,0,0
0,0,0,0,0,0
0.00114048316907138,0.00103742652044634,0.00101528647597959,0,0,0
0,0,0,0,0,0
0,0,0,0,0,0
0.000919278672458185,0.00101385882744419,0.00107010094092183,0.000745227321638071,0,0
0.00117179557416929,0.00148055584203754,0.00184671191471625,0.001738531252057,0,0
0,0,0,0,0,0
0.0126600290056354,0.0138853853108756,0.0162736754682273,0.00930525059829295,0.0019047513346299,0
0,0,0,0,0,0
0.000836707546466199,0.000757845229284567,0,0,0,0
0,0,0,0,0,0
0,0,0,0,0,0
0,0,0,0,0,0
0.00154550400118392,0.00159420007028153,0.00155108268722104,0.000717877713953116,0,0
0.000699414175505742,0,0,0,0,0
0.00241343442330197,0.00297755971227822,0.00340991359508325,0.00191604392147642,0,0
0,0,0,0,0,0
0.00155733213148421,0.0017267663072726,0.0018275276948757,0.000912349851851255,0,0
0,0,0,0,0,0
0,0,0,0,0,0
0,0,0,0,0,0
0,0,0,0,0,0
0,0,0,0,0.00658275212703282,0.00718793372386134
0,0,0,0,0,0
0,0,0,0,0,0
0,0,0,0,0,0
0,0,0,0,0,0
0.000699414175505742,0,0,0,0,0
0.000699414175505742,0,0,0,0,0
0,0,0,0,0,0
0,0,0,0,0,0
0,0,0,0,0,0
0,0,0,0,0,0
0,0,0,0,0,0
0,0,0,0,0,0
0.000699414175505742,0,0,0,0,0
0.00214547573846953,0.00321700054211292,0.0043937234927375,0.00352907221209023,0.000863376552148928,0
0,0,0,0,0,0
0,0,0,0,0,0
0,0,0,0,0,0
0.000699414175505742,0.000699414175505742,0.000699414175505742,0.000699414175505742,0,0
0.000699414175505742,0,0,0,0,0
0,0,0,0,0,0
0,0,0,0,0,0
0,0,0,0,0,0
0,0,0,0,0,0
0,0,0,0,0,0
0,0,0,0,0,0
0,0,0,0,0,0
0,0,0,0,0,0
0,0,0,0,0,0
0,0,0,0,0,0
0.00583518833114178,0.00701230942552642,0.00802636108340043,0.00503506905966391,0.00119226480324412,0
0.0138897672045171,0.0171998402760485,0.0201069428936011,0.0127284902721641,0.00286364866502899,0.000699414175505742
0,0,0,0,0,0
0,0,0,0,0,0
0.002549663471402,0.00311191701310206,0.00360822963742766,0.00221795644860495,0,0
0.000983788324204983,0.000898823292432283,0.000728507936846232,0.000699414175505742,0.000699414175505742,0.000699414175505742
0,0,0,0,0,0
0,0,0,0,0,0
0,0,0,0,0,0
0,0,0,0,0,0
0.000699414175505742,0,0,0,0,0
0,0,0,0,0,0
0,0,0,0,0,0
0,0,0,0,0,0
0,0,0,0,0,0
0,0,0,0,0,0
0,0,0,0,0,0
0,0,0,0,0,0
0,0,0,0,0,0
0,0,0,0,0,0
0,0,0,0,0,0
0,0,0,0,0,0
0,0,0,0,0,0
0,0,0,0,0,0
0.000699414175505742,0,0,0,0,0
0.000699414175505742,0,0,0,0,0
0,0.000790927617150536,0.00118877606622166,0.000844831460252927,0,0
0,0,0,0,0,0
0.00200874086591741,0.00246576900988713,0.0029216540971651,0.00182174153901216,0,0
0.000727486304574243,0.000746263672435402,0.000792817736243031,0,0,0
0,0,0,0,0,0
0,0,0,0,0,0
0,0,0,0,0,0
0,0,0,0,0,0
0,0,0,0,0,0
0,0,0,0,0,0
0,0,0,0,0,0
0,0,0,0,0,0
0,0,0,0,0,0
0,0,0,0,0,0
0,0,0,0,0,0
0,0,0,0,0,0
0,0,0,0,0,0
0,0,0,0,0,0
0,0,0,0,0,0
0.000699414175505742,0,0,0,0,0
0.000699414175505742,0,0,0,0,0
0,0,0,0,0,0
0,0,0,0,0,0
0,0,0,0,0,0
0,0,0,0,0,0
0,0,0,0,0,0.00144274035319798
0,0,0,0,0,0
0,0,0,0,0,0
0,0,0,0,0,0
0,0,0,0,0,0
0,0,0,0,0,0
0,0,0,0,0,0
0,0,0,0,0,0
0,0,0,0,0,0
0,0,0,0,0,0
0,0,0,0,0,0
0,0,0,0,0,0
0,0,0,0,0,0
0,0,0,0,0,0
0,0,0,0,0,0
0,0,0,0,0,0
0,0,0,0,0,0
0,0,0,0,0,0
0,0,0,0,0,0
0,0,0,0,0,0
0,0,0,0,0,0
0,0,0,0,0,0
0,0,0,0,0,0
0,0,0,0,0,0
0,0,0,0,0,0
0,0,0,0,0,0
0,0,0,0,0,0
0,0,0,0,0,0
0,0,0,0,0,0
0,0,0,0,0,0
0,0,0,0,0,0
0,0,0,0,0,0
0,0,0,0,0,0
0,0,0,0,0,0
0,0,0,0,0,0
0,0,0,0,0,0
0.000699414175505742,0,0,0,0,0
0.000699414175505742,0,0,0,0,0
0,0,0,0,0,0
0,0,0,0,0,0
0,0,0,0,0,0
0,0,0,0,0,0
0,0,0,0,0,0
0,0,0,0,0,0
0,0,0,0,0,0.00144280538403179
0,0,0,0,0,0
0,0,0,0,0,0
0,0,0,0,0,0
0,0,0,0,0,0
0,0,0,0,0,0
0,0,0,0,0,0
0,0,0,0,0,0
0,0,0,0,0,0
0,0,0,0.0498797641940312,0.247396596095731,0.370814227100594
0,0,0,0,0,0
0,0,0,0,0,0
0,0,0,0,0,0
0,0,0,0.617061458447566,1,1
0,0,0,0,0,0
0,0,0,0,0,0
0,0,0,0,0,0
0,0,0,0,0,0
0,0,0,0,0,0
0,0,0,0,0,0
0,0,0,0,0,0
0,0,0,0,0,0
0,0,0,0,0,0
0,0,0,0,0,0
0,0,0,0,0,0
0,0,0,0,0,0
0,0,0,0,0,0
0,0,0,0,0,0
0,0,0,0,0,0
0,0,0,0,0,0
0,0,0,0,0,0
0,0,0,0,0,0
0,0,0,0,0,0
0,0,0,0,0,0
0,0,0,0,0,0
0,0,0,0,0,0
0,0,0,0,0,0
0.000699414175505742,0,0,0,0,0
0.000699414175505742,0,0,0,0,0
0,0,0,0,0,0
0,0,0,0,0,0
0,0,0,0,0,0
0,0,0,0,0,0
0,0,0,0,0,0
0,0,0,0,0,0
0,0,0,0,0,0
0,0,0,0,0,0
0,0,0,0,0,0
0,0,0,0.014296005485805,0.0702620622182492,0.0975976205576166
0,0,0,0,0,0
0,0,0,0,0,0
0,0,0,0,0,0
0,0,0,0,0,0
0,0,0,0,0,0
0,0,0,0,0,0
0,0,0,0,0,0
0,0,0,0,0,0
0,0,0,0,0,0
0,0,0,0,0,0
0,0,0,0,0,0
0,0,0,0,0,0
0,0,0,0,0,0
0,0,0,0,0,0
0,0,0,0,0,0
0,0,0,0,0,0
0,0,0,0,0,0
0,0,0,0,0,0
0,0,0,0,0,0
0,0,0,0,0,0
0,0,0,0,0,0
0,0,0,0,0,0
0,0,0,0,0,0
0,0,0,0,0,0
0,0,0,0,0,0
0,0,0,0,0,0
0,0,0,0,0,0
0,0,0,0,0,0
0,0,0,0,0,0
0,0,0,0.0146430033438113,0.101925448613744,0.153529281464386
0,0,0,0.296910076106311,0.93914279034172,1
0,0,0,0,0,0
0,0,0,0,0,0
0,0,0,0,0,0
0,0,0,0,0,0
0,0,0,0,0,0
0,0,0,0,0,0
0,0,0,0,0,0
0,0,0,0,0,0
0,0,0,0,0,0
0,0,0,0,0,0
0,0,0,0,0,0
0,0,0,0,0,0
0,0,0,0,0,0
0,0,0,0,0,0
0,0,0,0,0,0
0,0,0,0,0,0
0.000733172557126172,0.000706475204046414,0,0,0,0
0,0,0,0,0,0
0.000699414175505742,0,0,0,0,0
0,0,0,0,0,0
0,0,0,0,0,0
0,0,0,0,0,0
0,0,0,0,0,0
0,0,0,0,0.00181217917896397,0.00418330718510582
0,0,0,0,0,0
0,0,0,0,0,0
0,0,0,0,0,0
0,0,0,0,0,0
0,0,0,0,0,0
0,0,0,0,0,0
0,0,0,0,0,0
0,0,0,0,0,0
0,0,0,0,0,0
0,0,0,0,0,0
0,0,0,0,0,0
0,0,0,0,0,0
0,0,0,0,0,0
0.000699414175505742,0,0,0,0,0
0,0,0,0,0,0
0,0,0,0,0,0
0,0,0,0,0,0
0,0,0,0,0,0
0,0,0,0,0,0
0,0,0,0,0,0
0,0,0,0,0,0
0,0,0,0,0,0
0,0,0,0,0,0
0.00113382473910381,0.00137307808831105,0.00159879289186103,0.00137172145314243,0,0
0,0,0,0,0,0
0,0,0,0,0,0
0,0,0,0,0,0
0,0,0,0,0,0
0,0,0,0,0,0
0,0,0,0,0,0
0,0,0,0,0,0
0,0,0,0,0,0
0,0,0,0,0,0
0,0,0,0,0,0
0,0,0,0,0,0
0,0,0,0,0,0
0,0,0,0,0,0
0,0,0,0,0,0
0,0,0,0,0,0
0,0,0,0,0,0
0,0,0,0,0,0
0,0,0,0,0,0
0,0,0,0,0,0
0,0,0,0,0,0
0,0,0,0,0,0
0,0,0,0,0,0
0,0,0,0,0,0
0,0,0,0,0,0
0,0,0,0,0,0
0,0,0,0,0,0
0,0,0,0,0,0
0,0,0,0,0,0
0,0,0,0,0,0
0,0,0,0,0,0
0,0,0,0,0,0
0,0,0,0,0,0
0,0,0,0,0,0
0,0,0,0,0,0
0,0,0,0,0,0
0,0,0,0,0,0
0,0,0,0,0,0
0,0,0,0,0,0
0,0,0,0,0,0
0,0,0,0,0,0
0,0,0,0,0,0
0,0,0,0,0,0
0,0,0,0,0,0
0,0,0,0,0,0
0,0,0,0,0,0
0,0,0,0,0,0
0,0,0,0,0,0
0,0,0,0,0,0
0,0,0,0,0,0
0,0,0,0,0,0
0,0,0,0,0,0
0,0,0,0,0,0
0,0,0,0,0,0
0,0,0,0,0,0
0,0,0,0,0,0
0,0,0,0,0,0
0,0,0,0,0,0
0,0,0,0,0,0
0,0,0,0,0,0
0,0,0,0,0,0
0,0,0,0,0,0
0,0,0,0,0,0
0,0,0,0,0,0
0,0,0,0,0,0
0,0,0,0,0,0
0,0,0,0,0,0
0,0,0,0,0,0
0,0,0,0,0,0
0,0,0,0,0,0
0,0,0,0,0,0
0,0,0,0,0,0
0,0,0,0,0,0
0,0,0,0,0,0
0,0,0,0,0,0
0,0,0,0,0,0
0,0,0,0,0,0
0,0,0,0,0,0
0,0,0,0,0,0
0,0,0,0,0,0
0,0,0,0,0,0
0,0,0,0,0,0
0,0,0,0,0,0
0,0,0,0,0,0
0,0,0,0,0,0
0,0,0,0,0,0
0,0,0,0,0,0
0,0,0,0,0,0
0,0,0,0,0,0
0,0,0,0,0,0
0,0,0,0,0,0
0,0,0,0,0,0
0,0,0,0,0,0
0,0,0,0,0,0
0,0,0,0,0,0
0,0,0,0,0,0
0,0,0,0,0,0
0,0,0,0,0,0
0,0,0,0,0,0
0,0,0,0,0,0
0,0,0,0,0,0
0,0,0,0,0,0
0,0,0,0,0,0
0,0,0,0,0,0
0,0,0,0,0,0
0,0,0,0,0,0
0,0,0,0,0,0
0,0,0,0,0,0
0,0,0,0,0,0
0,0,0,0,0,0
0,0,0,0,0,0
0,0,0,0,0,0
0,0,0,0,0,0
0,0,0,0,0,0
0,0,0,0,0,0
0,0,0,0,0,0
0,0,0,0,0,0
0,0,0,0,0,0
0,0,0,0,0,0
0,0,0,0,0,0
0,0,0,0,0,0
0,0,0,0,0,0
0,0,0,0,0,0
0,0,0,0,0,0
0,0,0,0,0,0
0,0,0,0,0,0
0,0,0,0,0,0
0,0,0,0,0,0
0,0,0,0,0,0
0,0,0,0,0,0
0,0,0,0,0,0
0,0,0,0,0,0
0,0,0,0,0,0
0,0,0,0,0,0
0,0,0,0,0,0
0,0,0,0,0,0
0,0,0,0,0,0
0,0,0,0,0,0
0,0,0,0,0,0
0,0,0,0,0,0
0,0,0,0,0,0
0,0,0,0,0,0
0,0,0,0,0,0
0,0,0,0,0,0
0,0,0,0,0,0
0,0,0,0,0,0
0,0,0,0,0,0
0,0,0,0,0,0
0,0,0,0,0,0
0,0,0,0,0,0
0,0,0,0,0,0
0,0,0,0,0,0
0,0,0,0,0,0
0,0,0,0,0,0
0,0,0,0,0,0
0,0,0,0,0,0
0,0,0,0,0,0
0,0,0,0,0,0
0,0,0,0,0,0
0,0,0,0,0,0
0,0,0,0,0,0
0,0,0,0,0,0
0,0,0,0,0,0
0,0,0,0,0,0
0,0,0,0,0,0
0,0,0,0,0,0
0,0,0,0,0,0
0,0,0,0,0,0
0,0,0,0,0,0
0,0,0,0,0,0
0,0,0,0,0,0
0,0,0,0,0,0
0,0,0,0,0,0
0,0,0,0,0,0
0,0,0,0,0,0
0,0,0,0,0,0
0,0,0,0,0,0
0,0,0,0,0,0
0,0,0,0,0,0
0,0,0,0,0,0
0,0,0,0,0,0
0,0,0,0,0,0
0,0,0,0,0,0
0,0,0,0,0,0
0,0,0,0,0,0
0,0,0,0,0,0
0,0,0,0,0,0
0,0,0,0,0,0
0,0,0,0,0,0
0,0,0,0,0,0
0,0,0,0,0,0
0,0,0,0,0,0
0,0,0,0,0,0
0,0,0,0,0,0
0,0,0,0,0,0
0,0,0,0,0,0
0,0,0,0,0,0
0,0,0,0,0,0
0,0,0,0,0,0
0,0,0,0,0,0
0,0,0,0,0,0
0,0,0,0,0,0
0,0,0,0,0,0
0,0,0,0,0,0
0,0,0,0,0,0
0,0,0,0,0,0
0,0,0,0,0,0
0,0,0,0,0,0
0,0,0,0,0,0
0,0,0,0,0,0
0,0,0,0,0,0
0,0,0,0,0,0
0,0,0,0,0,0
0,0,0,0,0,0
0,0,0,0,0,0
0,0,0,0,0,0
0,0,0,0,0,0
0,0,0,0,0,0
0,0,0,0,0,0
0,0,0,0,0,0
0,0,0,0,0,0
0,0,0,0,0,0
0,0,0,0,0,0
0,0,0,0,0,0
0,0,0,0,0,0
0,0,0,0,0,0
0,0,0,0,0,0
0,0,0,0,0,0
0,0,0,0,0,0
0,0,0,0,0,0
0,0,0,0,0,0
0,0,0,0,0,0
0,0,0,0,0,0
0,0,0,0,0,0
0,0,0,0,0,0
0,0,0,0,0,0
0,0,0,0,0,0
0,0,0,0,0,0
0,0,0,0,0,0
0,0,0,0,0,0
0,0,0,0,0,0
0,0,0,0,0,0
0,0,0,0,0,0
0,0,0,0,0,0
0,0,0,0,0,0
0,0,0,0,0,0
0,0,0,0,0,0
0,0,0,0,0,0
0,0,0,0,0,0
0,0,0,0,0,0
0,0,0,0,0,0
0,0,0,0,0,0
0,0,0,0,0,0
0,0,0,0,0,0
0,0,0,0,0,0
0,0,0,0,0,0
0,0,0,0,0,0
0,0,0,0,0,0
0,0,0,0,0,0
0,0,0,0,0,0
0,0,0,0,0,0
0,0,0,0,0,0
0,0,0,0,0,0
0,0,0,0,0,0
0,0,0,0,0,0
0,0,0,0,0,0
0,0,0,0,0,0
0,0,0,0,0,0
0,0,0,0,0,0
0,0,0,0,0,0
0,0,0,0,0,0
0,0,0,0,0,0
0,0,0,0,0,0
0,0,0,0,0,0
0,0,0,0,0,0
0,0,0,0,0,0
0,0,0,0,0,0
0,0,0,0,0,0
0,0,0,0,0,0
0,0,0,0,0,0
0,0,0,0,0,0
0,0,0,0,0,0
0,0,0,0,0,0
0,0,0,0,0,0
0,0,0,0,0,0
0,0,0,0,0,0
0,0,0,0,0,0
0,0,0,0,0,0
0,0,0,0,0,0
0,0,0,0,0,0
0,0,0,0,0,0
0,0,0,0,0,0
0,0,0,0,0,0
0,0,0,0,0,0
0,0,0,0,0,0
0,0,0,0,0,0
0,0,0,0,0,0
0,0,0,0,0,0
0,0,0,0,0,0
0,0,0,0,0,0
0,0,0,0,0,0
0,0,0,0,0,0
0,0,0,0,0,0
0,0,0,0,0,0
0,0,0,0,0,0
0,0,0,0,0,0
0,0,0,0,0,0
0,0,0,0,0,0
0,0,0,0,0,0
0,0,0,0,0,0
0,0,0,0,0,0
0,0,0,0,0,0
0,0,0,0,0,0
0,0,0,0,0,0
0,0,0,0,0,0
0,0,0,0,0,0
0,0,0,0,0,0
0,0,0,0,0,0
0,0,0,0,0,0
0,0,0,0,0,0
0,0,0,0,0,0
0,0,0,0,0,0
0,0,0,0,0,0
0,0,0,0,0,0
0,0,0,0,0,0
0,0,0,0,0,0
0,0,0,0,0,0
0,0,0,0,0,0
0,0,0,0,0,0
0,0,0,0,0,0
0,0,0,0,0,0
0,0,0,0,0,0
0,0,0,0,0,0
0,0,0,0,0,0
0,0,0,0,0,0
0,0,0,0,0,0
0,0,0,0,0,0
0,0,0,0,0,0
0,0,0,0,0,0
0,0,0,0,0,0
0,0,0,0,0,0
0,0,0,0,0,0
0,0,0,0,0,0
0,0,0,0,0,0
0,0,0,0,0,0
0,0,0,0,0,0
0,0,0,0,0,0
0,0,0,0,0,0
0,0,0,0,0,0
0,0,0,0,0,0
0,0,0,0,0,0
0,0,0,0,0,0
0,0,0,0,0,0
0,0,0,0,0,0
0,0,0,0,0,0
0,0,0,0,0,0
0,0,0,0,0,0
0,0,0,0,0,0
0,0,0,0,0,0
0,0,0,0,0,0
0,0,0,0,0,0
0,0,0,0,0,0
0,0,0,0,0,0
0,0,0,0,0,0
0,0,0,0,0,0
0,0,0,0,0,0
0,0,0,0,0,0
0,0,0,0,0,0
0,0,0,0,0,0
0,0,0,0,0,0
0,0,0,0,0,0
0,0,0,0,0,0
0,0,0,0,0,0
0,0,0,0,0,0
0,0,0,0,0,0
0,0,0,0,0,0
0,0,0,0,0,0
0,0,0,0,0,0
0,0,0,0,0,0
0,0,0,0,0,0
0,0,0,0,0,0
0,0,0,0,0,0
0,0,0,0,0,0
0,0,0,0,0,0
0,0,0,0,0,0
0,0,0,0,0,0
0,0,0,0,0,0
0,0,0,0,0,0
0,0,0,0,0,0
0,0,0,0,0,0
0,0,0,0,0,0
0,0,0,0,0,0
0,0,0,0,0,0
0,0,0,0,0,0
0,0,0,0,0,0
0,0,0,0,0,0
0,0,0,0,0,0
0,0,0,0,0,0
0,0,0,0,0,0
0,0,0,0,0,0
0,0,0,0,0,0
0,0,0,0,0,0
0,0,0,0,0,0
0,0,0,0,0,0
0,0,0,0,0,0
0,0,0,0,0,0
0,0,0,0,0,0
0,0,0,0,0,0
0,0,0,0,0,0
0,0,0,0,0,0
0,0,0,0,0,0
0,0,0,0,0,0
0,0,0,0,0,0
0,0,0,0,0,0
0,0,0,0,0,0
0,0,0,0,0,0
0,0,0,0,0,0
0,0,0,0,0,0
0,0,0,0,0,0
0,0,0,0,0,0
0,0,0,0,0,0
0,0,0,0,0,0
0,0,0,0,0,0
0,0,0,0,0,0
0,0,0,0,0,0
0,0,0,0,0,0
0,0,0,0,0,0
0,0,0,0,0,0
0,0,0,0,0,0
0,0,0,0,0,0
0,0,0,0,0,0
0,0,0,0,0,0
0,0,0,0,0,0
0,0,0,0,0,0
0,0,0,0,0,0
0,0,0,0,0,0
0,0,0,0,0,0
0,0,0,0,0,0
0,0,0,0,0,0
0,0,0,0,0,0
0,0,0,0,0,0
0,0,0,0,0,0
0,0,0,0,0,0
0,0,0,0,0,0
0,0,0,0,0,0
0,0,0,0,0,0
0,0,0,0,0,0
0,0,0,0,0,0
0,0,0,0,0,0
0,0,0,0,0,0
0,0,0,0,0,0
0,0,0,0,0,0
0,0,0,0,0,0
0,0,0,0,0,0
0,0,0,0,0,0
0,0,0,0,0,0
0,0,0,0,0,0
0,0,0,0,0,0
0,0,0,0,0,0
0,0.000711813538305901,0,0,0,0
0,0.000735913908090169,0.000740441705951191,0,0,0
0,0,0,0,0,0
0.000699414175505742,0,0,0,0,0
0.00157254585902705,0.00261512124343875,0.00348304502757586,0.00281211583440763,0.000717849266327154,0
0.000929252977294192,0.00105373654679369,0.00120385175229373,0.000882851295442635,0.000699414175505742,0.000699414175505742
0.000996530423925561,0.00118272946042927,0.00142004437962337,0.00106750368577277,0.000699414175505742,0.000699414175505742
0.000935657746331635,0.00120816858209721,0.00152300943765576,0.00118968833453514,0.000699414175505742,0.000699414175505742
0.000940551912118464,0.00102858153406344,0.00109522375808623,0.00078762391557908,0.000699414175505742,0.000699414175505742
0.00102399850011997,0.00120304683906869,0.0013804346843099,0.00104956220870324,0.000699414175505742,0.000699414175505742
0.00180800642476134,0.00221355047812372,0.00329524767626306,0.0026211193740233,0.000805095335111977,0.000699414175505742
0.00155892277112445,0.00204606080373814,0.00256598848935894,0.00200330211554294,0,0
0,0,0,0,0,0
0,0.000981743704735416,0.00124950057717332,0.00095601200193169,0,0
0,0.000848043578211882,0.00128002246814846,0.00109404312683194,0.000699414175505742,0.000699414175505742
0.00222850273958223,0.00282934162170897,0.00338814626466767,0.00239697589836388,0,0
0.00269895463039609,0.00341243239886613,0.00505680366786869,0.00393912660640404,0.00122348055119863,0.000699414175505742
0.00181916130466444,0.00219346702020719,0.00252021310919076,0.00231485153406227,0,0
0.00413464209241786,0.00557044767226054,0.00614393701909651,0.00410927024943088,0.00101179328061713,0
0.00583531925959319,0.00576121044790696,0.00587069777052362,0.00376497651412342,0.00142346940882012,0.000699414175505742
0.00733766735759385,0.00784564846899161,0.00836403933340697,0.00525178108520443,0.00160222956714122,0
0.00475215485523838,0.00659144379913912,0.00752848784243826,0.00512249984388602,0.0015077436562653,0.000699414175505742
0.00374848451637856,0.00452591400733448,0.00516935229224406,0.00373318733195987,0.00115536490199385,0
0.00757052259482427,0.0100033066760875,0.0113605748441805,0.0072550591924803,0.0019753565132933,0.000699414175505742
0.0123950821867995,0.0153144824161399,0.0168988826193994,0.00945382870768867,0.00210904515228283,0
0.014353255545211,0.0150664221566735,0.0156567874172974,0.008659262942619,0.00240416358351875,0.000699414175505742
0.0144050223362417,0.0146291321936651,0.0150507376421732,0.00840580305731144,0.00254595304935732,0.000699414175505742
0.00477575035189718,0.00500247449412182,0.00543832340679759,0.00351976969296177,0.000964190396187227,0
0.00822755925129253,0.00709871796139049,0.00678938839067443,0.00320237002488967,0.000876587412780037,0
0.00708097087705831,0.00849868450266431,0.008897593090189,0.00363779368077798,0.000955267592509598,0
0.00294655043554613,0.0039539049525883,0.00456861821694309,0.00230019620580374,0,0
0,0,0,0,0,0
0,0,0,0,0,0
0.000759597887615553,0.00098907402662136,0.00109673429525826,0.000739758885479868,0,0
0.0028063669372877,0.00361273613509396,0.00372484104117309,0.00229721778487065,0,0
0.00361147263255326,0.00390734434675123,0.00433219738679341,0.00344738372952079,0.00101268825545209,0.000699414175505742
0.0069307911334669,0.00699751316132436,0.00724699178215634,0.00527531891028909,0.00124791066534664,0
0.00688156792409298,0.00907221373445597,0.0102471270606237,0.00628888951238219,0.00170449401101811,0.000699414175505742
0.00946134234702697,0.0082690701340578,0.00784609573690749,0.0048370200108403,0.00142240452024266,0.000699414175505742
0.0200671445567583,0.0190219455988236,0.0184181231979988,0.0105648041334322,0.0038870393568577,0.00213295798143323
0.0166682260199722,0.0161552109329656,0.0158657731726867,0.00898266052358835,0.00385077548800458,0.00214135824679313
0.0121757651245945,0.0120860538241776,0.0124058504415672,0.00675472793072043,0.00175972827245347,0
0,0,0,0,0,0
0.000770519754958122,0.000943889769975263,0.000882983151831163,0,0,0
0.00176170332120846,0.00166710369227225,0.00153374992694581,0.00087947086143645,0,0
0,0,0,0,0,0
0.000699414175505742,0,0,0,0,0
0.00133579269582604,0.00187690488248239,0.00229181366548064,0.0013792397993711,0.000699414175505742,0.000699414175505742
0.00404832110942079,0.00529265800971443,0.00586033064306638,0.00326530697342217,0.000728077500721806,0
0.00247252800734851,0.00245044114694463,0.00247397711727664,0.00137055792745115,0,0
0.00152518240594632,0.00149317185101789,0.00147473874161444,0.000783890677402214,0,0
0,0,0,0,0,0
0.000699414175505742,0,0,0,0,0
0.0024500722411813,0.00260652605706228,0.00273899507453967,0.00150727398722502,0.000699414175505742,0.000699414175505742
0.00283239618556937,0.0036756265569879,0.00406462245555294,0.00228917772742105,0.000699414175505742,0.000699414175505742
0,0,0,0,0,0
0,0,0,0,0,0
0.00158536164493187,0.00205830965808858,0.00224980338281826,0.00126483828236312,0.000699414175505742,0.000699414175505742
0.00115004891556956,0.00116322180163217,0.00117247134649842,0,0,0
0.00153110678540177,0.00159531725604931,0.00163237009897514,0.000835348010330052,0,0
0.0011892579332947,0.00152870332080416,0.00173789221722929,0.000980234293906159,0.000699414175505742,0.000699414175505742
0,0,0,0,0,0
0,0,0,0,0,0
0.00224998873646448,0.00227369887070404,0.00226856796731301,0.00119121714432367,0,0
0.00386718536864116,0.00352340713867251,0.00338086622076681,0.00172541208218573,0,0
0.00354303441612735,0.00331580486622999,0.00317331163030813,0.00204563860197732,0.000699414175505742,0
0.00305136523419652,0.00307198352715349,0.00300996344859699,0.00179345626247982,0.000699414175505742,0.000699414175505742
0.00105861900587533,0.0010494356686562,0.00102396026809785,0,0,0
0.000699414175505742,0.000699414175505742,0.000699414175505742,0.000699414175505742,0,0
0,0,0,0,0,0
0.000699414175505742,0,0,0,0,0
0.00112151578137575,0.00109323657994453,0.00106097592591968,0,0,0
0.00268762063431157,0.00335745490362076,0.00355413675959706,0.00183709080355579,0.000699414175505742,0.000699414175505742
0.0065302917469492,0.00531310944180261,0.0049635068836251,0.00206602300777714,0,0
0.00312105823427977,0.00256381972522694,0.00238280357289114,0.00125128581849126,0,0
0.00487549972817261,0.00441300962393875,0.00413048108267144,0.00215520323513591,0,0
0.00789454830973734,0.0085810566798259,0.00835793754842084,0.002708582369726,0.000718932492591214,0.000699414175505742
0,0,0,0,0,0
0,0,0,0,0,0
0,0,0,0,0,0
0,0,0,0,0,0
0.000699414175505742,0.000699414175505742,0.000699414175505742,0.000699414175505742,0,0
0.000699414175505742,0,0,0,0,0
0.000699414175505742,0.000699414175505742,0.000699414175505742,0.000699414175505742,0.000699414175505742,0.000699414175505742
0.00198665092505463,0.00185439939933821,0.00170538503649295,0.000823213604301802,0,0
0.00526628715487717,0.00614803173716265,0.00597306884310361,0.00306721115404707,0.000700222148491986,0
0.0107752780745421,0.00881034421245534,0.0080647773621538,0.00449481654676367,0.00109834476972849,0
0.00990001596280572,0.0105393509316194,0.0100851917446975,0.0057445308829034,0.00102326982430209,0.000699414175505742
0.00774865359881045,0.00835995159326945,0.00788701881488688,0.00449629902045387,0.000833889243243744,0.000699414175505742
0.00666568241878073,0.00733147614591322,0.00691417723594089,0.0026902803593473,0.000843241049859252,0.000699414175505742
0.00172132069520292,0.00137659489456558,0.0012926365426249,0,0,0
0.00662628838322446,0.00703160188147174,0.00676774195489185,0.00294674901839732,0.000707366333234762,0.000699414175505742
0.000699414175505742,0,0,0,0,0
0.000699414175505742,0,0,0,0,0
0.00113171791352925,0.00102649115138095,0.000842870257730928,0,0,0
0.0105222674995678,0.00955873354245284,0.00862519913671798,0.00412167921713246,0.000898474432152248,0.000699414175505742
0.0150442854113171,0.0132514379817314,0.0120547898079309,0.00905018970869211,0.00440688152544847,0.0021728393721878
0.0136057293483551,0.0112194724254981,0.0102048981873911,0.00638208364466136,0.00437968326859356,0.00229267403272221
0.0371980693721328,0.0308746487771339,0.0288299810700972,0.0192256922700024,0.013586282077237,0.0103301028740092
0,0,0,0,0,0
0,0,0,0,0,0
0,0,0,0,0,0
0.0456563651330754,0.041958012390975,0.0422114179814469,0.0284067313526326,0.0172725824678127,0.0117822420759371
0.0199798577596554,0.0172800371675292,0.0168004819331311,0.00920242801705849,0.0036706827437705,0.00260462689088085
0.00320504193540001,0.00359988505134143,0.00333731818160101,0.00126684218396274,0,0
0,0,0,0,0,0
0.000699414175505742,0,0,0,0,0
0.0155034265910671,0.0163859776139113,0.015611321509168,0.00919655545495067,0.00330521785271354,0.00229823693076544
0.00752198282214167,0.00792155878024925,0.00757601211643244,0.0045532073298496,0.00114072372728666,0.000699414175505742
0.000699414175505742,0,0,0,0,0
0,0,0,0,0,0
0.000729361142650787,0.00074384293245569,0,0,0,0
0.00110999342653231,0.00127342155042834,0.00107920599584751,0.000699414175505742,0,0
0,0,0,0,0,0
0.000699414175505742,0,0,0,0,0
0.000699414175505742,0,0,0,0,0
0.000699414175505742,0.000699414175505742,0.000699414175505742,0,0,0
0.000699414175505742,0,0,0,0,0
0.000699414175505742,0,0,0,0,0
0.0163428147286709,0.0131176701874375,0.0118058977906727,0.00764887974055375,0.00571686947191838,0.00437581265069772
0.161373586760166,0.149343944098585,0.144207387864323,0.114547085839059,0.0511839087341957,0.0335166950112018
0.00872332663841082,0.00720881385602325,0.00636620119450867,0.00272466123811859,0.000945315060560723,0.000699414175505742
0.00341598166473841,0.00321739666987183,0.00288158863050096,0.000900561729000095,0,0
0.0631677929475277,0.0610954563104941,0.0638668634050433,0.0360701132255487,0.0130769786580157,0.00799207438499197
0.0379212681020549,0.0402229115435839,0.0384899389733115,0.0167958624321136,0.00835255873803174,0.00647462141246442
0.0175980448314933,0.0182999529612638,0.0171615656330753,0.00747630824051247,0.00373729716686343,0.00283963830196677
0.0103115031501927,0.00841861290003709,0.00760320564017815,0.00401174990894634,0.00186867987330949,0.00135307776801024
0.00284274532340247,0.00252214252136116,0.00227598728193272,0.00101382312007323,0,0
0.000869693294613331,0.000798376177491235,0.00070341136057847,0,0,0
0.000750074007723667,0,0,0,0,0
0.848032509328385,1,1,1,0.328424246411106,0.126982688454678
0.000699414175505742,0,0,0,0,0
0.000699414175505742,0,0,0,0,0
0.00316966212735479,0.00341889173214741,0.00400962039028607,0.00269188468032179,0.00207745029309939,0.0018471213951017
0.0596009891338715,0.0452617857043148,0.041939292392633,0.0258738811243228,0.0150075008569663,0.0126685610894833
0.00967925109860458,0.0076854595371309,0.00657801297225579,0.00383568527723895,0.00106869344579642,0
0.0202688849277498,0.0157290393427264,0.0138883764451006,0.00839376665089748,0.00443081176589924,0.00334253748049072
0.0339063533560545,0.0257411229504219,0.0234061932150297,0.014366233331448,0.00811676871472648,0.00651425770077635
0,0,0,0,0,0
0.000713938676229416,0,0,0,0,0
0,0,0,0,0,0
0.00295195301979682,0.00315465182998173,0.00328301417711047,0.00166778440698604,0,0
0.00390078628016391,0.00478440818806518,0.00502173564529533,0.00246187419613424,0.000699414175505742,0.000699414175505742
0.00304731135898402,0.00402381422304697,0.00457257407789108,0.00238949441549686,0.000699414175505742,0.000699414175505742
0.00275275859402457,0.00385595936502108,0.00465057980674857,0.00271950610076364,0.000699414175505742,0.000699414175505742
0.000699414175505742,0,0,0,0,0
0.00199545767937057,0.00209271220764779,0.00261824048726423,0.00228426043239928,0.00203743033646135,0.00182763096790803
0.304638683659078,0.418831321007758,0.541804887507295,0.660109945422967,0.642527804461383,0.568912310504124
1,1,1,1,1,1
0.168657370301195,0.1462888480453,0.138380903774882,0.0802042627176962,0.0455518743696379,0.0350304236166812
0.699307461535076,0.862018400770152,0.982641408878556,0.619292891227526,0.152548806273132,0.0621716217994268
0.0185436661086818,0.0143598565181922,0.0128160050232569,0.0109940363744067,0.00646227123539141,0.00506864401183397
0.00997133303311251,0.00786601053326605,0.00676883008263152,0.0047125982824421,0.00402731265992401,0.0031331395248015
0.0133536170044555,0.0150549226773558,0.0157572670853321,0.00785390906687058,0.00157881054963486,0.000699414175505742
0.00609111481716328,0.00747456647713204,0.00802968434041085,0.00384062066825696,0.000940243940016309,0.000699414175505742
0.0102815353463822,0.00547336162318065,0.00444245741870835,0.00324147007447662,0.0023793330305577,0.00210957860164597
