0.0,-0.0,0.0,0.0,0.0,0.0
0.0,0.0021960883239706087,0.03032568823154331,0.02127248682607337,0.0029546433107807816,0.003970455095887866
0.0,-0.0,0.0,3.410605131648481e-13,0.0,0.0
0.0,0.0026043966657707004,0.03002923504037639,0.013496266520587847,0.0027746246205520193,0.0042227523697366985
0.0,-0.0,0.0,0.0,0.0,0.0
0.0,-0.0,0.0,0.0,0.0,0.0
0.0,-0.0,0.0,0.0,0.0,0.0
0.0,-0.0,0.0,3.410605131648481e-13,0.0,0.0
0.0,-0.0,0.0,0.0,0.0,0.0
0.0,-0.0,0.0,0.0,0.0,0.0
0.0,-0.0,0.0,0.0,0.0,0.0
0.0,-0.0,0.0,0.0,0.0,0.0
0.0,-0.0,0.0,0.0,0.0,0.0
0.0,-0.0,0.0,0.0,0.0,0.0
0.0,-0.0,0.0,0.0,0.0,0.0
0.0,-0.0,0.0,0.0,0.0,0.0
0.0,-0.0,0.0,0.0,0.0,0.0
0.0,-0.0,0.0,0.0,0.0,0.0
0.0,-0.0,0.0,0.0,0.0,0.0
0.0,-0.0,0.0,0.0,0.0,0.0
0.0,-0.0,0.0,0.0,0.0,0.0
0.0,-0.0,0.0,0.0,0.0,0.0
0.0,-0.0,0.0,0.0,0.0,0.0
0.0,-0.0,0.0,0.0,0.0,0.0
0.0,-0.0,0.0,0.0,0.0,0.0
0.0,-0.0,0.0,0.0,0.0,0.0
0.0,-0.0,0.0,0.0,0.0,0.0
0.0,-0.0,0.0,0.0,0.0,0.0
0.0,-0.0,0.0,0.0,0.0,0.0
0.0,-0.0,0.0,0.0,0.0,0.0
0.0,-0.0,0.0,0.0,0.0,0.0
0.0,-0.0,0.0,0.0,0.0,0.0
0.0,-0.0,0.0,0.0,0.0,0.0
0.0,-0.0,0.0,0.0,0.0,0.0
0.0,-0.0,0.0,0.0,0.0,0.0
0.0,-0.0,0.0,0.0,0.0,0.0
0.0,-0.0,0.0,0.0,0.0,0.0
0.0,-0.0,0.0,0.0,0.0,0.0
0.0,-0.0,0.0,0.0,0.0,0.0
0.0,-0.0,0.0,0.0,0.0,0.0
0.0,-0.0,0.0,0.0,0.0,0.0
0.0,-0.0,0.0,0.0,0.0,0.0
0.0,-0.0,0.0,0.0,0.0,0.0
0.0,-0.0,0.0,0.0,0.0,0.0
0.0,-0.0,0.0,0.0,0.0,0.0
0.0,-0.0,0.0,0.0,0.0,0.0
0.0,-0.0,0.0,0.0,0.0,0.0
0.0,-0.0,0.0,0.0,0.0,0.0
0.0,-0.0,0.0,0.0,0.0,0.0
0.0,0.022170020504822585,0.0659205929020861,0.03654003334902144,0.014094329823636885,0.019236297298860634
0.0,0.025139857491449626,0.09666800318491466,0.06336373574801939,0.029685155034920422,0.039183955067589364
0.0,0.377653788725448,0.4581717004521989,0.28102729282008904,0.16575120096647206,0.16115729777829838
0.0,0.0946756482571155,0.1555637173439232,0.07307073600837836,0.039859565901064806,0.05583738423691701
0.0,0.33127897082179153,0.39432395457809055,0.25223063046616856,0.17400264390374337,0.17060331565525064
0.0,0.07936659794752943,0.12313034618060066,0.07647703451423507,0.04265905550032469,0.04534824209895397
0.0,0.21536195662810081,0.2757399048693288,0.18851193415702888,0.13624122505449687,0.13952293916398514
0.0,-0.0,0.0,0.0,0.0,0.0
0.0,-0.0,0.0,0.0,0.0,0.0
0.0,-0.0,0.0,0.0,0.0,0.0
0.0,-0.0,0.0,0.0,0.0,0.0
0.0,-0.0,0.0,0.0,0.0,0.0
0.0,-0.0,0.0,0.0,0.0,0.0
0.0,-0.0,0.0,0.0,0.0,0.0
0.0,0.15966134499859042,0.23498676206104707,0.1942784113193102,0.12319075487335304,0.11550312229847903
0.0,0.38110908217022843,0.46224205563770115,0.3873430219145845,0.9010590391414414,1.2181920624824607
0.0,0.2842701505135805,0.3797712500771911,0.25140651675444153,0.1364527768704813,0.12441659640491617
0.0,0.36927564688642545,0.45646651133480604,0.30117439911616506,0.16324944268699162,0.1543263701579868
0.0,1.255520584622409,1.9059038322403918,1.5972957525998097,2.138441476595777,1.9582355179859825
0.0,1.867221883895667,1.9513298408372435,1.8515232471478082,1.5470621181856328,1.4281804397379465
0.0,1.0518581913682699,1.6994141755055145,1.9802138116717836,1.9981165866672848,1.8323222398677055
0.0,1.0485657806058308,1.6994141755054009,1.6305875021320693,1.394508088792301,1.3144675263072827
0.0,0.45463326155778117,0.5367365035742617,1.6406932387381092,1.7782075231575138,1.649606851290844
0.0,0.4060055606861179,0.4906515547895752,0.37557397372106044,0.8398985195307912,1.175406872182349
0.0,0.3584468059581319,0.4001943937121266,0.5150169539814791,1.0617401015833414,1.4527197653982769
0.0,0.4675117464998545,0.5384106922297178,1.1097776085397617,1.7305431841904404,1.6328236046491365
0.0,-0.0,0.0,0.0,0.0,0.0
0.0,-0.0,0.0,0.0,0.0,0.0
0.0,-0.0,0.0,0.0,0.0,0.0
0.0,-0.0,0.0,0.0,0.0,0.0
0.0,-0.0,0.0,0.0,0.0,0.0
0.0,-0.0,0.0,0.0,0.0,0.0
0.0,-0.0,0.0,0.0,0.0,0.0
0.0,-0.0,0.0,0.0,0.0,0.0
0.0,-0.0,0.0,0.0,0.0,0.0
0.0,-0.0,0.0,0.0,0.0,0.0
0.0,-0.0,0.0034724213141708463,1.1368683772161603e-13,0.0,0.0
0.0,0.003060404579401902,0.0329512945201928,0.01737013619576521,0.0025972839155039193,0.003786338655424751
0.0,-0.0,0.0022710017867199916,0.0,0.0,0.0
0.0,0.9999999999998863,0.699414175505742,0.0,1.7236696552741304,5.297012748339358
0.0,0.0,-0.0,0.0,1.6759774665719922,3.7598356904349757
0.0,-0.0,0.0,0.0,0.0,0.0
0.0,-0.0,0.0,0.0,0.0,0.0
0.0,0.0,-0.0,4.148261431331401,26.902771406820047,49.44082308679618
0.0,0.0,-0.0,10.583647206938434,44.175937088886876,73.74137189417931
0.0,0.4118641577404402,0.49235752209494094,0.13803665617092187,0.06270848025485021,0.07399888178457179
0.0,0.051891033723615636,0.16442649750768376,0.102686214419203,0.05585503536565997,0.07061608361793276
0.0,0.07254659098855898,0.13340566206528148,0.05906735450472639,0.026004535503083175,0.03376318078269167
0.0,0.039510203161210525,0.1270327955732452,0.10644006026775991,0.046104684347461754,0.06802538996532845
0.0,-0.0,0.0,0.0,0.0,0.0
0.0,-0.0,0.0,0.0,0.0,0.0
0.0,-0.0,0.0,0.0,0.0,0.0
0.0,-0.0,0.0,0.0,0.0,0.0
0.0,-0.0,0.0,0.0,0.0,0.0
0.0,-0.0,0.0,0.0,0.0,0.0
0.0,-0.0,0.0,0.0,0.0,0.0
0.0,-0.0,0.0,0.0,0.0,0.0
0.0,-0.0,0.0,0.0,0.0,0.0
0.0,-0.0,0.0,0.0,0.0,0.0
0.0,-0.0,0.0,0.0,0.0,0.0
0.0,-0.0,0.0,0.0,0.0,0.0
0.0,0.0,-0.0,1.2651842788146597,15.811442111606295,31.38389787909701
0.0,0.02169846423671735,0.08777671585671447,0.056892393841972665,0.021419915094403778,0.028400937166171532
0.0,-0.0,0.0,0.0,0.0,0.0
0.0,-0.0,0.0,0.0,0.0,0.0
0.0,-0.0,0.0,0.0,0.0,0.0
0.0,-0.0,0.0,0.0,0.0,0.0
0.0,-0.0,0.0,0.0,0.0,0.0
0.0,-0.0,0.0,0.0,0.0,0.0
0.0,-0.0,0.0,0.0,0.0,0.0
0.0,-0.0,0.0,0.0,0.0,0.0
0.0,-0.0,0.0,0.0,0.0,0.0
0.0,-0.0,0.0,0.0,0.0,0.0
0.0,-0.0,0.0,0.0,0.0,0.0
0.0,0.0,0.0,0.0,1.301586817713199,3.0990863620903193
0.0,0.0,-0.0,0.0,0.8010060377702679,1.8495062286818247
0.0,0.0,-0.0,19.930405586616786,67.3162797299728,104.3791951419343
0.0,-0.0,0.0,0.0,0.0,0.0
0.0,-0.0,0.0,0.0,0.0,0.0
0.0,-0.0,0.0,0.0,0.0,0.0
0.0,-0.0,0.0,0.0,0.0,0.0
0.0,0.9999999999998863,0.699414175505742,0.0,0.004839536821733675,0.0604813524678952
0.0,0.0,-0.0,0.0,0.0,0.004377113029677682
0.0,-0.0,0.0,0.0,0.0,0.0
0.0,0.0,-0.0,0.0,0.0,0.0
0.0,-0.0,0.0,0.0,0.0,0.0
0.0,-0.0,0.0030639192585956627,0.0,0.0,0.0
0.0,0.0028912300957202055,0.021137314234595812,0.008657288518329948,0.0,0.0016031497485324982
0.0,-0.0,0.010612528302633113,0.0032334408040455113,3.410605131648481e-13,0.0
0.0,0.005474366379639129,0.04758201784685094,0.02772400036765573,0.006010828894151672,0.009230080754599804
0.0,0.1134719750886665,0.0875471350198036,0.0014078560835939452,0.0,0.0
0.0,0.0029215391984237183,0.0033324953463549317,0.0,0.0,0.0
0.0,0.23785472834877544,0.17992159419355294,0.04610036969238575,0.005422230496562378,0.003098241935415294
0.0,0.18930133581697742,0.1467185569928165,0.045071293324348276,0.006535439703743309,0.0030451797524998388
0.0,0.11801781114529843,0.09041225673738292,0.017053821420865985,0.0,0.0
0.0,0.07978982821840255,0.06337314865803163,0.0013300125408231278,0.0,0.0
0.0,0.15328759285336613,0.10543332966587828,0.023111283923325322,0.0,0.0
0.0,0.38191430621938083,0.30097767181518575,0.0834184194620169,0.0124519966265497,0.006325832771486783
0.0,0.27970115868206336,0.22445720888912876,0.06811683143751536,0.0057593243127250365,0.003301646971876164
0.0,0.23995882235840157,0.18093395128537465,0.05064440819891541,0.006549077647496982,0.0030569713482611577
0.0,0.15740458851148983,0.12329031132574958,0.016791592749349916,0.0,0.0
0.0,0.1258484217170485,0.09634599049638287,0.017318502791526136,0.0,0.0
0.0,0.2416510830705801,0.18122055183236419,0.04539208283156037,0.0065311291562297515,0.0030392839542212747
0.0,0.16243610246224344,0.1263757879488097,0.02463102626119166,0.0,0.0
0.0,0.1294879091096056,0.0984943088353379,0.015552143062142462,0.0,0.0
0.0,0.10999842242447223,0.08480616464182397,0.0014123042862978477,0.0,0.0
0.0,0.13260359061398794,0.10131278361845976,0.022689336334876103,0.0,0.0
0.0,0.11185869126995183,0.08628460718712667,0.0014779152728266452,0.0,0.0
0.0,-0.0,0.0,0.0,0.0,0.0
0.0,-0.0,0.0,0.0,0.0,0.0
0.0,-0.0,0.0,0.0,0.0,0.0
0.0,-0.0,0.0,0.0,0.0,0.0
0.0,-0.0,0.0,0.0,0.0,0.0
0.0,-0.0,0.0,0.0,0.0,0.0
0.0,-0.0,0.0,0.0,0.0,0.0
0.0,-0.0,0.0,0.0,0.0,0.0
0.0,-0.0,0.0,0.0,0.0,0.0
0.0,0.0,0.0,0.0,0.0,0.0049532174942407805
0.0,0.0,-0.0,0.0,0.004839536821733675,0.06543456996224967
0.0,-0.0,0.0,0.0,0.0,0.0
0.0,-0.0,0.0,0.0,0.0,0.0
0.0,-0.0,0.0,0.0,0.0,0.0
0.0,-0.0,0.0,0.0,0.0,0.0
0.0,-0.0,0.0,0.0,0.0,0.0
0.0,0.003707210784336577,0.03881074674222274,0.02098322777642956,0.0034856164419169917,0.007855519253612858
0.0,0.012675911570926192,0.06275155470555355,0.03533072344105695,0.00979699020495784,0.017839144310501567
0.0,-0.0,0.0,0.0,0.0,0.0
0.0,-0.0,0.0,0.0,0.0,0.0
0.0,-0.0,0.0,0.0,0.0,0.0
0.0,-0.0,0.0,0.0,0.0,0.0
0.0,0.012791208252417488,0.049050538857160764,0.030789002883635168,0.0052014736138601995,0.006686135914691154
0.0,0.035955120182340906,0.05378458687092339,0.018153179027441773,0.0033998643067160747,0.0039023630502309117
0.0,0.011084381258651075,0.08374505880093025,0.04717999434626788,0.016420111473128468,0.01917955794737692
0.0,0.024908491660009125,0.06576250472230015,0.02924270152901213,0.007776814112578001,0.009135011067919162
0.0,0.009013038675050449,0.06338094901564291,0.045982566748345846,0.009165731607272234,0.010503865804081705
0.0,-0.0,0.0,0.0,0.0,0.0
0.0,-0.0,0.0,0.0,0.0,0.0
0.0,-0.0,0.0,0.0,0.0,0.0
0.0,-0.0,0.0,0.0,0.0,0.0
0.0,-0.0,0.0,0.0,0.0,0.0
0.0,-0.0,0.0,0.0,0.0,0.0
0.0,-0.0,0.0,0.0,0.0,0.0
0.0,-0.0,0.0,0.0,0.0,0.0
0.0,-0.0,0.0,0.0,0.0,0.0
0.0,-0.0,0.0,0.0,0.0,0.0
0.0,-0.0,0.0,0.0,0.0,0.0
0.0,-0.0,0.0,0.0,0.0,0.0
0.0,-0.0,0.0,0.0,0.0,0.0
0.0,-0.0,0.0,0.0,0.0,0.0
0.0,0.0,-0.0,0.0,0.0,0.0
0.0,0.0024263182609558192,0.041752512113431034,0.021338682574081152,0.004470034032245853,0.007829430727925673
0.0,-0.0,0.0,0.0,0.0,0.0
0.0,-0.0,0.0,0.0,0.0,0.0
0.0,-0.0,0.0,0.0,0.0,0.0
0.0,-0.0,0.0,0.0,0.0,0.0
0.0,-0.0,0.0,0.0,0.0,0.0
0.0,-0.0,0.0,0.0,0.0,0.0
0.0,-0.0,0.0,0.0,0.0,0.0
0.0,-0.0,0.0,0.0,0.0,0.0
0.0,0.03165404766200735,0.032146766319767116,0.009084441958867116,0.0,0.0
0.0,0.06196070403715022,0.04956846793813167,0.005143785803413904,0.0009049942227979946,0.0
0.0,0.018849118965733647,0.02469581823611269,0.005119219513910389,0.0,0.0
0.0,-0.0,0.0,0.0,0.0,0.0
0.0,-0.0,0.0,0.0,0.0,0.0
0.0,-0.0,0.0,0.0,0.0,0.0
0.0,-0.0,0.0,0.0,0.0,0.0
0.0,-0.0,0.0,0.0,0.0,0.0
0.0,-0.0,0.0,0.0,0.0,0.0
0.0,-0.0,0.0,0.0,0.0,0.0
0.0,-0.0,0.0,0.0,0.0,0.0
0.0,-0.0,0.0,0.0,0.0,0.0
0.0,-0.0,0.0,0.0,0.0,0.0
0.0,-0.0,0.0,0.0,0.0,0.0
0.0,0.031100464138589242,0.05125890853507203,0.020954394009340422,0.00276084045659498,0.0025704486582576163
0.0,0.0009730712814754095,0.0006887818286202187,0.0,0.0,0.0
0.0,-0.0,0.0,0.0,0.0,0.0
0.0,-0.0,0.0,0.0,0.0,0.0
0.0,0.0010112309395769426,0.0007148575949896464,0.0,0.0,0.0
0.0,0.0031546071689916564,0.003444976303073695,0.0,0.0,0.0
0.0,0.06837403552420544,0.05194344575378181,0.0012755220602582783,0.0,0.0
0.0,0.025165936930243712,0.020158270329180186,0.0,0.0,0.0
0.0,0.006488021304319708,0.006224822183306205,0.0,0.0,0.0
0.0,0.19465734637983015,0.15024714826528698,0.05138162470248295,0.006713210168716968,0.0031365646239417395
0.0,0.15646150123449548,0.12292059685299571,0.02439987485682559,0.0,0.0
0.0,0.06847706781288729,0.05221392754546026,0.0014267609438918184,0.0,0.0
0.0,0.1625942813337527,0.1326091134022432,0.025531979107672815,0.005224932229036136,0.0
0.0,0.036375570438950094,0.02909258217921797,0.0011431880360131166,0.0,0.0
0.0,0.37882370991602154,0.2984411534615821,0.08356598722759451,0.0213320010135885,0.009127107611116287
0.0,-0.0,0.0,0.0,0.0,0.0
0.0,-0.0,0.0,0.0,0.0,0.0
0.0,-0.0,0.0,0.0,0.0,0.0
0.0,-0.0,0.0,0.0,0.0,0.0
0.0,-0.0,0.0,0.0,0.0,0.0
0.0,0.0007466573100729792,0.005055500485827275,0.0,0.0,0.0
0.0,0.0020326377883220217,0.011950787613046491,0.005196001077861374,2.2737367544323206e-13,0.0008966282334350585
0.0,0.0018984429900965284,0.011940947532051946,0.004952924923901097,0.0,0.0006034302846043405
0.0,-0.0,0.0,0.0,0.0,0.0
0.0,-0.0,0.0,0.0,0.0,0.0
0.0,-0.0,0.0,0.0,0.0,0.0
0.0,-0.0,0.0,0.0,0.0,0.0
0.0,-0.0,0.0,0.0,0.0,0.0
0.0,-0.0,0.0,0.0,0.0,0.0
0.0,-0.0,0.0,0.0,0.0,0.0
0.0,-0.0,0.0,0.0,0.0,0.0
0.0,-0.0,0.0,0.0,0.0,0.0
0.0,-0.0,0.0,0.0,0.0,0.0
0.0,0.0015581860393733126,-0.0,0.0,0.0,0.0
0.0,0.0037648136968041284,0.013493946282971325,0.002569319081432154,0.0,0.0
0.0,0.0014284432012596656,-0.0,0.0,0.0,0.0
0.0,-0.0,0.0,0.0,0.0,0.0
0.0,-0.0,0.0,0.0,0.0,0.0
0.0,-0.0,0.0,0.0,0.0,0.0
0.0,-0.0,0.0,0.0,0.0,0.0
0.0,-0.0,0.0,0.0,0.0,0.0
0.0,-0.0,0.0,0.0,0.0,0.0
0.0,-0.0,0.0,0.0,0.0,0.0
0.0,0.010007188624924201,0.006041644160287683,0.0,0.0,0.0
0.0,0.03421989309972776,0.018369284475326222,1.1368683772161603e-13,0.0,0.0
0.0,-0.0,0.0,0.0,0.0,0.0
0.0,-0.0,0.0,0.0,0.0,0.0
0.0,-0.0,0.0,0.0,0.0,0.0
0.0,-0.0,0.0,0.0,0.0,0.0
0.0,-0.0,0.0,0.0,0.0,0.0
0.0,-0.0,0.0,0.0,0.0,0.0
0.0,-0.0,0.0,0.0,0.0,0.0
0.0,-0.0,0.0,0.0,0.0,0.0
0.0,-0.0,0.0,0.0,0.0,0.0
0.0,-0.0,0.0,0.0,0.0,0.0
0.0,-0.0,0.0,0.0,0.0,0.0
0.0,-0.0,0.0,0.0,0.0,0.0
0.0,-0.0,0.0,0.0,0.0,0.0
0.0,-0.0,0.0,0.0,0.0,0.0
0.0,-0.0,0.0,0.0,0.0,0.0
0.0,-0.0,0.0,0.0,0.0,0.0
0.0,-0.0,0.0,0.0,0.0,0.0
0.0,-0.0,0.0,0.0,0.0,0.0
0.0,-0.0,0.0,0.0,0.0,0.0
0.0,-0.0,0.0,0.0,0.0,0.0
0.0,-0.0,0.0,0.0,0.0,0.0
0.0,-0.0,0.0,0.0,0.0,0.0
0.0,-0.0,0.0,0.0,0.0,0.0
0.0,-0.0,0.0,0.0,0.0,0.0
0.0,-0.0,0.0,0.0,0.0,0.0
0.0,-0.0,0.0,0.0,0.0,0.0
0.0,-0.0,0.0,0.0,0.0,0.0
0.0,0.0009621685220178289,0.0006703379938708937,0.0,0.0,0.0
0.0,-0.0,0.0,0.0,0.0,0.0
0.0,-0.0,0.0,0.0,0.0,0.0
0.0,-0.0,0.0,0.0,0.0,0.0
0.0,-0.0,0.0,0.0,0.0,0.0
0.0,-0.0,0.0,0.0,0.0,0.0
0.0,-0.0,0.0,0.0,0.0,0.0
0.0,-0.0,0.0,0.0,0.0,0.0
0.0,-0.0,0.0,0.0,0.0,0.0
0.0,0.0018367515429460709,-0.0,0.0,0.0,0.0
0.0,0.005289110325302751,0.0007110416291792552,0.0,0.0,0.0
0.0,0.0036217149789233793,0.0007084976519724826,0.0,0.0,0.0
0.0,-0.0,0.0,0.0,0.0,0.0
0.0,-0.0,0.0,0.0,0.0,0.0
0.0,0.005006274573934716,0.0024632059307986317,0.0,0.0,0.0
0.0,0.015009919801807829,0.007172289452624979,0.0,0.0,0.0
0.0,-0.0,0.0,0.0,0.0,0.0
0.0,0.0012427328657339711,-0.0,0.0,0.0,0.0
0.0,-0.0,0.0,0.0,0.0,0.0
0.0,-0.0,0.0,0.0,0.0,0.0
0.0,-0.0,0.0,0.0,0.0,0.0
0.0,-0.0,0.0,0.0,0.0,0.0
0.0,-0.0,0.0,0.0,0.0,0.0
0.0,-0.0,0.0,0.0,0.0,0.0
0.0,0.00354557737537794,0.0015263863244046212,0.0,0.0,0.0
0.0,-0.0,0.0,0.0,0.0,0.0
0.0,-0.0,0.0,0.0,0.0,0.0
0.0,-0.0,0.0,0.0,0.0,0.0
0.0,-0.0,0.0,0.0,0.0,0.0
0.0,-0.0,0.0,0.0,0.0,0.0
0.0,-0.0,0.0,0.0,0.0,0.0
0.0,0.00443978536389826,0.0016847489050714685,0.0,0.0,0.0
0.0,0.008551670236996088,0.004556263177557103,0.0,0.0,0.0
0.0,-0.0,0.0,0.0,0.0,0.0
0.0,-0.0,0.0,0.0,0.0,0.0
0.0,-0.0,0.0,0.0,0.0,0.0
0.0,-0.0,0.0,0.0,0.0,0.0
0.0,-0.0,0.0,0.0,0.0,0.0
0.0,-0.0,0.0,0.0,0.0,0.0
0.0,-0.0,0.0,0.0,0.0,0.0
0.0,-0.0,0.0,0.0,0.0,0.0
0.0,-0.0,0.0,0.0,0.0,0.0
0.0,-0.0,0.0,0.0,0.0,0.0
0.0,0.01648978768528944,0.009213831160945618,0.0,0.0,0.0
0.0,0.020908403524460547,0.011600354350113083,0.0,0.0,0.0
0.0,0.08823998326988648,0.06339820734552237,0.0034899826374902737,0.0,0.0
0.0,0.0012665372241103968,0.0008961159711996269,0.0,0.0,0.0
0.0,0.007296881030692123,0.005304480336213955,0.0,0.0,0.0
0.0,-0.0,0.0,0.0,0.0,0.0
0.0,-0.0,0.0,0.0,0.0,0.0
0.0,-0.0,0.0,0.0,0.0,0.0
0.0,-0.0,0.0,0.0,0.0,0.0
0.0,0.052795136548333274,0.0379787006721449,0.001305547426520099,0.0,0.0
0.0,-0.0,0.0,0.0,0.0,0.0
0.0,-0.0,0.0,0.0,0.0,0.0
0.0,-0.0,0.0,0.0,0.0,0.0
0.0,-0.0,0.0,0.0,0.0,0.0
0.0,-0.0,0.0,0.0,0.0,0.0
0.0,-0.0,0.0,0.0,0.0,0.0
0.0,-0.0,0.0,0.0,0.0,0.0
0.0,-0.0,0.0,0.0,0.0,0.0
0.0,0.12496800324471678,0.08692023827731016,0.0037178427892146436,0.0,0.0
0.0,0.14922494889858876,0.10974510974014291,0.01819535438741779,0.0,0.0
0.0,0.19003862571512767,0.13759321237649344,0.019659513093481136,0.0011310953073863754,0.0
0.0,0.22419486116764875,0.1674085610906894,0.02883427487833734,0.004517145365201312,0.002953794880148443
0.0,0.1479777103177876,0.10988508769741287,0.024095848502667425,0.0,0.0
0.0,-0.0,0.0,0.0,0.0,0.0
0.0,-0.0,0.0,0.0,0.0,0.0
0.0,0.002054897589108623,-0.0,0.0,0.0,0.0
0.0,-0.0,0.0,0.0,0.0,0.0
0.0,0.0020313657996049506,-0.0,0.0,0.0,0.0
0.0,-0.0,0.0,0.0,0.0,0.0
0.0,-0.0,0.0,0.0,0.0,0.0
0.0,-0.0,0.0,0.0,0.0,0.0
0.0,-0.0,0.0,0.0,0.0,0.0
0.0,-0.0,0.0,0.0,0.0,0.0
0.0,-0.0,0.0,0.0,0.0,0.0
0.0,-0.0,0.0,0.0,0.0,0.0
0.0,-0.0,0.0,0.0,0.0,0.0
0.0,-0.0,0.0,0.0,0.0,0.0
0.0,-0.0,0.0,0.0,0.0,0.0
0.0,-0.0,0.0,0.0,0.0,0.0
0.0,-0.0,0.0,0.0,0.0,0.0
0.0,-0.0,0.0,0.0,0.0,0.0
0.0,-0.0,0.0,0.0,0.0,0.0
0.0,-0.0,0.0,0.0,0.0,0.0
0.0,-0.0,0.0,0.0,0.0,0.0
0.0,-0.0,0.0,0.0,0.0,0.0
0.0,-0.0,0.0,0.0,0.0,0.0
0.0,-0.0,0.0,0.0,0.0,0.0
0.0,0.002899498021187457,-0.0,0.0,0.0,0.0
0.0,-0.0,0.0,0.0,0.0,0.0
0.0,0.0007708250935372835,-0.0,0.0,0.0,0.0
0.0,0.01616261404477845,0.009019580330171664,0.0,0.0,0.0
0.0,0.016966238273926782,0.008140817917661691,0.0,0.0,0.0
0.0,-0.0,0.0,0.0,0.0,0.0
0.0,-0.0,0.0,0.0,0.0,0.0
0.0,-0.0,0.0,0.0,0.0,0.0
0.0,0.009831381628102277,0.00414668284703934,0.0,0.0,0.0
0.0,0.022561806996430064,0.013410575845160708,0.0,0.0,0.0
0.0,0.05371135419216769,0.032696285337843044,0.0,0.0,0.0
0.0,0.05512990650905441,0.031071774178207903,0.0,0.0,0.0
0.0,0.07187042426090477,0.04783722583364431,0.0011420759858487316,0.0,0.0
0.0,0.0023513617894575763,0.001657401150213257,0.0,0.0,0.0
0.0,0.0019569544659659,-0.0,0.0,0.0,0.0
0.0,0.0024861017254285745,-0.0,0.0,0.0,0.0
0.0,-0.0,0.0,0.0,0.0,0.0
0.0,-0.0,0.0,0.0,0.0,0.0
0.0,-0.0,0.0,0.0,0.0,0.0
0.0,-0.0,0.0,0.0,0.0,0.0
0.0,-0.0,0.0,0.0,0.0,0.0
0.0,0.0010627464783550733,-0.0,0.0,0.0,0.0
0.0,-0.0,0.0,0.0,0.0,0.0
0.0,0.0020453576740148056,-0.0,0.0,0.0,0.0
0.0,0.012916408272953607,-0.0,0.0,0.0,3.410605131648481e-13
0.0,-0.0,0.0,0.0,0.0,0.0
0.0,-0.0,0.0,0.0,0.0,0.0
0.0,-0.0,0.0,0.0,0.0,0.0
0.0,0.010710144040838043,-0.0,0.0,0.0,0.0
0.0,-0.0,0.0,0.0,0.0,0.0
0.0,-0.0,0.0,0.0,0.0,0.0
0.0,-0.0,0.0,0.0,0.0,0.0
0.0,-0.0,0.0,0.0,0.0,0.0
0.0,-0.0,0.0,0.0,0.0,0.0
0.0,0.0036105396508204182,-0.0,0.0,0.0,0.0
0.0,0.004588062892521361,-0.0,0.0,0.0,0.0
0.0,0.07385308815738577,0.04192592550023129,0.0,1.1368683772161603e-13,0.0
0.0,0.05456259271541661,0.030119300133528364,0.002486417621134431,0.0017016620870376428,0.0
0.0,0.027974209360159666,0.016735463198541828,4.547473508864641e-13,0.0,0.0
0.0,-0.0,0.0,0.0,0.0,0.0
0.0,-0.0,0.0,0.0,0.0,0.0
0.0,-0.0,0.0,0.0,0.0,0.0
0.0,-0.0,0.0,0.0,0.0,0.0
0.0,-0.0,0.0,0.0,0.0,0.0
0.0,0.004922595895325155,-0.0,0.0,0.0,0.0
0.0,-0.0,0.0,0.0,0.0,0.0
0.0,-0.0,0.0,0.0,0.0,0.0
0.0,0.0008541403472863382,-0.0,0.0,0.0,0.0
0.0,0.0022355199704481533,-0.0,0.0,0.0,0.0
0.0,0.010080509681594312,0.0037860740782066976,0.0,0.0,0.0
0.0,-0.0,0.0,0.0,0.0,0.0
0.0,-0.0,0.0,0.0,0.0,0.0
0.6994141755057419,0.6994141755055803,1.6994141755059693,0.0,0.0,0.0
0.0,0.02901869371574117,0.014744437608590948,0.0,0.0,0.0
0.0,0.015068158708122325,0.005796724634848076,0.0,0.0,0.0
0.0,0.02368833461704355,0.012987821347541536,0.0,0.0,0.0
0.0,0.04221083377976921,0.02541601197318288,0.0,0.0,0.0
0.0,0.08930354411115111,0.05343507157565645,0.0008923000056164054,0.0,0.0
0.0,0.04288763974031314,0.018767919273759762,0.0,0.0,0.0
0.0,0.06035631761002086,0.033276124115842534,0.0,0.0,0.0
0.0,0.03790462438689567,0.02122742412528349,0.0,0.0,0.0
0.0,-0.0,0.0,0.0,0.0,0.0
0.0,0.0,-0.0,0.0,0.0,0.0
0.0,0.008122919220870717,-0.0,0.0,0.0,0.0
0.0,-0.0,0.0,0.0,0.0,0.0
0.0,-0.0,-0.0,0.0,0.0,0.0
0.0,-0.0,0.0,0.0,0.0,0.0
0.0,-0.0,0.0,0.0,0.0,0.0
0.0,0.0346984862556227,0.020748678098437334,0.0,0.0,0.0
0.0,0.03558833313956056,-0.0,0.0,0.20520555898348816,0.5046387521415922
0.6994141755057419,1.6994141755056282,0.6994141755056944,0.0,0.005317465867609767,0.012797361431530844
0.0,0.022325943967058438,-0.0,0.0,0.0,0.0
0.0,0.0035125965285871907,-0.0,0.0,0.0,0.0
0.0,0.0011715015034896954,-0.0,0.0,0.0,2.2737367544323206e-13
0.0,-0.0,0.0,0.0,0.0,0.0
0.0,-0.0,0.0,0.0,0.0,0.0
0.0,-0.0,0.0,0.0,0.0,0.0
0.0,-0.0,0.0,0.0,0.0,0.0
0.6994141755057419,1.6994141755060355,0.699414175505467,0.0,0.3349396283675348,0.7886105177879082
0.0,0.053917035488585834,0.027057287289592107,0.0,0.0,0.0
0.0,-0.0,0.0,0.0,0.0,0.0
0.0,-0.0,0.0,0.0,0.0,0.0
0.0,-0.0,0.0,0.0,0.0,0.0
0.0,-0.0,0.0,0.0,0.0,0.0
0.0,0.00926198501543011,-0.0,0.0,0.0,0.0
0.0,0.009816572047074161,-0.0,0.0,0.0,0.0
0.0,0.010494087690692943,0.002077157389784576,0.0,0.0,0.0
0.0,0.02094592718848776,0.010273215955590411,0.0,0.0,0.0
0.0,0.04675621136450825,0.026417295309542815,0.0,0.0,0.0
0.0,0.00665122840698355,-0.0,0.0,0.0,0.0
0.0,0.0007123136177815993,-0.0,0.0,0.0,0.0
0.0,0.0020746134123473953,-0.0,0.0,0.0,0.0
0.0,0.003991500237875119,-0.0,0.0,0.0,0.0
0.0,0.006305883501164674,-0.0,0.0,0.0,0.0
0.0,0.012505555954628864,-0.0,0.0,0.0,0.0
0.0,-0.0,0.0,0.0,0.0,0.0
0.0,0.022998825938021432,-0.0,0.0,0.0,0.0
0.0,-0.0,0.0,0.0,0.0,0.0
0.0,-0.0,0.0,0.0,0.0,0.0
0.0,0.06019117141881846,0.024192011994882048,53.981145905773076,132.74970836080644,189.46362325948223
0.0,-0.0,0.0,0.0,0.0,0.0
0.0,0.0010951821871729422,-0.0,0.0,0.0,0.0
0.0,0.9999999999999999,0.699414175505742,0.0,0.335011673889256,0.7886105177873399
0.0,0.0029020419987352865,-0.0,0.0,0.0,0.0
0.0,0.019522481084517006,-0.0,0.0,0.0,0.0
0.0,0.020168651295604738,-0.0,0.0,0.0,0.0
0.0,0.014620782145501006,0.0008038967972264551,0.0,0.0,0.0
0.0,0.0349038843694506,0.013347339840649253,0.0,0.0,0.0
0.0,0.04728534602238706,0.0179703824196599,2.2737367544323206e-13,0.0009843198244322028,0.0
0.0,0.06082035081603971,0.031175827622563268,0.0038823033918225286,0.0021153493622087247,0.0
0.0,0.023380059093835195,0.008217773228619668,0.0,0.0,0.0
0.0,0.02072996169489884,0.0009838831843785628,88.03303691613904,207.22793931005296,287.80413030804453
0.0,-0.0,0.0,0.0,0.0,0.0
0.0,-0.0,0.0,0.0,0.0,0.0
0.0,0.012972557483932775,0.003095384266567787,0.0,0.0,0.0
0.0,0.0407968539015507,0.004682735187267303,0.0,0.0,0.0
0.0,-0.0,0.0,0.0,0.0,0.0
0.0,-0.0,0.0,0.0,0.0,0.0
0.0,-0.0,0.0,0.0,0.0,0.0
0.0,-0.0,0.0,0.0,0.0,0.0
0.0,-0.0,0.0,0.0,0.0,0.0
0.0,-0.0,0.0,0.0,0.0,0.0
0.0,-0.0,0.0,0.0,0.0,0.0
0.0,-0.0,0.0,0.0,0.0,0.0
0.0,-0.0,0.0,0.0,0.0,0.0
0.0,-0.0,0.0,0.0,0.0,0.0
0.0,-0.0,0.0,0.0,0.0,0.0
0.0,-0.0,0.0,0.0,0.0,0.0
0.0,-0.0,0.0,0.0,0.0,0.0
0.0,-0.0,0.0,0.0,0.0,0.0
0.0,-0.0,0.0,0.0,0.0,0.0
0.0,-0.0,0.0,0.0,0.0,0.0
0.0,-0.0,0.0,0.0,0.0,0.0
0.0,-0.0,0.0,0.0,0.0,0.0
0.0,0.009331944389071003,-0.0,0.0,0.0,0.0
0.0,0.15116585070765068,0.09804335134197942,0.0074226252449217335,0.0,0.0
0.0,0.09771108317505697,0.03911592979564845,0.00189635329453645,0.0,0.0
0.0,-0.0,0.0,0.0,0.0,0.0
0.0,-0.0,0.0,0.0,0.0,0.0
0.0,0.9999999999997725,0.699414175505742,4.9523299514815085,16.083982370164524,22.804643915960455
0.0,-0.0,0.0,0.0,0.0,0.0
0.0,-0.0,0.0,0.0,0.0,0.0
0.6994141755057419,1.699414175505467,0.6994141755059697,0.0,0.0,0.0
0.0,-0.0,0.0,0.0,0.0,0.0
0.0,0.04605043940296963,-0.0,0.0,0.0,0.0
0.0,0.005846059621268572,-0.0,0.0,0.19560977319252007,0.5058626320277471
0.0,0.004204467472499513,0.0008560483299655717,51.445813652972284,133.04301864148877,190.67072298779934
0.0,0.1789349276943114,0.13507075601237478,151.2163098164424,294.8886443216068,401.2720105178478
0.0,0.007944204822094125,-0.0,0.0,0.19560977319252007,0.50666228719467
0.0,0.02178244140752959,0.0054148554849559934,0.0,0.0,0.0
0.0,0.03945121025268716,0.012073170685142933,3.410605131648481e-13,0.0,0.0
0.0,0.00758995599605389,-0.0,0.0,0.0,0.0
0.0,0.016788341581655843,-0.0,0.0,0.0,0.0
0.0,0.013902562866460234,0.0016395933096509882,0.0,0.0,0.0
0.0,0.01895190333968396,0.000782908985270454,0.0,0.0,0.0
0.0,-0.0,0.0,0.0,0.0,0.0
0.0,0.0013305000790264372,-0.0,0.0,0.0,0.0
0.0,0.0033313381523775343,-0.0,0.0,0.0,0.0
0.6994141755057419,1.6994141755060355,0.6994141755056944,0.0,0.0,0.0
0.6994141755057419,1.6994141755056944,0.699414175505467,0.0,0.0,0.0
0.0,0.05400899810736797,0.026747142485849827,0.002475562391517123,0.0,0.0
0.0,0.05572954582363995,0.008430357262332116,0.0,0.0,0.0
0.0,0.06138337955829748,0.019136614255964753,0.000916467788398169,0.0,0.0
0.6994141755057419,1.6994141755060355,0.699414175505467,0.0,0.0,0.0
0.0,-0.0,0.0,0.0,0.0,0.0
0.0,-0.0,0.0,0.0,0.0,0.0
0.0,0.022582885664714714,-0.0,0.0,0.0,0.0
0.0,0.024938245132185326,0.0063701189258714664,0.0,0.0,0.0
0.0,0.01479068348038164,0.0009807032129833047,0.0,0.0,0.0
0.0,0.017482847359103743,0.003280458608132848,0.0,0.0,0.0
0.0,0.02105777132914308,-0.0,0.0,0.0,0.0
0.0,-0.0,0.0,0.0,0.0,0.0
0.0,0.001149241702816781,-0.0,0.0,0.0,0.0
0.0,0.0,-0.0,6.986143741879778,25.990840536508536,29.08819957558166
0.0,0.0025236253892266802,-0.0,6.46204726806609,22.880082252855804,24.751367827860197
0.0,0.0030489566825398755,-0.0,0.0,0.0,0.0
0.0,0.006329415290668345,-0.0,0.0,0.0,0.0
0.0,0.013119926449836177,-0.0,0.0,0.0,0.0
0.0,0.022685916741020426,-0.0,0.0,0.0,0.0
0.0,0.04663682614856142,-0.0,0.0,0.0,0.0
0.0,-0.0,0.0,0.0,0.0,0.0
0.0,0.0,0.0,0.0,0.6241269846653041,1.271708137039075
0.0,-0.0,0.0,0.0,0.0,0.0
0.0,-0.0,0.0,0.0,0.0,0.0
0.0,-0.0,0.0,0.0,0.0,0.0
0.0,-0.0,0.0,0.0,0.0,0.0
0.0,-0.0,0.0,0.0,0.0,0.0
0.0,0.018711860919300615,0.0359704077417152,0.047185359893002814,0.019698216189387475,0.015223722096644155
0.6994141755057419,1.6994141755053533,0.699414175505467,0.009713431176082688,0.004171512628275466,0.004637768346532294
0.6994141755057419,1.6994141755055807,0.699414175505628,0.002726383523141249,0.0,0.0
0.0,0.029374487099828307,-0.0,0.0,0.0,0.0
0.0,0.046009891388370285,0.01437328950606163,4.547473508864641e-13,0.0,0.0
0.0,0.07563607204265582,0.02465829507577277,0.0012204730651757382,0.0,0.0
0.0,0.03901635418985596,0.02631805714800318,0.004003674985259622,0.0,0.0
0.0,0.005614285126693538,0.0012592687172391602,0.0,0.0,0.0
0.0,-0.0,0.0,0.0,0.0,0.0
0.0,-0.0,0.0,0.0,0.0,0.0
0.0,-0.0,0.0,0.0,0.0,0.0
0.0,-0.0,0.0,0.0,0.0,0.0
0.0,0.02591560241119225,0.017275684135445987,0.003135815332548542,0.0,0.0
0.0,-0.0,0.0,0.0,0.0,0.0
0.0,-0.0,0.0,0.0,0.0,0.0
0.0,-0.0,0.0,0.0,0.0,0.0
0.0,0.012585691236301025,-0.0,0.0,0.0,0.0
0.0,0.011187775761295213,-0.0,0.0,0.0,0.0
0.0,0.010435667071379757,0.0013082402782415372,0.0,0.0,0.0
0.0,0.0024918256743711774,-0.0,0.0,0.0,0.0
0.0,0.00242759024967289,-0.0,0.0,0.0,0.0
0.0,0.004113611143458964,-0.0,0.0,0.0,0.0
0.0,0.008060591779760881,-0.0,0.0,0.0,0.0
0.0,0.014084729805048525,0.0033135303118208793,0.0,0.0,0.0
0.0,0.026963886983643482,0.008068859705238744,0.0,0.0,0.0
0.0,0.05157139960151354,0.017446504827375038,0.0,0.0,0.0
0.0,-0.0,0.0,0.0,0.0,0.0
0.0,0.0008903920223691077,-0.0,0.0,0.0,0.0
0.0,-0.0,0.0,0.0,0.0,0.0
0.0,-0.0,0.0,0.0,0.0,0.0
0.0,-0.0,0.0,0.0,0.0,0.0
0.0,-0.0,0.0,0.0,0.0,0.0
0.0,-0.0,0.0,0.0,0.0,0.0
0.0,-0.0,0.0,0.0,0.0,0.0
0.0,-0.0,0.0,0.0,0.0,0.0
0.0,-0.0,0.0,0.0,0.0,0.0
0.833573814154598,1.6994141755056944,0.699414175505126,0.3280572020618996,0.11886183866577801,0.08600873500468471
2.1764256315839,2.2783546254067364,2.5133941589772175,1.820517072972412,1.3124358965685945,0.9604798652272095
0.0,23.15495823042915,43.6124241560478,73.14246488156797,55.88189267751942,41.71671259853674
245.06197712352497,260.627621240741,277.60332901032194,355.1911448518679,287.16141570216337,208.2241805590516
47.1310921363687,33.11655765264137,31.59609852533089,17.73306310153462,10.484920803787073,9.823715766580147
1000.0,1000.0,1000.0,1000.0,1000.0,1000.0
61.673898723063395,47.093431413445465,33.479400743837346,22.876780362885373,12.018467144409467,10.928069509843771
0.0,0.9999999999998862,0.6994141755055147,0.16740782025585033,0.09985922162839465,0.07221267503303715
0.0,0.42632134957221096,0.5688537904607897,0.24049708872264464,0.061172443825940184,0.037789024146693447
0.0,2.9905677076941064,3.725751234893095,2.393576506841792,1.4658106215506979,1.0503660736226408
0.0,19.168792813013162,19.98944032460767,11.96780221677093,7.145517715355972,6.6052629526316515
47.6935264137897,32.878119269407996,31.416040926241255,17.41767572837491,9.884499578204121,9.197808253061172
96.436780451231,96.20021905807928,85.09018342252679,31.747874813821596,7.823736494512639,3.5771600185183905
17.0405855929445,14.074408350332389,14.199517072689181,5.053605366848626,0.7239245322303378,0.15313351770631184
27.1715215361316,26.779036746893052,23.838144854301017,8.790116528310197,2.193729132315264,1.3770144459480262
21.951602434242602,19.581927049208208,18.98927612648996,6.886244232559074,1.9681336981508268,1.2993090827458218
0.0,0.0006391742730869942,0.0,0.0,0.0,0.0009234586172145576
0.0,9.800827121615155,14.376882176229213,7.810497443023704,3.9129506297483494,3.4143347128623787
0.0,1.0000000000002274,1.6994141755061967,2.916022231195584,3.0576953406575904,3.0956983880045987
0.6994141755057419,0.6994141755056944,0.6994141755055097,0.050748547754103555,0.01956775555845074,0.016983885278668603
0.0,0.1400026038823871,0.11313538817410612,0.032243805853149364,0.0,0.0
0.0,0.12389297773363064,0.09895643919027979,0.02618284888762545,0.0,0.0
0.6994141755057419,1.6994141755056944,0.6994141755059502,0.016608346720082934,0.0019753045975245257,0.0013736496867010335
0.6994141755057419,1.6994141755059218,0.6994141755052681,0.0048450844896529045,0.0,0.0
0.6994141755057419,0.6994141755055807,1.6994141755056285,0.015500006442869483,0.0025103263814757145,0.0017450689230528943
0.6994141755057419,1.6994141755061491,0.6994141755060852,0.0076067391277571455,0.0011984136507371874,0.0
7.93783118618404,8.311193320182905,8.400530629299658,2.8687854250192526,0.442911950648909,0.0261164414831787
20.036243377369498,19.358657599159024,18.65723100319588,6.908013772267244,0.9508316929825381,0.16888582787822048
0.0,1.6247679863850315,3.6254646007652047,1.8196310388806536,0.31719431744440213,0.010684373753613856
0.0,1.6260601277246673,3.8873788017440023,2.3192132039791113,0.41431770963959924,0.012907300582866628
125.23014617710199,119.02760884191449,112.62372901828648,40.847949951356114,11.528048641866816,8.08178471363812
15.2529183551343,12.541182804222979,11.483995651632972,4.503021898539643,0.651102863959552,0.12081881135278746
7.25417907138986,6.768989222627098,6.485702117865113,2.2002239665024406,0.3647073343394645,0.03727060295811193
15.5271666461321,13.413383414114744,12.266444470248414,4.7786479413112355,0.6801315108745473,0.12403000701980639
6.60396169604985,6.782767846939471,6.597751448300893,2.2511274816930023,0.36061635484269294,0.026158930778353264
20.2060994165204,14.978222457656006,14.494361436681967,6.321177479489551,3.241856728477441,2.907830779829659
12.2738302351145,12.007776516486397,11.662008747260568,3.5272516690608358,0.524109856052821,0.0326279979951148
13.9401924666313,13.580185640875957,13.196126542539616,4.031239595746951,0.5666486902520422,0.08179597766332972
27.8911991117469,19.64721116626764,18.749080174247563,10.155267988207374,5.835153300353444,5.400709717998869
0.0,0.0008147087003540468,0.02997003113936261,0.03541444245359323,0.013543644844267901,0.008791161628087666
2.2228077851113803,2.5473748560294807,2.612687735214557,0.8957911546362539,0.10693498655958861,0.0028137784594643965
3.25364068125597,3.6804584174524986,3.819967713630661,1.358152352982662,0.19660215483409263,0.008872112165739429
0.6994141755057419,0.6994141755060355,0.699414175506083,0.18820680313121593,0.005866662205723461,0.0
1.43742950698512,1.699414175506083,1.6994141755052872,0.5904170196299591,0.031980445900405746,0.00598900641351937
0.6994141755057419,0.7086052109966677,0.6994141755057419,0.16679569916117737,0.002857820669211892,0.0
0.6994141755057419,0.699414175505467,1.6994141755056282,0.0012866164725517798,3.410605131648481e-13,0.0
0.0,2.683967551403926,4.441613778453152,3.2460412473039857,1.9808397710799783,1.6977762362991982
0.0,6.841295474854584,7.659954336602862,7.277456618437281,4.709648890940496,4.217690907288078
15.5362251610002,12.41821140589497,11.544303538570604,5.001325029434366,1.9034303499046032,1.4805172518774363
0.0,0.000693869783032525,-0.0,0.0,0.0,0.0
0.0,0.00106847042718399,-0.0,0.0,0.0,0.0
0.0,0.00413523494937544,-0.0,0.0,0.0,0.0
0.0,0.005596113860248783,-0.0,0.0,0.0,0.0
0.0,0.0024466700789510304,-0.0,0.0,0.0,0.0
15.733423109764201,11.303346562997882,10.458647385592252,5.301595646363092,2.7241587900960242,2.4121259088551064
0.0,4.460634567625689,5.1999216419547905,2.094922855261909,0.39036730518897056,0.06235781505438496
1.7907964346212302,0.6994141755055147,0.6994141755061967,0.38530747527808734,0.06268272499169433,0.031056245240909643
5.008221614794101,2.618503498487818,2.552240542056428,0.7830428335925392,0.16687514024984174,0.07854529434248612
0.0,1.5663559750384832,2.735235979039315,2.25800566739723,1.4395365716994486,1.2215307300030844
0.0,-0.0,0.0,0.0,0.0,0.0
0.0,-0.0,0.0,0.0,0.0,0.0
0.0,-0.0,0.0,0.0,0.0,0.0
0.0,-0.0,0.0,0.0,0.0,0.0
0.0,-0.0,0.0,0.0,0.0,0.0
0.0,-0.0,0.0,0.0,0.0,0.0
0.0,-0.0,0.0,0.0,0.0,0.0
0.0,-0.0,0.0,0.0,0.0,0.0
17.1484482291186,15.199830509291484,11.621869625908879,3.812392595688532,0.6329123063726523,0.10482518812458781
0.0,0.0256589175325588,0.008396396771407149,0.0,0.0,0.0
0.0,-0.0,0.0,0.0,0.0,0.0
0.0,-0.0,0.0,0.0,0.0,0.0
0.0,-0.0,0.0,0.0,0.0,0.0
0.0,-0.0,0.0,0.0,0.0,0.0
0.0,-0.0,0.0,0.0,0.0,0.0
11.351188472225601,10.38447575860518,10.218747032475099,2.954194443383039,0.45860373963556084,0.03912101706599256
0.0,331.4897510414493,791.9217831098188,1000.0,1000.0,1000.0
0.0,5.220864697715165,11.213903932515885,16.256478536402597,10.667324104562827,9.205528755654619
17.7247846950361,14.820695423063407,14.74909766441745,5.7435212022415625,1.8546817803973865,1.2999394244505695
0.0,0.04571637764926131,0.015071974673953575,0.0,0.0,0.0
0.6994141755057419,1.6994141755055807,0.699414175505737,0.03090144781711219,0.004573719802097454,0.0
0.0,0.051906083342509866,0.025576594359033367,0.004266249776098235,0.0,0.0
10.8343939854525,6.645438563662043,6.328842883452134,4.0064786283266836,2.3525270679690777,2.052653535929692
0.0,0.268814353063804,0.24431483498061193,0.09486034236115973,0.01763076276373959,0.008259361570520934
15.1962882798826,9.853257941161846,9.361884449642165,5.620256852716418,3.2763044466664324,2.915619160417339
14.7510096802766,13.636388589756386,13.053976211778666,4.894495298748879,0.6506927189444923,0.08917459774583483
4.291060699865829,4.517491963827608,4.484208681609635,1.5711073335242884,0.23813249154079877,0.013277442535227512
0.0,0.0843597917774589,0.02749838254582596,0.0017127326545722259,3.410605131648481e-13,0.0
0.6994141755057419,1.6994141755053533,0.6994141755053889,0.006890354146010217,3.410605131648481e-13,0.0
0.0,0.16451055919163388,0.14047437375425578,0.055016051061149346,0.014063277482313825,0.009235732457476413
19.0640256164891,15.874435042759979,14.327409858110864,5.332742966822916,0.7943736250473964,0.14449165394219576
16.4698778287114,11.236246495555626,7.490073217561552,5.6056599364271325,3.1079668928824837,2.751618440630764
12.7126114216183,8.879174444199531,5.822085951267687,4.232532632098295,2.275164710508529,1.989198266693844
0.0,0.007868158075448266,0.0013871035721062226,0.0,0.0,0.0
0.0,0.010400323959698806,0.0023767107054269163,0.0,0.0,0.0
0.0,-0.0,0.0,0.0,0.0,0.0
0.0,-0.0,0.0,0.0,0.0,0.0
0.0,0.005729672663717836,-0.0,0.0,0.0,0.0
0.0,0.016289176911724698,0.008278367145783545,0.0015340182559111099,0.0,0.0
0.6994141755057419,0.6994141755053533,1.6994141755059693,0.028142053129089146,0.005454510583308493,0.003829227068165047
0.0,0.001500310557464573,-0.0,0.0,0.0,0.0
8.38859411205447,6.463789055380669,5.5390818696420165,2.5303764187025304,0.4330149648364648,0.09814620038714685
2.23212102676102,1.699414175506083,1.6994141755058556,0.5075390411260322,0.07792079956851648,0.02388424432036438
0.0,-0.0,0.0,0.0,0.0,0.0
0.0,-0.0,0.0,0.0,0.0,0.0
0.0,-0.0,0.0,0.0,0.0,0.0
0.0,-0.0,0.0,0.0,0.0,0.0
4.6285872634632295,2.8880644964565154,2.5606889403030415,0.742974096266077,0.1568346193370018,0.06280102598425952
1.1371567811110401,0.6994141755040824,0.6994141755057216,0.2685485182311604,0.03305981836133826,0.009581245822946102
0.6994141755057419,0.6994141755059218,0.6994141755055145,0.011005620381754958,0.0018678830702301362,0.0013029747711249685
0.0,0.1397865619143099,0.1012541888530184,0.028306676601256422,0.004554591715523673,0.0021037065259847092
9.87547345595971,7.16371417590943,6.375453874076394,3.193577947768245,1.5321798421250024,1.273373346027305
7.24640209705201,5.371877991522434,4.662579037862248,1.4241594474252948,0.309198254793448,0.05685867647860748
0.0,1.8238388450310141,2.776135033942086,1.1350926884183485,0.24802817940491134,0.048970276083738794
0.0,0.05883992656990214,0.019027829160958708,0.0011244379253927588,0.0,0.0
0.0,0.07811012824827795,0.025288687220586865,0.0019461425629524007,0.0,0.0
5.67955128038182,3.7001707715987666,3.2928459959298637,0.860723658812981,0.19058840913576694,0.07819498172403239
13.5788395348188,11.164152056493176,10.086769396692482,2.904014633688858,0.4747156392760862,0.04844234749500495
5.94380578997063,5.533207501255133,4.528016188074823,1.6321133635930505,0.2757855948252703,0.02508174985106031
2.62831300139304,2.6641790539449577,2.725859160812024,0.8585825312966232,0.10122528648649928,0.007839644614135199
0.0,-0.0,0.0,0.0,0.0,0.0
0.0,-0.0,0.0,0.0,0.0,0.0
0.0,0.0008204326490692767,-0.0,0.0,0.0,0.0
0.0,0.002032001793565582,-0.0,0.0,0.0,0.0
0.0,3.219283750429541,6.637766733184158,6.498864461532885,4.7233888900277305,4.302941169497523
0.0,0.00390100733392245,0.0009781592364586536,0.0,0.0,0.0
0.0,0.008741923389303503,0.0018481994407199946,0.0,0.0,0.0
0.0,0.00296055347449097,-0.0,0.0,0.0,0.0
0.0,0.0029115819129196087,-0.0,0.0,0.0,0.0
0.6994141755057419,0.6994141755057419,0.6994141755059695,0.21604457502663726,0.012453038098992777,0.0
0.0,0.02483848503829373,0.00778675080416069,0.0,0.0,0.0
7.242956602263501,4.935186634271972,4.441675164669058,2.2278490402170044,0.3475309513818921,0.09611432598059805
6.51561023864931,4.66642088984389,4.245167908982955,2.1477092957319956,0.3439211604516081,0.09756791770974707
0.0,0.046602692568126214,0.1115735879468822,0.06074169125689695,0.03220899736545481,0.02031641435935796
0.0,0.014688015828140631,0.062424886885663645,0.05596987663224704,0.012929559889731733,0.013347306021425528
0.0,0.04537882942026896,0.0148462929602789,0.01205451972424705,0.0,0.0
0.0,0.0038388616049005522,0.0006786059197931251,0.0,0.0,0.0
0.6994141755057419,1.699414175505467,0.6994141755057299,0.007099806433683468,0.0,0.0
0.6994141755057419,0.9041275212976341,0.9136436160149937,0.31776237963069,0.022291513764066975,0.0025290550954852526
0.6994141755057419,1.6994141755053533,0.6994141755056376,0.050105910701322275,0.003156259449117808,0.0
0.0,0.040463876436020514,0.012793570516644112,0.0006544381365555129,0.0,0.0
10.7736615115881,8.292833432141409,7.563686013413106,4.043601197684713,2.1131668621621023,1.7653878550256488
0.0,0.10410265995630381,0.07433246306748123,0.01545637161158745,0.0017437502033035505,0.0
0.0,-0.0,0.0,0.0,0.0,0.0
0.0,-0.0,0.0,0.0,0.0,0.0
0.0,-0.0,0.0,0.0,0.0,0.0
0.0,0.022595696406622623,0.012010521823663496,0.0016154255263006023,0.0,0.0
0.0,0.009095445365056624,0.004143048594113883,0.0,0.0,0.0
18.4179426387366,16.262863609225427,12.823790754698244,4.961354186994943,0.7084792602309996,0.10731990799333588
5.07500451804971,3.420179790541558,2.7528288138117736,1.0400802037316892,0.24007428028029468,0.03750376087410136
0.0,1.0610900732090556,1.7251384222415953,0.7285647185832496,0.12449556440923222,0.019611938075933297
0.0,0.2456135261795957,0.19040366586336757,0.08760307107706193,0.04125040238033835,0.02005862130405706
0.0,0.006469515749925635,0.004079994301462701,0.0,0.0,0.0
0.0,1.0698915014659445,2.008148645003551,0.8388333894960922,0.1334910903949284,0.014504015249737545
0.0,-0.0,0.0,0.0,0.0,0.0
0.0,-0.0,0.0,0.0,0.0,0.0
0.0,-0.0,0.0,0.0,0.0,0.0
0.0,0.000746021315771287,-0.0,0.0,0.0,0.0
0.0,0.3518451949085403,0.28699410918020085,0.09288388826626831,0.017029232968794793,0.0034378006735691505
1.6672223627849199,1.6994141755055145,1.6994141755058556,0.6631440648964261,0.14997840229467416,0.047236552961974085
7.9030457334084705,6.0478438397301995,5.179783839856909,1.4596687298665856,0.3485240238785432,0.0750512594993201
0.0,-0.0,0.0,0.0,0.0,0.0
0.0,-0.0,0.0,0.0,0.0,0.0
0.0,-0.0,0.0,0.0,0.0,0.0
0.0,0.102634145874525,0.06477315539784942,0.013106966622135003,0.0,0.0
0.0,1.0377035679190336,2.1828729526761537,0.8541810149209813,0.12835818394176818,0.011527956272669719
0.0,0.03056908787251552,0.009868905292371973,0.0,0.0,0.0
5.17848578327669,3.8948278343148215,3.6549215129429746,2.2546177304247648,0.4470404044639138,0.6973032984479927
0.0,0.06101713241580462,0.03279097864990611,0.005172426997665523,0.0,0.0
2.14208918750699,1.6994141755054009,1.144846981054442,0.44607405883918927,0.0673959308999574,0.012592072950919523
0.0,0.0013756556743328978,-0.0,0.0,0.0,0.0
0.0,0.3028450035232442,0.24020993344966557,0.05997614479748516,0.005964252976194851,0.0
5.41435296186716,3.7531906764380416,3.1628710640177498,0.9200431116914795,0.1704888594422869,0.046759553082316496
6.6053742357818495,4.7479691814573695,4.052928633375454,1.1228107638756941,0.2957667880534566,0.06366517859303134
0.0,-0.0,0.0,0.0,0.0,0.0
0.0,-0.0,0.0,0.0,0.0,0.0
0.0,-0.0,0.0,0.0,0.0,0.0
0.0,-0.0,0.0,0.0,0.0,0.0
0.0,-0.0,0.0,0.0,0.0,0.0
0.0,-0.0,0.0,0.0,0.0,0.0
0.0,-0.0,0.0,0.0,0.0,0.0
0.0,-0.0,0.0,0.0,0.0,0.0
0.0,0.044540989869657356,0.014232734764935197,0.0008751281592428925,0.0,0.0
0.0,0.051230861800273274,0.022017761414191258,0.0010614744895251775,0.0,0.0
0.6994141755057419,0.6994141755055807,0.6994141755059693,0.18620808718246865,0.008538591413773878,0.0
0.6994141755057419,1.6994141755056944,0.6994141755055807,0.053202565494897124,0.003720066700583648,0.0
0.0,0.08907463764785131,0.05880222861964575,0.016178036390690296,0.0010476547341892334,0.0
0.0,0.024241740515617224,0.014934842422845566,0.0035974064477742804,0.0,0.0
0.0,0.006507402838358607,0.004107614625535217,0.0,0.0,0.0
0.0,0.0021495698835045764,0.0010074149738817863,0.0,0.0,0.0
0.6994141755057419,0.6994141755053533,0.6994141755055145,0.012501957469093517,0.0,0.0
0.0,0.8198249929357554,1.6994141755061967,0.5039047389193796,0.027710231130088074,0.002416810602029829
0.0,0.024517788162546964,0.008206052761975625,0.0,0.0,0.0
7.9000666611252806,6.027888018887364,4.106806513699998,2.7333785672550737,1.400906067582373,1.113427484944336
4.56476416622651,3.1634070496296856,2.686492665098733,1.0410320876331034,0.19037814092430705,0.045062970940403714
2.68532025645743,1.9316722901591983,1.6994141755061967,0.6374275491348294,0.14404501927058183,0.0454636659567806
0.0,0.015353992718568575,0.005543871471303015,0.0,0.0,0.0
1.49270300083079,1.6994141755056282,1.6994141755058556,0.573261614166113,0.05356956827902523,0.008349626333700552
0.0,2.0393098336963,3.5155819278548948,1.1938650522353003,0.245259383968865,0.032889270112731184
0.0,0.0018334807156772303,0.0017099161080385119,0.0,0.0,0.0
0.0,0.0019461425628371323,0.0018334807155656295,0.0,0.0,0.0
0.0,-0.0,0.0,0.0,0.0,0.0
0.0,-0.0,0.0,0.0,0.0,0.0
0.0,-0.0,0.0,0.0,0.0,0.0
0.0,0.9263591443802937,0.8527581257917114,0.3189418912982541,0.03244660661103725,0.0
0.0,0.11297746485891169,0.11177538362237238,0.08607143305628218,0.08839765691232392,0.04406433109991008
0.0,0.0027702094655136836,0.0019679480825503413,0.0,0.0,0.0
0.0,-0.0,0.0,0.0,0.0,0.0
0.0,-0.0,0.0,0.0,0.0,0.0
0.0,0.4911558009749107,0.5655339601033886,0.2849407041423038,0.03756200228225084,0.00759058576647217
8.18715694708244,6.384005615601609,5.562787362644468,1.7129430202252716,0.36637797723581983,0.06243371720286301
0.0,-0.0,0.0,0.0,0.0,0.0
0.0,-0.0,0.0,0.0,0.0,0.0
0.0,-0.0,0.0,0.0,0.0,0.0
0.0,-0.0,0.0,0.0,0.0,0.0
0.0,-0.0,0.0,0.0,0.0,0.0
0.0,-0.0,0.0,0.0,0.0,0.0
0.0,-0.0,0.0,0.0,0.0,0.0
0.0,-0.0,0.0,0.0,0.0,0.0
0.0,-0.0,0.0,0.0,0.0,0.0
0.0,-0.0,0.0,0.0,0.0,0.0
0.0,0.01673428206567094,0.0063031578110827975,0.0,0.0,0.0
0.0,0.02296834648590029,0.008751826729499363,0.0,0.0,0.0
0.0,0.0017509831688874945,0.0007625571676162765,0.0,0.0,0.0
2.7270013542392,2.3065493051900274,2.0566688637828032,0.8898008427360157,0.14707256329903337,0.02440421839182795
0.0,0.005406950983659753,0.0010996341472862177,0.0,0.0,0.0
0.0,0.8481212695006152,1.2839343951508264,0.5810940575873279,0.05711921854422634,0.012391169318652733
13.256646385789601,11.023881328359284,9.8704568216372,4.374007582270138,1.6810767754165048,1.2452508968299485
0.0,0.06840334903425331,0.03247695283578387,0.0008846680734282297,0.0,0.0
0.6994141755057419,1.6994141755062628,0.6994141755055239,0.02686367070392575,0.0008396525421540255,0.0
0.6994141755057419,0.9149333868187853,0.874785674790025,0.2851796264939222,0.010516488838548449,2.2737367544323206e-13
2.7785130811489,1.98696720960694,1.7231169818383287,0.6437771964571248,0.1151296028957211,0.02393700331155343
0.0,0.012003938163251331,0.004509290454992476,0.0,0.0,0.0
0.0,0.0016199683425115235,0.0015209349442205809,0.0,0.0,0.0
0.0,0.0,-0.0,0.0,0.027471208070556693,0.018403922501284743
0.0,0.02870921096876433,0.011846575001425516,0.0,0.0,0.0
0.0,1.052848536512527,1.6994141755056282,0.6544724187706438,0.12276156488455496,0.029234077397621176
0.0,2.1999418688460732,4.038549756690078,1.3822768280390438,0.2820123217961595,0.0374288313204942
0.0,0.027708653180929937,0.011799602278973082,0.0,0.0,0.0
0.0,1.0832063254535016,2.129213739658212,0.7971162856210574,0.20352191263219088,0.025399174283214494
0.0,0.05619182282520982,0.058710181573606086,0.011251616259907194,0.0030070806827537902,0.0
0.0,0.07964970626350616,0.08452734186348419,0.02231151491140395,3.410605131648481e-13,0.0
0.0,0.07322031348229877,0.13117344485636392,0.03168532417287669,0.0024833089348995246,0.0
0.0,0.07802647714383422,0.08676503544899929,0.10391918000205069,0.09401079964910966,0.04712526019030482
0.0,0.19681250149697582,0.27204908884124224,0.09109614302217776,0.01583680311302173,0.001744404642397332
0.0,1.445964742095791,3.1230045090747307,3.637997558110552,2.8405444086127276,2.792162943827444
0.0,-0.0,0.0,0.0,0.0,0.0
0.0,-0.0,0.0,0.0,0.0,0.0
0.899256737075142,1.014390577540721,0.9675971256740337,0.3336053539710324,0.018680981521805792,0.0
0.0,0.6711895196299141,0.7531798855992973,0.2578319472644155,0.019027855625596883,1.1368683772161603e-13
0.0,0.07520255832463542,0.051224497639903666,0.006477800762854588,0.0,0.0
0.0,-0.0,0.0,0.0,0.0,0.0
0.0,-0.0,0.0,0.0,0.0,0.0
0.0,-0.0,0.0,0.0,0.0,0.0
0.0,-0.0,0.0,0.0,0.0,0.0
2.71378874783606,2.2659469400971317,2.037119233621922,0.7162850362874489,0.08825453405971896,0.005135834670377922
0.0,-0.0,0.0,0.0,0.0,0.0
0.0,0.45448577879234286,0.46364779627776104,0.16561923930435582,0.013754169977753276,0.0018574405033522042
0.0,0.0046353081832768385,0.0007943568827009288,0.0,0.0,0.0
0.0,0.010536790165576192,0.004301865457107592,0.0,0.0,0.0
0.0,-0.0,0.0,0.0,0.0,0.0
0.0,-0.0,0.0,0.0,0.0,0.0
0.0,-0.0,0.0,0.0,0.0,0.0
0.0,-0.0,0.0,0.0,0.0,0.0
0.0,-0.0,0.0,0.0,0.0,0.0
0.0,0.0015893497602699179,-0.0,0.0,0.0,0.0
0.0,0.013044697409692557,0.0055435080465570975,0.0,0.0,0.0
0.0,0.01727237177839073,0.0072150827834963575,0.0,0.0,0.0
0.0,0.02772880503767454,0.010411135862502821,0.0,0.0,0.0
0.0,-0.0,0.0,0.0,0.0,0.0
0.0,1.8178845896229496,2.3806437116976795,1.1935975784680863,0.22832021084701182,0.02400583427790608
0.0,0.33604777597375934,0.32392521818618564,0.10058930874056014,0.02115545662437674,0.007048923900532774
0.0,0.8798331483736774,1.406377852031596,0.6290204271152483,0.10646677123991316,0.013883399844751395
0.0,1.312589515238775,1.6994141755054009,0.5817931470594525,0.055912502105376335,0.010572580197982222
0.0,0.877640072115355,1.2630314679042653,0.5269094134904498,0.048825246194950274,0.008305757805596038
0.0,0.0,-0.0,0.0,0.059554007247491256,0.05510127036844577
0.0,1.9153893871346057,4.340893008619049,4.241643077286215,2.0632884510574,1.71888991139763
0.0,0.0028440756612935414,0.0008344245240486512,0.0,0.0,0.0
0.6994141755057419,1.6994141755053533,0.6994141755057228,0.033413198813540455,0.0010258570179544448,1.1368683772161603e-13
0.0,0.06354248079514922,0.06950271121300539,0.009502771381724298,2.2737367544323206e-13,0.0
0.0,0.01543585427094293,0.013617775915358921,0.00394603562278313,0.0,0.0
15.7926653038033,14.549579168709347,13.729971691163904,5.235235936479036,0.7532075852841423,0.15315004454482167
0.0,-0.0,0.0,0.0,0.0,0.0
0.0,-0.0,0.0,0.0,0.0,0.0
0.0,0.0,0.014866739808632894,0.015760923036583094,0.0,0.0
0.0,0.7594850359887297,0.8751254367084706,0.3113133141344999,0.024519553102177023,0.0036906862205192924
0.0,0.41098479443837416,0.4744956298120666,0.11264818787281607,0.014985892687123761,0.0011408642985109088
0.0,0.024589055032682144,0.0043960834699741285,0.0,0.0,0.0
0.0,0.08346965609418178,0.03114607497185378,0.003386317675222311,0.0,0.0
0.0,-0.0,0.0,0.0,0.0,0.0
0.0,0.0007962648656049724,-0.0,0.0,0.0,0.0
0.0,0.011752084419440152,0.007689171107468724,0.0008827600907500926,0.0,0.0
0.0,-0.0,0.0,0.0,0.0,0.0
0.0,0.017456897987985408,0.00686119738265509,0.0,0.0,0.0
0.0,-0.0,0.0,0.0,0.0,0.0
0.0,-0.0,0.0,0.0,0.0,0.0
0.0,-0.0,0.0,0.0,0.0,0.0
0.0,-0.0,0.0,0.0,0.0,0.0
0.0,-0.0,0.0,0.0,0.0,0.0
0.0,-0.0,0.0,0.0,0.0,0.0
2.60152344068133,2.2231503655072657,2.0675285240163666,0.7117871624344309,0.08829154799437793,0.0028322217573582267
0.6994141755057419,1.699414175505808,0.6994141755058081,0.059861380198517174,0.004571283730294417,0.0
8.31165536412091,8.281846551531896,8.130059549079842,2.8220282915164314,0.4083955085347843,0.023498570264456044
0.0,0.7832708155829667,1.6994141755055145,0.845521076679749,0.13173617546989663,0.006770852022638494
0.0,0.002597491584326153,0.0009131061044604956,0.0,0.0,0.0
0.0,0.38430483903970447,0.4491110125234977,0.14802374607913746,0.015059485266131269,0.0009843134508366724
0.0,-0.0,0.0,0.0,0.0,0.0
0.0,-0.0,0.0,0.0,0.0,0.0
0.0,0.028929654513390572,0.05022617252920521,0.03212855706046185,0.038206056347017764,0.022108047346676013
0.0,0.019019773017648463,0.04255795430610637,0.06668575551157623,0.05317715647221611,0.04075587502403056
0.0,0.15769469113348447,0.14562412815803188,0.025224051088348656,0.001188772605909392,0.0
12.7788089804387,13.620385866196127,14.105175570077604,4.71192745497709,0.6179179377417541,0.0934736100156742
0.0,-0.0,0.0,0.0,0.0,0.0
0.6994141755057419,1.6994141755055807,0.6994141755060355,0.04281037766766564,0.00352459689841449,0.0
0.0,-0.0,0.0,0.0,0.0,0.0
0.0,-0.0,0.0,0.0,0.0,0.0
0.0,-0.0,0.0,0.0,0.0,0.0
0.0,0.34594461096695184,0.40039294187684776,0.08388728489963165,0.012753603487689107,1.1368683772161603e-13
0.0,0.010782374821562395,0.010531132589482534,0.0,0.0,0.0
2.7739955913205105,2.8450481474440608,2.8503343275670123,1.015940365654339,0.1649784902443072,0.01223494677516335
0.0,0.006392015301106936,0.002696706695508448,0.0,0.0,0.0
0.0,0.3796412323737675,0.42959280183634957,0.09389146563211852,0.018073885733310296,0.0014539965964367628
0.0,0.02719943516863494,0.010943281380474592,0.0,0.0,0.0
0.0,0.021196116108329076,0.00814608758507302,0.0,0.0,0.0
0.0,0.0,-0.0,0.0,0.6866879061639256,0.9432872437920243
0.0,0.0,-0.0,0.0,1.390439297770835,1.9424585105760854
0.0,0.0,-0.0,1.298113030453054,9.294501702942927,11.931955735147948
0.0,0.002681442832263212,0.0010766474963240034,0.0,0.0,0.0
0.0,-0.0,0.0,0.0,0.0,0.0
0.0,0.007929304384284784,0.00325311085293395,0.0,0.0,0.0
0.0,0.011335144726061747,0.0025807740201700515,0.0,0.0,0.0
0.0,0.05491945967525204,0.010781004261325602,0.0,0.0,0.0
0.6994141755057419,1.699414175505467,0.6994141755057406,0.005622980387975935,0.0,0.0
0.0,-0.0,0.0,0.0,0.0,0.0
0.0,-0.0,0.0,0.0,0.0,0.0
0.0,0.0025179922967283118,0.0014900437927651271,0.0,0.0,0.0
0.0,-0.0,0.0,0.0,0.0,0.0
0.0,-0.0,0.0,0.0,0.0,0.0
0.0,0.004933044373366045,0.0025011838761295753,0.0,0.0,0.0
0.0,0.15093234098647615,0.06736248311406437,0.01356180536303993,0.0,0.0
0.0,0.8545520550599477,1.7328107141604214,0.9516216319705629,0.17341451617785344,0.010981130589605365
0.0,0.00088148810203173,-0.0,0.0,0.0,0.0
0.0,0.06235011859289818,0.06499499676021822,0.0177890557183297,0.001184086610985015,0.0
0.0,-0.0,0.0,0.0,0.0,0.0
0.0,0.029760911058793627,0.0541071492457395,0.010092396434450607,0.0,0.0
0.0,0.06583646209728837,0.10538455354828363,0.01753145114807287,3.410605131648481e-13,0.0
0.0,0.007534079354174849,0.0029786338833610185,0.0,0.0,0.0
0.0,0.011510406584683422,0.004997098084732387,0.0,0.0,0.0
0.0,0.007284860444695061,0.006963229040592405,0.0,0.0,0.0
0.0,0.02498730754997181,0.024414912678370308,0.0,0.0,0.0
0.0,-0.0,0.0,0.0,0.0,0.0
0.0,-0.0,0.0,0.0,0.0,0.0
0.0,-0.0,0.0,0.0,0.0,0.0
0.0,-0.0,0.0,0.0,0.0,0.0
0.0,-0.0,0.0,0.0,0.0,0.0
0.0,-0.0,0.0,0.0,0.0,0.0
5.937272682411661,6.85557963970305,7.463432500914366,2.826628239656132,0.42017964077644604,0.021372047347998496
13.8412318255419,15.54307434199723,16.86837815756964,6.153193322138912,0.8270002006070151,0.1373597550908331
0.0,0.0052954702690017974,0.0021837318630283423,0.0,0.0,0.0
0.0,0.0023767107058785732,0.0012674457869462532,0.0,0.0,0.0
2.44652865899666,2.8710490726821094,3.180784651975768,1.2031683707047531,0.19002443646210931,0.01199546964310282
0.0,0.22186912882652743,0.17776684065974607,0.09671215751817698,0.043247225720221334,0.012233303803416452
0.0,-0.0,0.0,0.0,0.0,0.0
0.0,-0.0,0.0,0.0,0.0,0.0
0.0,-0.0,0.0,0.0,0.0,0.0
0.0,-0.0,0.0,0.0,0.0,0.0
0.0,0.011231400827040166,0.04087465267903344,0.010600220821079063,0.0,0.0
0.0,0.04646768596677488,0.06200265036903132,0.01706949254701039,0.0016875548467249926,0.0
0.0,0.003129001107769535,0.0009639856485959726,0.0,0.0,0.0
0.0,0.01564536896507242,0.000987608294087444,0.0,0.0,0.0
0.0,0.004803574104693584,0.004593695985028187,0.0,0.0,0.0
0.0,0.0,-0.0,0.0,0.0,0.0
0.0,0.001843838336707185,0.0010239508256127843,0.0,0.0,0.0
0.0,0.1208525751404239,0.12972394105745838,0.029236109728082223,0.004596733475361792,0.0
0.0,-0.0,0.0,0.0,0.0,0.0
0.0,-0.0,0.0,0.0,0.0,0.0
0.0,0.0011393383632035184,0.0010612019204257414,0.0,0.0,0.0
0.0,0.0019129800036161314,0.001122075660731204,0.0,0.0,0.0
0.0,0.0,-0.0,0.0,0.0,0.0
0.0,0.0,-0.0,0.0,0.0,0.0016288572260319835
0.0,0.08053598499459397,0.042941692305607744,0.02813346272363823,0.016670357874515967,0.003485072814238298
0.0,0.04718871659803603,0.036799244336509364,0.023165330467813966,0.009267984070013313,3.410605131648481e-13
0.0,0.44254590055189313,0.43107707654189964,0.09573866559027168,0.016379928505661258,0.0016900538131869476
0.0,0.01876546615284564,0.018173991452866904,0.0,0.0,0.0
0.8300207376990981,1.6994141755058556,2.139436926225272,0.8417680795215415,0.12040942221241392,0.0030639273877056165
0.0,0.09553234003755551,0.13126179324432313,0.048969329668180954,0.002612688770086678,0.0
0.0,-0.0,0.0022270681310129995,0.0015882923751678426,0.0,0.0
0.0,-0.0,0.0,0.0,0.0,0.0
0.0,-0.0,0.0,0.0,0.0,0.0
0.0,0.04558707306323836,0.007839638218808828,0.0009979831473487773,0.0,0.0
0.0,-0.0,0.0,0.0,0.0,0.0
0.0,-0.0,0.0,0.0,0.0,0.0
0.0,-0.0,0.0,0.0,0.0,0.0
0.0,-0.0,0.0,0.0,0.0,0.0
0.6994141755057419,0.6994141755055807,0.6994141755055145,0.0,0.0012795821705658768,0.002120584108846612
0.0,0.021727382472155124,0.021164073233999155,0.0,0.0,0.0
0.0,0.0007466573100729792,-0.0,0.0,0.0,0.0
0.0,-0.0,0.0,0.0,0.0,0.0
0.0,-0.0,0.0,0.0,0.0,0.0
0.0,0.013764588948739406,0.005342442990779095,0.0,0.0,0.0
0.0,0.01733409087722353,0.0067711587611411625,0.0,0.0,0.0
0.0,0.001256088746183195,0.014242893664298777,0.003760822349169688,0.0,0.0
0.0,0.0036181715824407257,0.00992768242609105,0.003190525381057834,0.0,0.0
0.0,-0.0,0.0,0.0,0.0,0.0
0.0,-0.0,0.0,0.0,0.0,0.0
0.0,-0.0,0.0,0.0,0.0,0.0
0.0,-0.0,0.0,0.0,0.0,0.0
0.0,0.0,0.0,0.0,0.1125063224086488,0.3557920601168767
0.0,0.018253041674095163,0.006251369704341102,0.0,0.0,0.0
0.0,0.0030343288137146414,0.0012683543498933263,0.0,0.0,0.0
0.0,0.03313557429075824,0.03730796691088427,0.007627036584730077,0.0,0.0
0.0,0.0059833522562877575,0.016180968299036494,0.00308919008870658,0.0,0.0
0.0,-0.0,0.0,0.0,0.0,0.0
0.0,-0.0,0.0,0.0,0.0,0.0
0.0,-0.0,0.0,0.0,0.0,0.0
0.0,-0.0,0.0,0.0,0.0,0.0
0.0,0.007249699045216987,0.0013225065742669144,0.0,0.0,0.0
0.0,0.0062034884188196,0.0015415204019850323,0.0,0.0,0.0
0.0,-0.0,0.0,0.0,0.0,0.0
0.0,-0.0,0.0,0.0,0.0,0.0
0.0,0.0021083211098823352,0.0011424798135629228,0.0,0.0,0.0
0.0,0.3134025508419807,0.2712120281871785,0.06882626906323362,0.012425972549613737,0.0018088065235097675
0.0,-0.0,0.0,0.0,0.0,0.0
0.0,-0.0,0.0,0.0,0.0,0.0
0.0,0.03348687949490971,0.05212019563749531,0.01973043153141438,0.0013159983125300115,0.0
0.0,0.232025491774947,0.1974569194379311,0.03827096202098937,0.010584571884379411,0.0015959205673795381
0.0,0.15825300726471644,0.16495659416547434,0.03704040704511104,0.004800800194031201,1.1368683772161603e-13
0.0,0.0007561972245983625,-0.0,0.0,0.0,0.0
0.0,0.0025547891102387075,-0.0,0.0,0.0,0.0
0.0,-0.0,0.0,0.0,0.0,0.0
0.0,-0.0,0.0,0.0,0.0,0.0
0.0,-0.0,0.0,0.0,0.0,0.0
0.0,-0.0,0.0,0.0,0.0,0.0
0.0,0.014885825997701174,0.005185352398147144,0.0,0.0,0.0
0.0,0.003034882005083898,0.006147277375476766,0.0024900057999577034,0.0,0.0
0.0,-0.0,0.0,0.0,0.0,0.0
0.0,-0.0,0.0,0.0,0.0,0.0
0.0,-0.0,0.0,0.0,0.0,0.0
0.0,-0.0,0.0,0.0,0.0,0.0
0.0,0.0049671154963299245,0.0047172605916458495,0.0,0.0,0.0
0.0,0.032081335689632035,0.01078955247189437,0.0,0.0,0.0
0.0,0.038358341877151446,0.034954288877006356,0.007404356693440478,0.0007824982813689072,0.0
0.0,0.013703427985181836,0.012149085369063301,0.0,0.0,0.0
0.0,0.03650814064291345,0.01759572983649617,0.0,0.0,0.0
0.0,0.0017111880972083846,0.0009085632880198281,0.0,0.0,0.0
0.0,0.0011683215320949212,-0.0,0.0,0.0,0.0
0.0,-0.0,0.0,0.0,0.0,0.0
0.0,-0.0,0.0,0.0,0.0,0.0
0.0,-0.0,0.0,0.0,0.0,0.0
0.0,0.0007167655778934449,0.002072841180642647,0.0,0.0,0.0
0.0,0.02329192845477273,0.022835829683822948,0.0,0.0,0.0
0.0,0.007479292987786819,0.007223078140885297,0.0,0.1125063224086488,0.3557920601168767
0.0,0.033828976312436775,0.032299838034466774,0.003407430333774396,0.0,0.0
0.0,-0.0,0.0,0.0,0.0,0.0
0.0,0.0006487141876123775,0.005603722689980172,0.0019249744528069372,0.0,0.0
0.0,-0.0,0.0,0.0,0.0,0.0
0.0,-0.0,0.0,0.0,0.0,0.0
0.0,0.0058203472802144446,0.002656729910602804,0.0,0.0,0.0
0.0,-0.0,0.0,0.0,0.0,0.0
0.0,-0.0,0.0,0.0,0.0,0.0
0.0,0.0,-0.0,33.229981852776675,97.13774020515802,157.2552127685141
0.0,0.031784030530542726,0.03158954938639024,0.00670198620070809,0.0007884601726936868,0.0
0.0,-0.0,0.0,0.0,0.0,0.0
0.0,0.0007231255209103671,-0.0,0.0,0.0,0.0
0.0,0.0,-0.0,454.444705690807,801.0753446158496,1000.0
0.0,-0.0,0.0,0.0,0.0,0.0
0.0,-0.0,0.0,0.0,0.0,0.0
0.0,-0.0,0.0,0.0,0.0,0.0
0.0,-0.0,0.0,0.0,0.0,0.0
0.0,-0.0,0.0,0.0,0.0,0.0
0.0,-0.0,0.0,0.0,0.0,0.0
0.0,-0.0,0.0,0.0,0.0,0.0
0.0,-0.0,0.0,0.0,0.0,0.0
0.0,-0.0,0.0,0.0,0.0,0.0
0.0,0.010435303645950819,0.004654024586678502,0.0,0.0,0.0
0.0,-0.0,0.0,0.0,0.0,0.0
0.0,0.0007243975095137515,-0.0,0.0,0.0,0.0
0.0,-0.0,0.0,0.0,0.0,0.0
0.0,-0.0,0.0,0.0,0.0,0.0
0.0,-0.0,0.0,0.0,0.0,0.0
0.0,-0.0,0.0,0.0,0.0,0.0
0.0,-0.0,0.0,0.0,0.0,0.0
0.0,0.005580214003274912,0.004203160285282774,0.001963319110672129,0.0,0.0
0.0,0.03468430721918962,0.009688288463883005,0.001243792917931565,0.0,0.0
0.0,-0.0,0.0,0.0,0.0,0.0
0.0,0.026091666227150697,0.0011947694762939349,0.0,0.0,0.0
0.0,-0.0,0.0,0.0,0.0,0.0
0.0,-0.0,0.000986597420630581,0.0,0.0,0.0
0.0,0.004082719991662486,0.0019683115074118924,0.0,0.0,0.0
0.0,-0.0,0.0,0.0,0.0,0.0
0.0,0.0013891932678944952,0.001282891362730211,0.0,0.0,0.0
0.0,0.0,0.0,0.0,0.017824902776354526,0.06784219522082689
0.0,-0.0,0.0,0.0,0.0,0.0
0.0,-0.0,0.0,0.0,0.0,0.0
0.0,-0.0,0.0,0.0,0.0,0.0
0.0,-0.0,0.0,0.0,0.0,0.0
0.0,-0.0,0.0,0.0,0.0,0.0
0.0,0.005751296470430118,-0.0,0.0,0.0,0.0
0.0,-0.0,0.0,0.0,0.0,0.0
0.0,0.0,0.0,10.401337503393277,37.41587827142764,42.69550755595736
0.0,-0.0,0.0,0.0,0.0,0.0
0.0,-0.0,0.0,0.0,0.0,0.0
0.0,-0.0,0.0,0.0,0.0,0.0
0.0,-0.0,0.0,0.0,0.0,0.0
0.0,-0.0,0.0,0.0,0.0,0.0
0.0,-0.0,0.0,0.0,0.0,0.0
0.0,-0.0,0.0,0.0,0.0,0.0
0.0,-0.0,0.0,0.0,0.0,0.0
0.0,-0.0,0.0,0.0,0.0,0.0
0.0,-0.0,0.0,0.0,0.0,0.0
0.0,-0.0,0.0,0.0,0.0,0.0
0.0,-0.0,0.0,0.0,0.0,0.0
0.0,-0.0,0.0,0.0,0.0,0.0
0.0,-0.0,0.0,0.0,0.0,0.0
0.0,-0.0,0.0,0.0,0.0,0.0
0.0,-0.0,0.0,0.0,0.0,0.0
0.0,-0.0,0.0,0.0,0.0,0.0
0.0,-0.0,0.0,0.0,0.0,0.0
0.0,-0.0,0.0,0.0,0.0,0.0
0.0,-0.0,0.0,0.0,0.0,0.0
0.0,-0.0,0.0,0.0,0.0,0.0
0.0,-0.0,0.0,0.0,0.0,0.0
0.0,-0.0,0.0,0.0,0.0,0.0
0.0,-0.0,0.0,0.0,0.0,0.0
0.0,-0.0,0.0,0.0,0.0,0.0
0.0,-0.0,0.0,0.0,0.0,0.0
0.0,-0.0,0.0,0.0,0.0,0.0
0.0,-0.0,0.0,0.0,0.0,0.0
0.0,-0.0,0.0,0.0,0.0,0.0
0.0,0.0,-0.0,17.536467594034853,58.6569729204979,89.96942813778439
0.0,0.0,0.0,269.7359590552417,490.97933755381837,758.751995359956
0.0,-0.0,0.0,0.0,0.0,0.0
0.0,-0.0,0.0,0.0,0.0,0.0
0.0,-0.0,0.0,0.0,0.0,0.0
0.0,-0.0,0.0,0.0,0.0,0.0
0.0,-0.0,0.0,0.0,0.0,0.0
0.0,-0.0,0.0,0.0,0.0,0.0
0.0,-0.0,0.0,0.0,0.0,0.0
0.0,-0.0,0.0,0.0,0.0,0.0
0.0,-0.0,0.0,0.0,0.0,0.0
0.0,-0.0,0.0,0.0,0.0,0.0
0.0,-0.0,0.0,0.0,0.0,0.0
0.0,-0.0,0.0,0.0,0.0,0.0
0.0,-0.0,0.0,0.0,0.0,0.0
0.0,0.03260561072141122,0.009468034304606947,0.0,0.0,0.0
0.0,-0.0,0.0,0.0,0.0,0.0
0.0,-0.0,0.0,0.0,0.0,0.0
0.6994141755057419,1.6994141755056944,0.6994141755055097,0.0,0.0,0.0
0.0,-0.0,0.0,0.0,0.0,0.0
0.6994141755057419,1.6994141755061491,0.6994141755056269,0.0,0.0,0.0
0.0,0.01824922049264287,-0.0,0.0,0.0,0.0
0.0,0.002821997572596132,0.0008872120508625216,0.0,0.0,0.0
0.0,0.037432171476498736,0.019267447369351768,0.0,0.0,0.0
0.0,-0.0,0.0,0.0,0.0,0.0
0.0,0.0,-0.0,0.0,1.037082159182171,3.0767306832102155
0.0,0.0,-0.0,0.0,0.0,0.0
0.0,0.0,0.0,0.0,0.017824902776354526,0.0684689629859659
0.0,0.0,0.0,0.0,0.04097411040991716,0.1547320628048962
0.0,-0.0,0.0,0.0,0.0,0.0
0.0,-0.0,0.0,0.0,0.0,0.0
0.0,-0.0,0.0,0.0,0.0,0.0
0.0,-0.0,0.0,0.0,0.0,0.0
0.0,0.0009253717087348061,-0.0,0.0,0.0,0.0
0.0,-0.0,0.0,0.0,0.0,0.0
0.0,-0.0,0.0,0.0,0.0,0.0
0.0,-0.0,0.0,0.0,0.0,0.0
0.0,-0.0,0.0,0.0,0.0,0.0
0.0,-0.0,0.0,0.0,0.0,0.0
0.6994141755057419,0.6994141755060355,1.6994141755056282,0.0,0.0,0.0
0.0,-0.0,0.0,0.0,0.0,0.0
0.0,-0.0,0.0,0.0,0.0,0.0
0.0,-0.0,0.0,0.0,0.0,0.0
0.0,-0.0,0.0,0.0,0.0,0.0
0.0,-0.0,0.0,0.0,0.0,0.0
0.0,-0.0,0.0,0.0,0.0,0.0
0.0,-0.0,0.0,0.0,0.0,0.0
0.0,-0.0,0.0,0.0,0.0,0.0
0.0,-0.0,0.0,0.0,0.0,0.0
0.0,0.05890015913068805,0.019835390281446246,0.0,0.0,0.0
0.0,0.009990925341725583,0.0009285516800178559,0.0,0.0,0.0
0.0,-0.0,0.0,0.0,0.0,0.0
0.0,-0.0,0.0,0.0,0.0,0.0
0.0,-0.0,0.0,0.0,0.0,0.0
0.0,-0.0,0.0,0.0,0.0,0.0
0.0,-0.0,0.0,0.0,0.0,0.0
0.0,-0.0,0.0,0.0,0.0,0.0
0.0,-0.0,0.0,0.0,0.0,0.0
0.0,-0.0,0.0,0.0,0.0,0.0
0.0,0.0017127326546845219,-0.0,0.0,0.0,0.0
0.0,0.0009845191792469301,-0.0,0.0,0.0,0.0
0.0,-0.0,0.0,0.0,0.0,0.0
0.0,-0.0,0.0,0.0,0.0,0.0
0.0,-0.0,0.0,0.0,0.0,0.0
0.0,-0.0,0.0,0.0,0.0,0.0
0.0,-0.0,0.0,0.0,0.0,0.0
0.0,-0.0,0.0,0.0,0.0,0.0
0.0,-0.0,0.0,0.0,0.0,0.0
0.0,-0.0,0.0,0.0,0.0,0.0
0.0,-0.0,0.0,0.0,0.0,0.0
0.0,0.0,0.0,0.0,0.0,0.0029809620925961037
0.0,0.042942335250145,0.01897361800265146,0.0,0.0,0.0
0.0,0.013696046431067891,0.005900755130885511,0.0,0.0,0.0
0.0,0.010996977470901236,-0.0,0.0,0.0,0.0
0.0,-0.0,0.0,0.0,0.0,0.0
0.0,-0.0,0.0,0.0,0.0,0.0
0.0,-0.0,0.0,0.0,0.0,0.0
0.0,0.032182311085243276,0.00394634464246331,0.0,0.0,0.0
0.0,-0.0,0.0,0.0,0.0,0.0
0.0,-0.0,0.0,0.0,0.0,0.0
0.0,-0.0,0.0,0.0,0.0,0.0
0.0,-0.0,0.0,0.0,0.0,0.0
0.0,-0.0,0.0,0.0,0.0,0.0
0.0,-0.0,0.0,0.0,0.0,0.0
0.0,0.002350998364597071,-0.0,0.0,0.0,0.0
0.0,-0.0,0.0,0.0,0.0,0.000803379186371438
0.0,-0.0,0.0,0.0,0.0,0.0
0.0,-0.0,0.0,0.0,0.0,0.0
0.0,-0.0,0.0,0.0,0.0,0.0
0.0,0.008420564554746051,-0.0,0.0,0.0,0.0
0.0,-0.0,0.0,0.0,0.0,0.0
0.0,-0.0,0.0,0.0,0.0,0.0
0.0,-0.0,0.0,0.0,0.0,0.0
0.0,-0.0,0.0,0.0,0.0,0.0
0.0,-0.0,0.0,0.0,0.0,0.0
0.0,-0.0,0.0,0.0,0.0,0.0
0.0,0.042679669604114547,-0.0,0.0,0.0,0.0
0.0,-0.0,0.0,0.0,0.0,0.0
0.0,-0.0,0.0,0.0,0.0,0.0
0.0,-0.0,0.0,0.0,0.0,0.0
0.0,-0.0,0.0,0.0,0.0,0.0
0.0,-0.0,0.0,0.0,0.0,0.0
0.0,-0.0,0.0,0.0,0.0,0.0
0.0,0.0006900538172214254,-0.0,0.0,0.0,0.0
0.0,-0.0,0.0,0.0,0.0,0.0
0.0,-0.0,0.0,0.0,0.0,0.0
0.0,-0.0,0.0,0.0,0.0,0.0
0.0,-0.0,0.0,0.0,0.0,0.0
0.0,-0.0,0.0,0.0,0.0,0.0
0.0,-0.0,0.0,0.0,0.0,0.0
0.6994141755057419,1.699414175505467,0.699414175505467,0.0,0.0,0.0
0.0,-0.0,0.0,0.0,0.0,0.0
0.0,-0.0,0.0,0.0,0.0,0.0
0.0,-0.0,0.0,0.0,0.0,0.0
0.0,-0.0,0.0,0.0,0.0,0.0
0.0,-0.0,0.0,0.0,0.0,0.0
0.0,0.005501350709410328,-0.0,0.0,0.0,0.0
0.0,-0.0,0.0,0.0,0.0,0.0
0.0,-0.0,0.0,0.0,0.0,0.0
0.0,-0.0,0.0,0.0,0.0,0.0
0.0,-0.0,0.0,0.0,0.0,0.0
0.0,0.040698274785243155,0.0007282134753254437,0.0,0.0,0.0
0.0,-0.0,0.0,0.0,0.0,0.0
0.0,-0.0,0.0,0.0,0.0,0.0
0.0,-0.0,0.0,0.0,0.0,0.0
0.0,-0.0,0.0,0.0,0.0,0.0
0.0,-0.0,0.0,0.0,0.0,0.0
0.0,-0.0,0.0,0.0,0.0,0.0
0.0,-0.0,0.0,0.0,0.0,0.0
0.0,-0.0,0.0,0.0,0.0,0.0
0.0,-0.0,0.0,0.0,0.0,0.0
0.0,-0.0,0.0,0.0,0.0,0.0
0.0,-0.0,0.0,0.0,0.0,0.0
0.0,-0.0,0.0,0.0,0.0,0.0
0.0,-0.0,0.0,0.0,0.0,0.0
0.0,-0.0,0.0,0.0,0.0,0.0
0.0,-0.0,0.0,0.0,0.0,0.0
0.0,-0.0,0.0,0.0,0.0,0.0
0.0,-0.0,0.0,0.0,0.0,0.0
0.0,-0.0,0.0,0.0,0.0,0.0
0.0,0.006432446366974052,-0.0,0.0,0.0,0.0
0.0,0.04595186028586627,-0.0,0.0,0.0,0.0
0.6994141755057419,1.6994141755061491,0.699414175505467,0.0,0.0,0.0
0.0,0.038964190893401224,-0.0,0.0,0.0,0.0
0.0,0.005133110008957906,-0.0,0.0,0.0,0.0
0.0,-0.0,0.0,0.0,0.0,0.0
0.0,-0.0,0.0,0.0,0.0,0.0
0.0,-0.0,0.0,0.0,0.0,0.0
0.0,-0.0,0.0,0.0,0.0,0.0
0.0,-0.0,0.0,0.0,0.0,0.0
0.0,-0.0,0.0,0.0,0.0,0.0
0.0,0.0015422861813762594,-0.0,0.0,0.0,0.0
0.0,0.01784472811710768,-0.0,0.0,0.0,0.0
0.0,-0.0,0.0,0.0,0.0,0.0
0.0,-0.0,0.0,0.0,0.0,0.0
0.0,-0.0,0.0,0.0,0.0,0.0
0.0,-0.0,0.0,0.0,0.0,0.0
0.0,-0.0,0.0,0.0,0.0,0.0
0.0,-0.0,0.0,0.0,0.0,0.0
0.0,-0.0,0.0,0.0,0.0,0.0
0.0,-0.0,0.0,0.0,0.0,0.0
0.0,-0.0,0.0,0.0,0.0,0.0
0.0,-0.0,0.0,0.0,0.0,0.0
0.0,-0.0,0.0,0.0,0.0,0.0
0.0,-0.0,0.0,0.0,0.0,0.0
0.0,-0.0,0.0,0.0,0.0,0.0
0.0,0.034067670764104385,-0.0,0.0,0.0,0.0
0.0,-0.0,0.0,0.0,0.0,0.0
0.0,-0.0,0.0,0.0,0.0,0.0
0.0,-0.0,0.0,0.0,0.0,0.0
0.0,-0.0,0.0,0.0,0.0,0.0
0.0,-0.0,0.0,0.0,0.0,0.0
0.0,-0.0,0.0,0.0,0.0,0.0
0.0,-0.0,0.0,0.0,0.0,0.0
0.0,-0.0,0.0,0.0,0.0,0.0
0.0,-0.0,0.0,0.0,0.0,0.0
0.0,-0.0,0.0,0.0,0.0,0.0
0.0,-0.0,0.0,0.0,0.0,0.0
0.0,-0.0,0.0,0.0,0.0,0.0
0.0,0.00989034738595677,-0.0,0.0,0.00867617930237015,0.007421015475579132
0.0,-0.0,0.0,0.0,0.0,0.0
0.0,-0.0,0.0,0.0,0.0,0.0
0.0,0.037080375771561494,-0.0,0.0,0.0051367126500417885,0.0014930980992237139
0.0,-0.0,0.0,0.0,0.0,0.0
0.0,-0.0,0.0,0.0,0.0,0.0
0.0,-0.0,0.0,0.0,0.0,0.0
0.0,-0.0,0.0,0.0,0.0,0.0
0.0,-0.0,0.0,0.0,0.0,0.0
0.0,0.0013063322956758197,-0.0,0.0,0.0,0.0
0.0,-0.0,0.0,0.0,0.0,0.0
0.0,-0.0,0.0,0.0,0.0,0.0
0.0,-0.0,0.0,0.0,0.0,0.0
0.0,-0.0,0.0,0.0,0.0,0.0
0.0,0.0015829898165708746,-0.0,0.0,0.0,0.0
0.0,-0.0,0.0,0.0,0.0,0.0
0.0,0.00505424671520701,-0.0,0.0,0.0,0.0
0.0,-0.0,0.0,0.0,0.0,0.0
0.0,0.013247761304362626,-0.0,0.0,0.0,0.0
0.0,0.0038159658104943797,-0.0,0.0,0.0,0.0
0.0,-0.0,0.0,0.0,0.0,0.0
0.0,-0.0,0.0,0.0,0.0,0.0
0.0,-0.0,0.0,0.0,0.0,0.0
0.0,-0.0,0.0,0.0,0.0,0.0
0.0,-0.0,0.0,0.0,0.0,0.0
0.0,-0.0,0.0,0.0,0.0,0.0
0.0,-0.0,0.0,0.0,0.0,0.0
0.0,-0.0,0.0,0.0,0.0,0.0
0.0,-0.0,0.0,0.0,0.0,0.0
0.0,0.0059611745902159235,-0.0,0.0,0.0,0.0
0.0,-0.0,0.0,0.0,0.0,0.0
0.0,-0.0,0.0,0.0,0.0,0.0
0.0,-0.0,0.0,0.0,0.0,0.0
0.0,-0.0,0.0,0.0,0.0,0.0
0.0,-0.0,0.0,0.0,0.0,0.0
0.0,-0.0,0.0,0.0,0.0,0.0
0.0,-0.0,0.0,0.0,0.0,0.0
0.0,0.000838240489402972,-0.0,0.0,0.0,0.0
0.0,0.0018685512588264893,-0.0,0.0,0.0,0.0
0.0,-0.0,0.0,0.0,0.0,0.0
0.0,-0.0,0.0,0.0,0.0,0.0
0.0,-0.0,0.0,0.0,0.0,0.0
0.0,0.002538889252355342,-0.0,0.0,0.0,0.0
0.0,-0.0,0.0,0.0,0.0,0.0
0.0,-0.0,0.0,0.0,0.0,0.0
0.0,-0.0,0.0,0.0,0.0,0.0
0.0,-0.0,0.0,0.0,0.0,0.0
0.0,0.0008973879600287826,-0.0,0.0,0.0,0.0
0.0,-0.0,0.0,0.0,0.0,0.0
0.0,-0.0,0.0,0.0,0.0,0.0
0.0,-0.0,0.0,0.0,0.0,0.0
0.0,-0.0,0.0,0.0,0.0,0.0
0.0,-0.0,0.0,0.0,0.0,0.0
0.0,-0.0,0.0,0.0,0.0,0.0
0.0,-0.0,0.0,0.0,0.0,0.0
0.0,-0.0,0.0,0.0,0.0,0.0
0.0,-0.0,0.0,0.0,0.0,0.0
0.0,-0.0,0.0,0.0,0.0,0.0
0.0,-0.0,0.0,0.0,0.0,0.0
0.0,-0.0,0.0,0.0,0.0,0.0
0.0,-0.0,0.0,0.0,0.0,0.0
0.0,-0.0,0.0,0.0,0.0,0.0
0.0,-0.0,0.0,0.0,0.0,0.0
0.0,-0.0,0.0,0.0,0.0,0.0
0.0,-0.0,0.0,0.0,0.0,0.0
0.0,-0.0,0.0,0.0,0.0,0.0
0.0,-0.0,0.0,0.0,0.0,0.0
0.0,-0.0,0.0,0.0,0.0,0.0
0.0,-0.0,0.0,0.0,0.0,0.0
0.0,-0.0,0.0,0.0,0.0,0.0
0.0,-0.0,0.0,0.0,0.0,0.0
0.0,-0.0,0.0,0.0,0.0,0.0
0.0,-0.0,0.0,0.0,0.0,0.0
0.0,-0.0,0.0,0.0,0.0,0.0
0.0,-0.0,0.0,0.0,0.0,0.0
0.0,-0.0,0.0,0.0,0.0,0.0
0.0,-0.0,0.0,0.0,0.0,0.0
0.0,-0.0,0.0,0.0,0.0,0.0
0.0,-0.0,0.0,0.0,0.0,0.0
0.0,-0.0,0.0,0.0,0.0,0.0
0.0,-0.0,0.0,0.0,0.0,0.0
0.0,-0.0,0.0,0.0,0.0,0.0
0.0,-0.0,0.0,0.0,0.0,0.0
0.0,-0.0,0.0,0.0,0.0,0.0
0.0,-0.0,0.0,0.0,0.0,0.0
0.0,-0.0,0.0,0.0,0.0,0.0
0.0,-0.0,0.0,0.0,0.0,0.0
0.0,-0.0,0.0,0.0,0.0,0.0
0.0,-0.0,0.0,0.0,0.0,0.0
0.0,-0.0,0.0,0.0,0.0,0.0
0.0,-0.0,0.0,0.0,0.0,0.0
0.0,-0.0,0.0,0.0,0.0,0.0
0.0,-0.0,0.0,0.0,0.0,0.0
0.0,-0.0,0.0,0.0,0.0,0.0
0.0,-0.0,0.0,0.0,0.0,0.0
0.0,-0.0,0.0,0.0,0.0,0.0
0.0,-0.0,0.0,0.0,0.0,0.0
0.0,-0.0,0.0,0.0,0.0,0.0
0.0,-0.0,0.0,0.0,0.0,0.0
0.0,-0.0,0.0,0.0,0.0,0.0
0.0,-0.0,0.0,0.0,0.0,0.0
0.0,-0.0,0.0,0.0,0.0,0.0
0.0,-0.0,0.0,0.0,0.0,0.0
0.0,-0.0,0.0,0.0,0.0,0.0
0.0,-0.0,0.0,0.0,0.0,0.0
0.0,-0.0,0.0,0.0,0.0,0.0
0.0,-0.0,0.0,0.0,0.0,0.0
0.0,-0.0,0.0,0.0,0.0,0.0
0.0,-0.0,0.0,0.0,0.0,0.0
0.0,-0.0,0.0,0.0,0.0,0.0
0.0,-0.0,0.0,0.0,0.0,0.0
0.0,-0.0,0.0,0.0,0.0,0.0
0.0,-0.0,0.0,0.0,0.0,0.0
0.0,-0.0,0.0,0.0,0.0,0.0
0.0,-0.0,0.0,0.0,0.0,0.0
0.0,-0.0,0.0,0.0,0.0,0.0
0.0,-0.0,0.0,0.0,0.0,0.0
0.0,-0.0,0.0,0.0,0.0,0.0
0.0,-0.0,0.0,0.0,0.0,0.0
0.0,-0.0,0.0,0.0,0.0,0.0
0.0,-0.0,0.0,0.0,0.0,0.0
0.0,-0.0,0.0,0.0,0.0,0.0
0.0,-0.0,0.0,0.0,0.0,0.0
0.0,-0.0,0.0,0.0,0.0,0.0
0.0,-0.0,0.0,0.0,0.0,0.0
0.0,-0.0,0.0,0.0,0.0,0.0
0.0,-0.0,0.0,0.0,0.0,0.0
0.0,-0.0,0.0,0.0,0.0,0.0
0.0,-0.0,0.0,0.0,0.0,0.0
0.0,-0.0,0.0,0.0,0.0,0.0
0.0,-0.0,0.0,0.0,0.0,0.0
0.0,-0.0,0.0,0.0,0.0,0.0
0.0,-0.0,0.0,0.0,0.0,0.0
0.0,-0.0,0.0,0.0,0.0,0.0
0.0,-0.0,0.0,0.0,0.0,0.0
0.0,-0.0,0.0,0.0,0.0,0.0
0.0,-0.0,0.0,0.0,0.0,0.0
0.0,-0.0,0.0,0.0,0.0,0.0
0.0,-0.0,0.0,0.0,0.0,0.0
0.0,-0.0,0.0,0.0,0.0,0.0
0.0,-0.0,0.0,0.0,0.0,0.0
0.0,-0.0,0.0,0.0,0.0,0.0
0.0,-0.0,0.0,0.0,0.0,0.0
0.0,-0.0,0.0,0.0,0.0,0.0
0.0,-0.0,0.0,0.0,0.0,0.0
0.0,-0.0,0.0,0.0,0.0,0.0
0.0,-0.0,0.0,0.0,0.0,0.0
0.0,-0.0,0.0,0.0,0.0,0.0
0.0,-0.0,0.0,0.0,0.0,0.0
0.0,-0.0,0.0,0.0,0.0,0.0
0.0,-0.0,0.0,0.0,0.0,0.0
0.0,-0.0,0.0,0.0,0.0,0.0
0.0,-0.0,0.0,0.0,0.0,0.0
0.0,-0.0,0.0,0.0,0.0,0.0
0.0,-0.0,0.0,0.0,0.0,0.0
0.0,-0.0,0.0,0.0,0.0,0.0
0.0,-0.0,0.0,0.0,0.0,0.0
0.0,-0.0,0.0,0.0,0.0,0.0
0.0,-0.0,0.0,0.0,0.0,0.0
0.0,-0.0,0.0,0.0,0.0,0.0
0.0,-0.0,0.0,0.0,0.0,0.0
0.0,-0.0,0.0,0.0,0.0,0.0
0.0,-0.0,0.0,0.0,0.0,0.0
0.0,-0.0,0.0,0.0,0.0,0.0
0.0,-0.0,0.0,0.0,0.0,0.0
0.0,-0.0,0.0,0.0,0.0,0.0
0.0,-0.0,0.0,0.0,0.0,0.0
0.0,-0.0,0.0,0.0,0.0,0.0
0.0,-0.0,0.0,0.0,0.0,0.0
0.0,-0.0,0.0,0.0,0.0,0.0
0.0,-0.0,0.0,0.0,0.0,0.0
0.0,-0.0,0.0,0.0,0.0,0.0
0.0,-0.0,0.0,0.0,0.0,0.0
0.0,-0.0,0.0,0.0,0.0,0.0
0.0,-0.0,0.0,0.0,0.0,0.0
0.0,-0.0,0.0,0.0,0.0,0.0
0.0,-0.0,0.0,0.0,0.0,0.0
0.0,-0.0,0.0,0.0,0.0,0.0
0.0,-0.0,0.0,0.0,0.0,0.0
0.0,-0.0,0.0,0.0,0.0,0.0
0.0,-0.0,0.0,0.0,0.0,0.0
0.0,-0.0,0.0,0.0,0.0,0.0
0.0,-0.0,0.0,0.0,0.0,0.0
0.0,-0.0,0.0,0.0,0.0,0.0
0.0,-0.0,0.0,0.0,0.0,0.0
0.0,-0.0,0.0,0.0,0.0,0.0
0.0,-0.0,0.0,0.0,0.0,0.0
0.0,-0.0,0.0,0.0,0.0,0.0
0.0,-0.0,0.0,0.0,0.0,0.0
0.0,-0.0,0.0,0.0,0.0,0.0
0.0,-0.0,0.0,0.0,0.0,0.0
0.0,-0.0,0.0,0.0,0.0,0.0
0.0,-0.0,0.0,0.0,0.0,0.0
0.0,-0.0,0.0,0.0,0.0,0.0
0.0,-0.0,0.0,0.0,0.0,0.0
0.0,-0.0,0.0,0.0,0.0,0.0
0.0,-0.0,0.0,0.0,0.0,0.0
0.0,-0.0,0.0,0.0,0.0,0.0
0.0,-0.0,0.0,0.0,0.0,0.0
0.0,-0.0,0.0,0.0,0.0,0.0
0.0,-0.0,0.0,0.0,0.0,0.0
0.0,-0.0,0.0,0.0,0.0,0.0
0.0,-0.0,0.0,0.0,0.0,0.0
0.0,-0.0,0.0,0.0,0.0,0.0
0.0,-0.0,0.0,0.0,0.0,0.0
0.0,-0.0,0.0,0.0,0.0,0.0
0.0,-0.0,0.0,0.0,0.0,0.0
0.0,-0.0,0.0,0.0,0.0,0.0
0.0,-0.0,0.0,0.0,0.0,0.0
0.0,-0.0,0.0,0.0,0.0,0.0
0.0,-0.0,0.0,0.0,0.0,0.0
0.0,-0.0,0.0,0.0,0.0,0.0
0.0,-0.0,0.0,0.0,0.0,0.0
0.0,-0.0,0.0,0.0,0.0,0.0
0.0,-0.0,0.0,0.0,0.0,0.0
0.0,-0.0,0.0,0.0,0.0,0.0
0.0,-0.0,0.0,0.0,0.0,0.0
0.0,-0.0,0.0,0.0,0.0,0.0
0.0,-0.0,0.0,0.0,0.0,0.0
0.0,-0.0,0.0,0.0,0.0,0.0
0.0,-0.0,0.0,0.0,0.0,0.0
0.0,-0.0,0.0,0.0,0.0,0.0
0.0,-0.0,0.0,0.0,0.0,0.0
0.0,-0.0,0.0,0.0,0.0,0.0
0.0,-0.0,0.0,0.0,0.0,0.0
0.0,-0.0,0.0,0.0,0.0,0.0
0.0,-0.0,0.0,0.0,0.0,0.0
0.0,-0.0,0.0,0.0,0.0,0.0
0.0,-0.0,0.0,0.0,0.0,0.0
0.0,-0.0,0.0,0.0,0.0,0.0
0.0,-0.0,0.0,0.0,0.0,0.0
0.0,-0.0,0.0,0.0,0.0,0.0
0.0,-0.0,0.0,0.0,0.0,0.0
0.0,-0.0,0.0,0.0,0.0,0.0
0.0,-0.0,0.0,0.0,0.0,0.0
0.0,-0.0,0.0,0.0,0.0,0.0
0.0,-0.0,0.0,0.0,0.0,0.0
0.0,-0.0,0.0,0.0,0.0,0.0
0.0,-0.0,0.0,0.0,0.0,0.0
0.0,-0.0,0.0,0.0,0.0,0.0
0.0,-0.0,0.0,0.0,0.0,0.0
0.0,-0.0,0.0,0.0,0.0,0.0
0.0,-0.0,0.0,0.0,0.0,0.0
0.0,-0.0,0.0,0.0,0.0,0.0
0.0,-0.0,0.0,0.0,0.0,0.0
0.0,-0.0,0.0,0.0,0.0,0.0
0.0,-0.0,0.0,0.0,0.0,0.0
0.0,-0.0,0.0,0.0,0.0,0.0
0.0,-0.0,0.0,0.0,0.0,0.0
0.0,-0.0,0.0,0.0,0.0,0.0
0.0,-0.0,0.0,0.0,0.0,0.0
0.0,-0.0,0.0,0.0,0.0,0.0
0.0,-0.0,0.0,0.0,0.0,0.0
0.0,-0.0,0.0,0.0,0.0,0.0
0.0,-0.0,0.0,0.0,0.0,0.0
0.0,-0.0,0.0,0.0,0.0,0.0
0.0,-0.0,0.0,0.0,0.0,0.0
0.0,-0.0,0.0,0.0,0.0,0.0
0.0,-0.0,0.0,0.0,0.0,0.0
0.0,-0.0,0.0,0.0,0.0,0.0
0.0,-0.0,0.0,0.0,0.0,0.0
0.0,-0.0,0.0,0.0,0.0,0.0
0.0,-0.0,0.0,0.0,0.0,0.0
0.0,-0.0,0.0,0.0,0.0,0.0
0.0,-0.0,0.0,0.0,0.0,0.0
0.0,-0.0,0.0,0.0,0.0,0.0
0.0,-0.0,0.0,0.0,0.0,0.0
0.0,-0.0,0.0,0.0,0.0,0.0
0.0,-0.0,0.0,0.0,0.0,0.0
0.0,-0.0,0.0,0.0,0.0,0.0
0.0,-0.0,0.0,0.0,0.0,0.0
0.0,-0.0,0.0,0.0,0.0,0.0
0.0,-0.0,0.0,0.0,0.0,0.0
0.0,-0.0,0.0,0.0,0.0,0.0
0.0,-0.0,0.0,0.0,0.0,0.0
0.0,-0.0,0.0,0.0,0.0,0.0
0.0,-0.0,0.0,0.0,0.0,0.0
0.0,-0.0,0.0,0.0,0.0,0.0
0.0,-0.0,0.0,0.0,0.0,0.0
0.0,-0.0,0.0,0.0,0.0,0.0
0.0,-0.0,0.0,0.0,0.0,0.0
0.0,-0.0,0.0,0.0,0.0,0.0
0.0,-0.0,0.0,0.0,0.0,0.0
0.0,-0.0,0.0,0.0,0.0,0.0
0.0,-0.0,0.0,0.0,0.0,0.0
0.0,-0.0,0.0,0.0,0.0,0.0
0.0,-0.0,0.0,0.0,0.0,0.0
0.0,-0.0,0.0,0.0,0.0,0.0
0.0,-0.0,0.0,0.0,0.0,0.0
0.0,-0.0,0.0,0.0,0.0,0.0
0.0,-0.0,0.0,0.0,0.0,0.0
0.0,-0.0,0.0,0.0,0.0,0.0
0.0,-0.0,0.0,0.0,0.0,0.0
0.0,-0.0,0.0,0.0,0.0,0.0
0.0,-0.0,0.0,0.0,0.0,0.0
0.0,-0.0,0.0,0.0,0.0,0.0
0.0,-0.0,0.0,0.0,0.0,0.0
0.0,-0.0,0.0,0.0,0.0,0.0
0.0,-0.0,0.0,0.0,0.0,0.0
0.0,-0.0,0.0,0.0,0.0,0.0
0.0,-0.0,0.0,0.0,0.0,0.0
0.0,-0.0,0.0,0.0,0.0,0.0
0.0,-0.0,0.0,0.0,0.0,0.0
0.0,-0.0,0.0,0.0,0.0,0.0
0.0,-0.0,0.0,0.0,0.0,0.0
0.0,-0.0,0.0,0.0,0.0,0.0
0.0,-0.0,0.0,0.0,0.0,0.0
0.0,-0.0,0.0,0.0,0.0,0.0
0.0,-0.0,0.0,0.0,0.0,0.0
0.0,-0.0,0.0,0.0,0.0,0.0
0.0,-0.0,0.0,0.0,0.0,0.0
0.0,-0.0,0.0,0.0,0.0,0.0
0.0,-0.0,0.0,0.0,0.0,0.0
0.0,-0.0,0.0,0.0,0.0,0.0
0.0,-0.0,0.0,0.0,0.0,0.0
0.0,-0.0,0.0,0.0,0.0,0.0
0.0,-0.0,0.0,0.0,0.0,0.0
0.0,-0.0,0.0,0.0,0.0,0.0
0.0,-0.0,0.0,0.0,0.0,0.0
0.0,-0.0,0.0,0.0,0.0,0.0
0.0,-0.0,0.0,0.0,0.0,0.0
0.0,-0.0,0.0,0.0,0.0,0.0
0.0,-0.0,0.0,0.0,0.0,0.0
0.0,-0.0,0.0,0.0,0.0,0.0
0.0,-0.0,0.0,0.0,0.0,0.0
0.0,-0.0,0.0,0.0,0.0,0.0
0.0,-0.0,0.0,0.0,0.0,0.0
0.0,-0.0,0.0,0.0,0.0,0.0
0.0,-0.0,0.0,0.0,0.0,0.0
0.0,0.030961594609913302,0.06317576158118891,0.03253941895374019,0.004976271539339687,0.006268708156438347
0.0,0.010518073761272248,0.0631583325618359,0.04614509027119048,0.019667846507517413,0.019839359289436587
0.0,0.024422453754081374,0.055007173404684175,0.027968871355850636,0.004321466539613971,0.0061691481199624525
0.0,0.0873652652345158,0.10707752764404516,0.03044754914758667,2.2737367544323206e-13,0.0
0.0,0.19108857254636416,0.3483339402637805,0.16955503490210821,0.017568874413127468,3.410605131648481e-13
0.6994141755057419,0.699414175505467,0.6994141755056282,0.2458998129176439,3.410605131648481e-13,0.0
0.6994141755057419,0.6994141755053533,0.7168624641322132,0.27365368329739465,0.003505113892988003,0.0
0.6994141755057419,0.7171190091264423,0.7727569644639068,0.301330610665031,0.005045447146856184,0.0
0.6994141755057419,0.7597324444658288,0.8166997014364865,0.3224660011297465,0.0,0.0
0.6994141755057419,0.81276346646773,0.9328383554925139,0.375624755127906,0.0,0.0
0.0,0.22847552526243659,0.2804044565045053,0.10765048863937514,0.007836206377934852,0.0
0.0,0.18776439487356267,0.23533654468461768,0.060893426931440495,0.0035520348681922337,0.0
0.0,0.026684845520811115,0.03557914729865785,0.00807160796550125,0.0,0.0
0.0,0.08554933441253026,0.12819135535120582,0.03805022294305093,0.0028731206150068443,0.0
0.0,0.0559637747153428,0.0714150869412678,0.014064962269447666,1.1368683772161603e-13,0.0
0.0,0.4655176010676909,0.4712654952706672,0.06709008744055132,0.005566593891583099,0.0035568888030396177
0.0,0.43377235098488587,0.686308170794242,0.44409267044703665,0.03579329189652816,0.0
0.0,0.29293862332699877,0.47898764064707694,0.15497905522486508,0.026648699657800732,0.0
0.0,0.9187118744024482,1.5135710235389377,0.7513126604775132,0.10804215506988372,1.1368683772161603e-13
0.0,1.2442627570998834,1.7111494417756112,1.0738522568395905,0.2079528475321687,3.410605131648481e-13
0.0,1.609278731524938,3.199282670044971,1.3517099605877483,0.26608098492436727,0.012260787734868368
0.0,0.9999999999994316,1.7321567227911756,0.944923365323484,0.1920733058746164,3.410605131648481e-13
0.0,0.8171964189974983,1.4396984651837472,0.8365094846037212,0.1311923731909349,0.0
0.0,1.6960256841124652,2.4322025332491233,1.51808679480276,0.3045410593750555,0.0
0.0,3.955065602165809,5.304502448651624,2.5240270064280654,0.45128194745841155,0.013537883924804244
0.0,2.528033934853206,5.233453902593567,2.203051723956398,0.5384106922297178,0.0019040538450835855
0.0,3.1349889824494275,6.07053012088911,2.550162137172295,0.42389576250509886,0.0033000432074044824
4.78405306208744,2.538584969088815,2.1355910444190545,0.9662029187970002,0.1896316449810777,2.2737367544323206e-13
7.86549764049722,5.558769372543104,5.002344553892632,1.4202667773975168,0.23029577571276127,0.013038565292463949
6.92796215463529,4.449893965637517,3.96676548895431,1.27177612880759,0.21543139961078936,0.001876078766081388
2.83657735452957,2.0992071785376094,1.8852555033805725,0.7715663303808883,0.10530179308571368,0.0
0.0,0.06761977955206304,0.06160908143988525,0.006780213868357971,0.0009041412598004216,0.0
0.0,0.08144792608483217,0.0960067549364658,0.0223835280456976,0.0020458597258325743,0.0
0.0,0.10966385484850692,0.2121130966744492,0.07170097926362684,0.008922101895422105,1.1368683772161603e-13
0.0,0.674835742075066,1.0316418595659598,0.463555359323768,0.040070371306571324,2.2737367544323206e-13
3.44796152289313,3.009668263792966,2.9609600207250515,1.189683915033186,0.1938658192716892,0.0025358198065111217
6.726688990299801,6.361860677267037,6.04550226893083,2.3324326569783116,0.39120525437352427,0.020490991838537805
6.777383689651121,6.352835599024953,6.138738442101072,2.399244636762763,0.3887798083743714,0.01633818573780496
0.0,3.0005120265346474,3.598796588915328,1.3959224268528008,0.2376740573347228,0.014664127652639001
19.676318945063798,18.143399842261516,16.962114507306126,6.855352798056664,1.8906344843310072,1.146855077240724
16.423704096013797,15.386979252052498,14.426104225020183,5.591645576077101,0.7697425326190073,0.6994141755055092
12.019482413851401,9.060049637155622,8.178287942256123,2.7513726682365625,0.4350938513071906,0.008787654988739518
0.0,0.08665166849808054,0.07834772270474588,0.01815559144219607,0.0012333851520549399,0.0
0.0,0.19842675493967654,0.20708500304392505,0.058729502443716775,0.006148211991699923,1.1368683772161603e-13
0.0,0.5350917792280694,0.5890764423950714,0.24996383266343206,0.01802453859545604,1.1368683772161603e-13
0.0,0.13173330547706688,0.10634295240753215,0.01288005502575064,0.001620630559294602,0.0
0.0,0.09197960628664321,0.07956306519562452,0.025080672735050533,0.0009028478542277304,0.0
0.7761248201664129,1.145222281225655,1.3067305982331296,0.4962156913767345,0.026950025802718023,0.0
3.80074041121282,3.8756973139742334,3.776474067425309,1.4257022784604005,0.23566412394155406,0.006971576313974091
2.31719839002883,2.3427617212517218,2.2799599401487893,0.8806695138259781,0.1146381260270426,0.008475827272477188
1.3218962858439998,1.6994141755055145,1.699414175505742,0.5684546443364558,0.03456086482425856,0.005241840399557894
0.0,0.03010660705994003,0.015597185428383465,0.0037433911971794186,0.000899023478290693,0.0
0.0,0.020479834221448796,0.01653302192684351,0.008077030059475743,0.0,0.0
2.04565719031161,2.3447313129676597,2.369766003534573,0.8999781190678234,0.12734325414797767,0.0020334385881403917
2.6423692119693603,2.7611262622520556,2.7055463027482336,1.0106425231090648,0.17530634971683368,0.002472297647348593
0.6994141755057419,1.6994141755061491,0.6994141755057228,0.012577102569463204,0.0,0.0
0.6994141755057419,0.6994141755055807,1.6994141755056285,0.04638877917645728,0.005946685514203351,0.0
1.37033159526777,1.699414175505742,1.6994141755055145,0.6103870307424002,0.07997127227062355,2.2737367544323206e-13
0.726178031023389,0.9534874374697089,1.0423632098756141,0.3919583318742731,0.02338771171035097,0.0
0.851618481629471,1.699414175506083,1.6994141755058556,0.5417771574919702,0.027395741120823023,1.1368683772161603e-13
0.6994141755057419,0.920751368903189,1.0339180761497595,0.37959887150734306,0.015183750658206081,3.410605131648481e-13
0.0,0.10904251932058111,0.06967619764911166,0.004783672128221485,0.0,0.0
0.0,0.25773882153291167,0.17425702931110382,0.022969544975871004,0.005612156798099444,0.0030481276512412166
2.09327725395615,2.1552841679364905,2.042427555907747,0.758380698200232,0.10573632623973807,0.001951261792349302
3.7720405111937705,3.4199762948107333,3.065189343630694,1.0913564137982439,0.20521747200246704,0.005270982251094731
3.44819489752944,3.2507509432638106,2.383123224658134,0.9633859927348531,0.17136876185410937,0.004253960520262791
2.93537922466496,2.9937437982428756,2.9161174496792985,0.9622748439512357,0.14564529024850775,0.0023731609587283892
0.6994141755057419,0.8090808999968038,0.8282820314245257,0.276573550563553,0.00863103021917904,1.1368683772161603e-13
0.0,0.023573515899587335,0.014542856798318349,0.0035546652409682066,0.0,0.0
0.0,0.01160725943142564,0.006713555848220412,3.410605131648481e-13,0.0,0.0
0.0,0.015024638526620815,0.007507731018377785,0.0009542427373565183,0.0,0.0
0.6994141755057419,0.8879987360095258,0.8855125560168005,0.27974880235150235,0.013135517221396265,3.410605131648481e-13
2.49263138426229,2.5860822345464505,2.427720875171907,0.8398816173677123,0.10205618872890776,0.0015716033660139192
6.508163033881379,5.26055248939251,4.667838239471502,1.275602164641092,0.2240370016238621,0.015604857262106397
3.10581026288441,2.55300424997062,2.256306472539296,0.8077290535085564,0.10539913845461023,0.009797064269236525
4.78902552188097,4.2847205725703175,3.6808176931239913,1.3527574627716896,0.24487409478044628,0.013466231474839921
7.85457977861212,6.332118199441779,5.538810471221638,1.6038507100751318,0.30077214741064084,0.02521551532647622
0.0,0.20291355160645658,0.12183649029722014,0.0021723880403260614,0.0,0.0
0.0,0.11712253278772389,0.062332996379940386,0.0010048937331363138,0.0,0.0
0.0,0.0949518702888727,0.05215736588679367,0.0007421896597905231,0.0,0.0
0.0,0.04319784282614041,0.02187313676556361,0.0,0.0,0.0
0.0,0.04781032129131603,0.03620759635102614,0.005898596981467092,0.0010781458032779248,0.0
0.0,0.011635243180359035,0.008493340473686103,0.0,0.0,0.0
0.0,0.016019052802266103,0.01199614178242136,0.0021224789326352773,0.0,0.0
1.8611836233310801,1.7555578434571417,1.6994141755055145,0.5320812308384408,0.0314002959598128,0.003578141636170478
5.16952210179526,4.647605510373374,3.976920639494761,1.4018798304162536,0.2366979193872086,0.022417137510218104
10.7097037795431,8.451356324133231,7.306160937521166,3.066875811093632,0.4948796068361578,0.07768997365116245
9.887192333736571,7.501006423025451,6.588101810340753,2.798841711124527,0.42506774011378046,0.07055811359625175
7.74685516760563,6.023866139205264,5.644085934835872,1.4539785137618342,0.2997905007127039,0.061511248638151904
6.665075255493529,5.268728644418876,4.893355591506914,1.2902617102012615,0.26974157113896985,0.05591225963027271
1.716819298682,1.6994141755059693,1.2229417226383452,0.4460314885360731,0.04560748766881167,0.004791656512656188
6.623321098995089,5.081483427407315,4.537450895728556,1.260437616398142,0.2549533657836823,0.04134399857662513
0.0,0.04635040664390955,0.031593752165689125,0.006702938563184485,0.002033464869990182,0.0
0.0,0.08841179572300194,0.06378103298138353,0.013180845811909276,0.002857427565499883,0.0
0.0,0.5183906969333275,0.4349415790330695,0.06842476958677673,0.004818875536908508,0.0
10.2922355183781,8.836442560981526,7.727726104424349,2.189232887585879,0.338644714385021,0.050316174621892175
14.9028483528751,12.468240424587433,11.009170147603053,5.231182590748525,2.0797809752016594,1.5137788834995651
13.5624404235785,10.670024213296946,9.417985998489037,4.804587062367678,2.154330431252382,1.6340430446213998
37.1913110387938,30.495537364769717,21.36706629795584,13.192111353805334,6.504291374249833,5.205307743729331
0.6994141755057419,1.6994141755062628,0.6994141755055239,0.002937456442376448,0.0,0.0
0.0,0.1890657201131059,0.10483280152832596,0.0031473616210767395,0.0,0.0
0.6994141755057419,0.6994141755061491,1.6994141755052874,0.0006854617872846337,0.0,0.0
45.6478041574068,41.6322158452702,42.12579270522071,22.354669380411067,8.022484854257504,5.8243262794506965
19.9784814614531,17.172703651472304,16.65037333374917,6.397177602374002,2.3387284350293425,1.759810926962522
3.20486255613627,2.5975562395080947,2.322285564205089,0.8715914436825669,0.11921830428640283,0.030233321495525
0.0,0.08707325722052264,0.05569763592610865,0.009415117089488324,0.0039568974554268724,0.0
0.6994141755057419,0.6994141755058081,0.6994141755057419,0.03762261949840512,0.007314161603304243,0.0
15.500781290559999,11.695204616716822,10.857386141018443,4.661251589550321,1.9227930856645647,1.5297259980914495
7.518249451872591,5.552288476157073,4.900042780027185,1.4048042040023445,0.36825314309866236,0.09709157686626725
0.0,0.14643742305327823,0.0877843003207285,0.007251727807588349,0.0,0.0
0.6994141755057419,0.6994141755058081,0.6994141755061967,0.003681135018199359,0.0,0.0
0.6994141755057419,0.7581617190638175,0.699414175506083,0.22267782312451811,0.019537491817395378,0.0
0.707199793064802,0.8811034233540237,0.7426743288723742,0.24831891888708363,0.021491785602540843,0.0
0.6994141755057419,1.6994141755059218,0.6994141755059786,0.03310410455886532,0.003394071873058274,0.0
0.6994141755057419,0.6994141755058081,1.6994141755058556,0.019285016761032593,0.0,0.0
0.6994141755057419,1.699414175505808,0.6994141755053818,0.01671067246216785,0.001086733710596253,0.0
0.6994141755057419,0.6994141755062628,0.6994141755059693,0.033871129415556464,0.005162279280852989,0.0
0.0,0.24421945014293553,0.14814298054756758,0.018607384171462377,0.0014299927169594314,0.0
0.6994141755057419,0.6994141755055807,0.699414175505737,0.004880640414645797,0.0,0.0
16.3063360700985,12.097024870082265,7.998316261307671,5.6825027393865,2.927008607393211,2.355354279997097
161.261778063823,147.60387384225047,142.02865670882755,70.3143171069435,24.247022800991292,17.282546219745775
8.66725777112916,6.435923189870387,5.648305030118126,1.8326251664408941,0.45534721311129267,0.11626163894733962
2.87466298561693,2.255044027022142,1.9864915742424538,0.47747478063807725,0.023795568913864217,0.012371905353928448
63.1570420591384,60.64345818976911,63.08824035393544,27.208330629609645,7.7661389719655345,5.591869171272914
37.912668562108706,28.81590247812962,19.404471462312642,12.051378408410866,5.574685263981208,4.6815274456232885
17.5911112275626,12.64969840889183,11.407422265128226,5.353842810630691,2.4421647612116297,1.9896047556490049
10.0769192405018,8.152514834516419,7.126952195037269,3.0351620095111107,0.38915029336790474,0.0490918873838748
2.49654579593317,2.2139451501231124,1.9402940021788226,0.6495614486730719,0.09195584037522574,0.006069155404439416
0.0,0.41263715319350025,0.38650048352187455,0.08165367955046943,0.015928793846105477,0.0
0.0,0.3065724812104716,0.29544704108663905,0.055184865265244236,0.008351142954765196,3.410605131648481e-13
847.277784021054,1000.0,1000.0,630.1285552196048,150.30805638315792,47.22596193222497
0.0,0.10528018288189188,0.05673075344713035,0.008273184008103278,0.0039705448704366215,0.0
0.6994141755057419,0.6994141755060355,1.6994141755061967,0.04784650252664957,0.011675558840360227,0.002732878069859276
2.84020253229516,1.699414175506083,1.6994141755058556,0.7295703221569295,0.37721162566704297,0.1696485156492042
59.5857435281506,43.741766644544406,40.39150195100929,20.946385985135752,10.809524390703654,9.640967710436092
9.61789199189021,6.044967946048511,5.343039574290054,1.7800797378612123,0.4838335938487442,0.1464938206289676
20.2187779289283,13.492587429961754,12.079470676656678,6.242532838916675,2.8450688632917145,2.294955449576847
33.8808013631173,23.64778316881861,21.48751932388716,11.152528622287658,5.521265204068657,4.743131523772508
0.0,0.11415811899950476,0.07190417998723507,0.012595319080133309,0.0,0.0
0.6994141755057419,0.6994141755055807,0.699414175506083,0.14854946574670766,0.003480297789500409,0.0
0.6994141755057419,1.699414175505808,0.6994141755060639,0.03070727052262184,0.0,0.0
0.0,0.9999999999992042,1.818984973264661,0.7569834492085767,0.09874756597091344,0.007883755736288672
3.82747838654315,3.6802674134435454,3.4011297633011988,1.2005753891243525,0.20435375832313898,0.011429055555006363
0.0,0.9999999999994316,1.8003832504799686,0.7618807280372344,0.12111584516900263,0.00640505607019651
0.0,0.9279983285601472,1.6994141755061967,0.6987619139373726,0.09933207102288534,0.0033140010230774614
0.6994141755057419,1.6994141755060355,0.6994141755054955,0.004620960981140733,0.0024514169620818036,0.0
0.0,0.1769663824309769,0.4494294039275871,0.3457874836762181,0.24127923370701146,0.1648553352321797
0.0,42.17610148218265,87.5560594410873,140.84867980383112,104.5617814456068,73.47551675247854
1000.0,1000.0,1000.0,1000.0,1000.0,1000.0
168.582201788711,144.41383263814797,135.06306750378548,60.25727203199145,23.71352056842018,19.188753510472694
698.886101390282,799.2619241237986,865.5947609474185,362.0166660560386,68.80951462308101,30.10256563027938
0.0,6.291604195190322,9.871361539582724,6.115230153922718,3.1773186104814504,2.6816663224988404
0.0,2.9375853773540217,4.7852108850235116,3.514872108757223,2.032541884249523,1.6762323479739833
13.3543720720339,12.906076040526623,12.365921372943347,3.4230584848172683,0.5384106922297178,0.06186093118876311
6.071143463773089,6.192492808369573,5.952061288636713,1.9987311560735321,0.31726528279057975,0.025256979445302932
0.0,3.795232627058062,6.051552903309644,5.397270776800414,4.282286512317478,4.129671507661633
