"FIPS","AREA_TOTAL"
"01001",304103.724124032
"01003",720437.505520524
"01005",433610.275695442
"01007",320475.826655604
"01009",231035.591956703
"01011",327798.32425272
"01013",407831.218328339
"01015",195510.269432992
"01017",310773.137950044
"01019",256629.256014802
"01021",330408.024889018
"01023",531575.829151007
"01025",738824.194349438
"01027",309368.63526896
"01029",258273.407493074
"01031",246817.548214874
"01033",227659.791157487
"01035",446994.897568773
"01037",377061.079440792
"01039",491341.084618466
"01041",319533.91295436
"01043",241231.707224684
"01045",264049.070665572
"01047",439419.940114926
"01049",184353.918328508
"01051",238141.573882386
"01053",473056.563212807
"01055",186020.940721587
"01057",339098.025358617
"01059",299650.142007785
"01061",197270.412196567
"01063",347067.354555998
"01065",288918.194665783
"01067",269364.436232937
"01069",175888.530065883
"01071",449099.096887673
"01073",387252.997124369
"01075",338615.196674534
"01077",180926.354483721
"01079",224417.623735514
"01081",252393.782256506
"01083",103497.174135216
"01085",314458.810001153
"01087",331666.200977235
"01089",207885.895152224
"01091",477741.711548586
"01093",369042.361292401
"01095",158855.073567232
"01097",498325.072260476
"01099",571357.020553566
"01101",256207.066943683
"01103",189730.70387202
"01105",343920.490188363
"01107",476500.162460257
"01109",303582.657916171
"01111",281861.484223331
"01113",314138.108510143
"01115",309322.838280042
"01117",338273.834925033
"01119",455421.785823836
"01121",306431.242175224
"01123",393749.017090247
"01125",698091.309241783
"01127",387922.025618566
"01129",625097.215331988
"01131",504987.35394912
"01133",313564.904220578
"04001",2847355.42406039
"04003",1028861.69843449
"04005",4474581.51089414
"04007",1736217.37812923
"04009",935842.038749154
"04011",647965.261403667
"04012",4638.97965738758
"04013",75412.3902424132
"04015",1505188.32576384
"04017",2130307.75500583
"04019",754959.803625045
"04021",212608.758645723
"04023",377805.242836073
"04025",1735178.03220632
"04027",16055.0909090909
"05001",199732.9754482
"05003",416452.263607354
"05005",216835.761022396
"05007",224660.009176991
"05009",169749.844106697
"05011",367484.267237734
"05013",355726.060981634
"05015",212051.994182194
"05017",127791.135883491
"05019",463797.039888358
"05021",71482.8335723929
"05023",273876.021220487
"05025",330416.112461017
"05027",441127.182408252
"05029",181282.139624053
"05031",61387.2145582061
"05033",233087.327187714
"05035",43098.2725196872
"05037",47021.1063216506
"05039",411731.613064258
"05041",156968.430210519
"05043",420390.451197526
"05045",211249.050234085
"05047",211620.696224203
"05049",239361.527223785
"05051",391118.755171918
"05053",391543.878926351
"05055",92432.3777450551
"05057",299738.004224021
"05059",259521.950724896
"05061",278958.755315113
"05063",212202.649943179
"05065",242485.010037571
"05067",76451.2060929503
"05069",208388.48351779
"05071",312438.566857098
"05073",210181.832916555
"05075",91197.6219994643
"05077",93898.1418474192
"05079",141756.17900556
"05081",186882.912898325
"05083",260513.790321127
"05085",127458.646451658
"05087",323708.567032937
"05089",258818.927510474
"05091",194063.586475264
"05093",31417.7223530687
"05095",182345.421049612
"05097",416256.995007974
"05099",329379.504116181
"05101",424895.647051723
"05103",393475.098820451
"05105",273598.849333847
"05107",93721.5367290464
"05109",309798.157209631
"05111",75869.8015474326
"05113",439199.612259334
"05115",386490.872833231
"05117",115387.226867719
"05119",229889.820053322
"05121",185319.430439381
"05123",105395.538839005
"05125",328061.892197403
"05127",452818.832550063
"05129",290110.387719324
"05131",156143.908902193
"05133",243202.593681737
"05135",254012.221474617
"05137",334256.589267597
"05139",634635.165336546
"05141",344276.488847379
"05143",322710.054222986
"05145",236371.287860627
"05147",108458.705731931
"05149",486657.732686458
"06001",103467.283803553
"06003",365390.081738656
"06005",205846.678374766
"06007",542628.444952403
"06009",531359.822254093
"06011",217995.386027052
"06013",57554.2261118264
"06015",648353.450644273
"06017",805180.892655596
"06019",1185655.20121554
"06021",212925.199066347
"06023",1663578.45886431
"06025",7709.81093273435
"06027",493784.577744587
"06029",758207.43344691
"06033",386981.461571469
"06035",1281554.21299748
"06037",186883.626500395
"06039",654043.047368572
"06041",100310.926387245
"06043",650167.176394865
"06045",1706466.65240239
"06047",30492.5694376672
"06049",1254189.00856051
"06051",730110.972666372
"06053",442232.674334411
"06055",210608.458925971
"06057",402267.860953784
"06059",2197.29103119926
"06061",620977.097151438
"06063",1434839.92054097
"06065",92215.2959588556
"06067",14056.3966151782
"06069",119112.745625619
"06071",474603.948084816
"06073",126257.139601853
"06077",14743.6415663693
"06079",227089.353376659
"06081",81257.3310662966
"06083",247448.064201828
"06085",247322.497693228
"06087",223102.389595375
"06089",1888330.60343015
"06091",472275.799124869
"06093",3108737.48076653
"06095",25581.5511583394
"06097",448328.785483066
"06099",98472.565757956
"06101",11583.9109186822
"06103",1027229.91476448
"06105",1862209.65610412
"06107",1334414.77683307
"06109",1077052.8446186
"06111",238107.245618122
"06113",70436.7526656762
"06115",181977.832666777
"08003",28198.9230769231
"08005",5727.5
"08007",711294.139335524
"08009",25570.75
"08011",38179.8580645161
"08013",240145.060922803
"08015",412618.020771625
"08019",169251.878747435
"08021",264441.980807176
"08023",300536.55010954
"08027",246344.948582303
"08029",333712.244738706
"08033",407835.95461028
"08035",224954.694330093
"08037",752628.374334049
"08039",32512.1762868687
"08041",230263.819681304
"08043",693556.349515335
"08045",1260122.08265975
"08047",92727.6428571429
"08049",769274.578407534
"08051",1205440.14982442
"08053",410277.255978946
"08055",422863.821418826
"08057",421531.229496966
"08059",309048.870644207
"08065",128078.434273361
"08067",757469.338270344
"08069",895941.542270835
"08071",942936.152245543
"08075",6117.63212435233
"08077",1308126.54309626
"08079",389728.414792826
"08081",780422.833133294
"08083",713463.409834188
"08085",950064.509167604
"08089",29901.4512285837
"08091",230228.317127584
"08093",687415.832061398
"08097",405849.098601857
"08101",187404.370736536
"08103",1299976.66894401
"08105",260760.631746658
"08107",895296.550516748
"08109",942908.973316196
"08111",103935.788116113
"08113",486499.115479092
"08117",224834.35913579
"08119",277835.943925769
"08125",4424.75486381323
"09001",160638.447739688
"09003",203378.244357963
"09005",442003.756941025
"09007",169972.9800395
"09009",174530.621181675
"09011",243307.169517211
"09013",176249.549879263
"09015",193378.856927925
"10001",107927.415801137
"10003",55816.6808939378
"10005",191180.869915524
"12001",301436.1414307
"12003",285236.647855501
"12005",346603.733881684
"12007",154709.119566535
"12009",243310.96973557
"12013",334373.950424717
"12015",169070.221002138
"12017",215347.451400696
"12019",289278.104132763
"12021",966860.349977436
"12023",380539.581661602
"12025",151141.616497115
"12027",68817.3228215464
"12029",362219.871698729
"12031",229513.636392518
"12033",221159.201328933
"12035",198348.798716209
"12037",319010.897410858
"12039",234033.054673355
"12041",112614.730616259
"12043",175559.684812663
"12045",297431.492704528
"12047",209753.300358203
"12049",108672.09756302
"12051",78439.1827544413
"12053",190160.856332977
"12055",103843.196262733
"12057",143013.487149328
"12059",203560.774413513
"12061",40573.0432779496
"12063",381053.08771738
"12065",289369.069296449
"12067",280909.328637294
"12069",244744.519494529
"12071",176469.311244227
"12073",316195.412746332
"12075",472239.430058098
"12077",490933.883126279
"12079",333134.551550957
"12081",113387.80278942
"12083",542290.159401801
"12085",68415.6114815823
"12087",104146.674236272
"12089",279533.990522679
"12091",482823.118024554
"12093",59131.691636791
"12095",186764.447258146
"12097",252469.115325974
"12099",122738.774765932
"12101",190966.627492361
"12103",15568.1255687628
"12105",357664.227925873
"12107",352283.655301869
"12109",221330.100990281
"12111",52077.3967446281
"12113",499375.339031708
"12115",92276.4392616853
"12117",64244.0793115994
"12119",145805.557173245
"12121",255636.852194036
"12123",649796.750006046
"12125",143681.720927254
"12127",454105.061600219
"12129",317358.289601025
"12131",539806.911859913
"12133",287104.817070387
"13001",224096.373378761
"13003",154836.223999334
"13005",108107.861117458
"13007",129336.243588372
"13009",118386.091393315
"13011",83118.4244334161
"13013",46526.2490460968
"13015",161349.162676055
"13017",90347.2456602182
"13019",149111.012749153
"13021",76530.8076116307
"13023",80221.9219067548
"13025",259211.410156894
"13027",184961.785487095
"13029",204400.143344375
"13031",295609.143695412
"13033",318782.459433565
"13035",77348.0665162751
"13037",85378.633231674
"13039",272274.989102547
"13043",85478.1280170797
"13045",164508.807442232
"13047",49475.1217248409
"13049",467522.062634171
"13051",93437.2859362208
"13053",134909.08252098
"13055",187077.091942452
"13057",140411.955137738
"13059",25085.7539992273
"13061",75249.916849691
"13063",20575.7540214484
"13065",535279.839408381
"13067",22343.060472868
"13069",206913.879270856
"13071",149399.663828673
"13073",100402.991093048
"13075",78409.6393023942
"13077",174219.257864089
"13079",173474.212339455
"13081",80891.8674201974
"13083",83842.3720394394
"13085",105089.728942018
"13087",203926.977103328
"13089",46846.0964384075
"13091",241865.602442635
"13093",89504.6241744947
"13095",136695.830123286
"13097",81637.8274405274
"13099",185720.322503587
"13101",244943.092310158
"13103",232989.876198385
"13105",143860.368464744
"13107",320920.65065007
"13109",89099.348845435
"13111",203248.177182072
"13113",37292.3719258931
"13115",200509.286578083
"13117",59873.1005684648
"13119",74023.8043493072
"13121",116091.435837767
"13123",232906.275789003
"13125",78166.2675906964
"13127",139225.346266867
"13129",111688.124027219
"13131",160697.098486172
"13133",189779.776438939
"13135",68696.0420868168
"13137",116455.389718993
"13139",97039.0393728448
"13141",274187.082362338
"13143",119160.831499707
"13145",238200.397140404
"13147",56707.83174055
"13149",122812.615369926
"13151",85706.9512991115
"13153",125451.719507617
"13155",111060.81416996
"13157",110485.402973456
"13159",184993.84137512
"13161",137234.652472087
"13163",231371.557425926
"13165",157071.263080143
"13167",161344.750428954
"13169",204883.408121653
"13171",95648.8163368206
"13173",96193.6808331063
"13175",369090.009021422
"13177",152927.811594794
"13179",224577.863947014
"13181",114150.389367877
"13183",234887.437182929
"13185",199693.554566001
"13187",148205.49257125
"13189",116081.956584771
"13191",162975.879699908
"13193",146968.288024024
"13195",82548.2863746474
"13197",172277.566734865
"13199",267439.791134018
"13201",78884.6994736585
"13205",133667.028592778
"13207",181430.401067876
"13209",140838.28785457
"13211",160994.173864359
"13213",144704.616601039
"13215",68745.7272022575
"13217",73826.9299934998
"13219",62177.1898584132
"13221",232193.227672154
"13223",105674.655613226
"13225",40855.5523813688
"13227",114911.806154785
"13229",108091.529460449
"13231",95387.716249782
"13233",133610.584552162
"13235",82918.2406994967
"13237",147094.734747942
"13239",91031.7191770028
"13241",209588.682494004
"13243",184888.085685432
"13245",124664.414703997
"13247",16892.9824863807
"13249",118962.036769598
"13251",323725.686397346
"13253",44069.2822230082
"13255",82658.439513226
"13257",83710.5725775414
"13259",232888.761320709
"13261",194899.032671526
"13263",211220.828424812
"13265",122062.636971034
"13267",189419.214363914
"13269",240652.960554137
"13271",237825.978798767
"13273",160248.425694885
"13275",204150.865480213
"13277",79420.3779810765
"13279",160242.362931498
"13281",86101.9705139582
"13283",105075.712074359
"13285",204980.919267328
"13287",74477.4479320345
"13289",201122.544300939
"13291",146508.58660561
"13293",153347.16021385
"13295",171839.784747415
"13297",126039.981712436
"13299",482643.475024421
"13301",167397.801125322
"13303",319986.501266495
"13305",349450.318028029
"13307",89059.874237863
"13309",156362.950829988
"13311",137602.650668461
"13313",86552.2267273795
"13315",184367.556842675
"13317",237425.30156282
"13319",264835.221667416
"13321",171866.411348162
"16001",5800.06837606838
"16003",512065.13602953
"16005",152405.519899726
"16007",169754.814475562
"16009",400715.065655522
"16011",70292.3513513513
"16013",346707.083188892
"16015",888259.94654392
"16017",960356.833723411
"16019",390130.282697926
"16021",725016.36229098
"16023",160303.837326532
"16025",226091.5395914
"16029",414167.534845345
"16031",223387.487118098
"16033",218988.587430092
"16035",1421071.34045984
"16037",1440536.97358057
"16039",539050.243890861
"16041",118711.087093465
"16043",529607.117960847
"16045",40797.4084507042
"16049",4383291.8890485
"16051",6261.51327433628
"16055",576579.373243214
"16057",381554.353109787
"16059",1745698.52238839
"16061",88531.8195926416
"16065",49007.1029411765
"16069",109449.180288885
"16071",85447.5555555555
"16073",381193.12683147
"16077",87235.4092237164
"16079",1585864.85222947
"16081",111444.519064098
"16083",15199.6921182266
"16085",2082454.48409348
"16087",92832.0810498526
"17001",93828.4079440041
"17003",68252.5976292929
"17005",45773.7594052764
"17007",2926.81918031469
"17009",58791.467008816
"17011",32878.4618312612
"17013",59774.4713048317
"17015",51769.4531247576
"17017",43517.8531199358
"17019",6143.55957773587
"17021",19860.7717446884
"17023",67717.9166859504
"17025",39082.9793426956
"17027",33751.5493657071
"17029",37025.2869412647
"17031",74380.6773351252
"17033",48814.0582416891
"17035",8476.9561638487
"17037",17202.6441451571
"17039",13435.1965997069
"17041",7190.69873120222
"17043",7676.8559696792
"17045",3130.04705111716
"17047",13118.75723764
"17049",65293.1276439559
"17051",107545.468780988
"17055",62353.516709667
"17057",173212.166603991
"17059",40249.4636228132
"17061",36697.5277618007
"17063",8883.08244062591
"17065",73823.8515623899
"17067",61477.6889782254
"17069",82736.1846129943
"17071",40814.5489669276
"17073",34467.8213099274
"17075",29889.612147447
"17077",150555.605003177
"17079",36908.371165431
"17081",88768.7843172186
"17083",64641.8746492269
"17085",50646.2479434132
"17087",120815.591185477
"17089",22781.5851162416
"17091",14974.4496527255
"17093",8616.1932524363
"17095",62565.594234047
"17097",35019.3266652614
"17099",35686.1866475842
"17101",50813.9415634526
"17103",16440.4111822157
"17105",11728.5413248563
"17107",20542.2726104701
"17109",58134.6296585367
"17111",54607.5350365163
"17113",14521.277599143
"17115",14865.1702516507
"17117",91124.1638871615
"17119",97424.333829006
"17121",85068.017614191
"17123",22325.4012992475
"17125",23016.9211519663
"17127",50803.9571047056
"17129",16400.5740858594
"17131",32928.9490613143
"17133",36381.241689525
"17135",66822.897183203
"17137",37750.9892646507
"17139",5402.14372741748
"17141",45157.3017986714
"17143",69228.424926661
"17145",46923.3002450177
"17147",6143.55957773587
"17149",109040.035675029
"17151",167880.024395637
"17153",46669.8753631765
"17155",25665.5945944398
"17157",94086.7568318952
"17159",41650.4397560157
"17161",42399.8158954515
"17163",65312.3248899321
"17165",80770.8961622377
"17167",44621.9042305507
"17169",118769.318488249
"17171",1486.9751726942
"17173",50417.8427427968
"17175",6946.90549137192
"17177",23570.8715794017
"17179",18681.0964509433
"17181",125464.239666029
"17183",54530.6287024669
"17185",336.447964714444
"17187",26819.493830798
"17189",37065.2934858415
"17191",92242.6219444181
"17193",53868.8728107658
"17195",22986.4335769622
"17197",32597.9394204786
"17199",69655.2727390787
"17201",25143.4287857468
"17203",37777.9274150283
"18001",8693.87349791005
"18003",79773.3794142783
"18005",45884.7891780216
"18009",12023.0154432789
"18011",7402.48193275423
"18013",166060.700347393
"18015",17009.502481086
"18017",22319.4459718641
"18019",75528.4956795954
"18021",58941.0163109477
"18023",108.905151444523
"18025",128423.582317962
"18027",29688.1967532533
"18029",106116.764651758
"18031",32798.364648736
"18033",25319.8698105319
"18035",13644.7313239558
"18037",83213.5302493435
"18039",43100.6081096295
"18041",38839.5827787586
"18043",46341.7639542215
"18045",44848.0535843762
"18047",106676.260978578
"18049",5310.99092091116
"18051",41477.2663873669
"18053",32307.6975825609
"18055",128777.375808429
"18057",20495.5027906812
"18059",17067.3686063755
"18061",123541.46307412
"18063",30398.0261444128
"18065",22006.6145247152
"18067",11817.9116601416
"18069",37456.2565522098
"18071",131596.577429188
"18073",25975.861151407
"18075",30278.0955175309
"18077",81281.1441152731
"18079",126086.53664863
"18081",37641.5340158779
"18083",36925.4979936338
"18085",56499.3334852707
"18087",33249.671510076
"18089",12422.6637120334
"18091",52992.9849752251
"18093",140102.347283474
"18095",22120.108090705
"18097",24322.1286597638
"18099",36061.5749550456
"18101",149002.201407489
"18103",20001.0301341595
"18105",158949.47367249
"18107",44177.9825666018
"18109",101854.600377849
"18111",19168.6648432067
"18113",41962.739710629
"18115",17155.3000075634
"18117",124668.97814122
"18119",135213.077847938
"18121",94864.5866110394
"18123",149853.358850111
"18125",86909.4728586256
"18127",34393.5376588294
"18129",41862.2911458098
"18131",33114.6926615496
"18133",85849.1574006514
"18135",18321.6263305735
"18137",88297.7674472639
"18139",20951.9548869694
"18141",34617.667454993
"18143",33835.6094382667
"18145",15504.9236150443
"18147",60732.2194202361
"18149",18839.0143373983
"18151",27064.2715532946
"18153",72820.8725117888
"18155",60856.3445167
"18157",31485.8983871813
"18159",3699.28010264151
"18161",26338.174773307
"18163",12747.8004970205
"18165",22015.364435215
"18167",51170.4266216397
"18169",34589.3576167018
"18171",17090.2363851869
"18173",69571.5407075591
"18175",128880.640945293
"18177",10471.0409884461
"18179",21912.8263129298
"18181",19911.39850603
"18183",22798.2446717667
"19001",15644.1712553815
"19003",5294.02281012808
"19005",155085.541884886
"19007",82524.5301574109
"19009",5366.68067222043
"19011",33405.7490792351
"19013",26764.6160571225
"19015",26278.0626202217
"19017",19862.6450058728
"19019",4504.90543993827
"19021",10037.6062052856
"19023",11516.2678273511
"19029",8590.13673442162
"19031",17840.2464773274
"19033",6454.20790530135
"19035",16551.3905689879
"19037",6006.54058658437
"19039",46409.9609632485
"19041",8364.76245599794
"19043",101507.512956567
"19045",29242.1462613899
"19047",21735.6481784698
"19049",42160.7746012434
"19051",49105.1383456456
"19053",84473.9758502235
"19055",17426.6487091423
"19057",68445.2139351739
"19059",1238.94466019417
"19061",73052.0674856151
"19063",3023.74826994693
"19065",25575.917588793
"19067",31501.0557968492
"19069",4955.7786407767
"19071",25507.308303887
"19073",30415.8998426782
"19075",5935.60249260185
"19077",55155.5540004944
"19079",6249.14646493135
"19083",19270.4987184732
"19085",40656.0430999872
"19087",40446.2187855435
"19089",28236.9461775237
"19091",5947.20291001929
"19093",3353.7585594239
"19095",27554.2652432061
"19097",102268.571906998
"19099",14911.1877833469
"19101",32976.6045971969
"19103",49508.4662385086
"19105",25560.8720140385
"19107",22719.7762846229
"19109",1382.46894685436
"19111",77731.9851004433
"19113",44890.9890571971
"19115",21435.4857524865
"19117",58822.627974654
"19119",8751.4611623868
"19121",47452.759096098
"19123",45429.4977033779
"19125",41934.1424990646
"19127",17519.3520606095
"19129",33439.0032638478
"19131",8295.33464444199
"19133",32056.4591190754
"19135",65944.7408371203
"19137",13225.4397454766
"19139",35385.0195094899
"19141",784.673951947946
"19145",30910.4317680746
"19147",6325.55047590002
"19149",29721.1125243338
"19151",2558.61399866796
"19153",46990.2491395497
"19155",34312.0539114556
"19157",18157.7666504427
"19159",25261.9734246683
"19161",4145.81447370048
"19163",27964.2491094763
"19165",4119.62087555232
"19169",30601.9262929057
"19171",66980.8835473557
"19173",17218.3214288253
"19175",21021.9542981249
"19177",66268.5646938252
"19179",58863.0912948398
"19181",34820.5270106235
"19183",27126.3367246743
"19185",37327.4973646723
"19187",29415.1070864254
"19191",61982.6883869024
"19193",26894.2214361416
"19195",2152.78635097751
"19197",13312.8195849356
"20001",22290.1356413162
"20003",28406.7901174821
"20005",24930.4192905449
"20007",38249.5206045857
"20009",6267.18999583139
"20011",85738.8022996339
"20013",26429.313291866
"20015",59596.42412162
"20017",26584.9235362302
"20019",93282.2505780855
"20021",59739.5028962582
"20023",2809.62013338763
"20025",4481.36574603603
"20027",23403.7262391546
"20029",40428.803657847
"20031",31396.6836420939
"20033",5975.15432804804
"20035",36401.5266485165
"20037",72857.1749588707
"20039",1493.78858201201
"20041",7097.79181079996
"20043",45252.5223167662
"20045",77794.6546468525
"20047",2174.40048605698
"20049",26789.0822498991
"20051",1105.98156678723
"20053",23919.9541345411
"20057",5037.48467044711
"20059",45608.6395636145
"20061",44627.9777935921
"20065",9439.60390124112
"20069",5975.15432804804
"20073",66942.0726122425
"20075",3722.83782955332
"20077",10200.0416974283
"20079",7909.4837942259
"20085",29282.3371790433
"20087",76251.8772496651
"20089",17600.1419884683
"20091",12905.0055664817
"20095",33301.4504707324
"20099",30578.474542098
"20103",95935.9120298291
"20105",3358.32311363141
"20107",87179.22976928
"20111",30382.4135742144
"20113",14999.8660959649
"20115",18878.8360437941
"20117",39921.709393052
"20121",50691.2395474616
"20123",10752.0853225873
"20125",57357.6566807971
"20127",15219.2233502849
"20131",11689.0277456172
"20133",50745.9352238823
"20137",9597.38848418001
"20139",61598.261913484
"20141",21651.3760696187
"20143",19266.6731297857
"20145",11754.1308977099
"20147",21198.1512724534
"20149",86512.7375962252
"20151",4056.03633550259
"20155",42463.8350437234
"20157",26367.7484643691
"20159",20160.7434653709
"20161",49374.4660274821
"20163",8395.80778407852
"20165",9768.52805111172
"20167",7262.89568821164
"20169",15276.8533538905
"20173",8281.92577919402
"20175",5975.15432804804
"20177",46404.2933080154
"20183",9114.96049888774
"20185",19992.634827146
"20191",9704.22339128684
"20195",1349.08333333333
"20197",34174.139107328
"20201",33319.7712014467
"20205",53482.4590889561
"20207",35025.1517889036
"20209",24702.4918979938
"21001",118941.553291399
"21003",103973.851283039
"21005",62905.7803443219
"21007",36405.3244359996
"21009",61444.8891668924
"21011",90693.0719578244
"21013",198000.331726352
"21015",48938.8602302499
"21017",8881.63851704412
"21019",61478.4749879252
"21021",32093.2039189694
"21023",79816.098016412
"21025",273182.093293465
"21027",155356.094525214
"21029",113497.680091475
"21031",157411.574919157
"21033",64841.1439594977
"21035",77452.8693861234
"21037",47585.4640564885
"21039",16129.8570853872
"21041",25725.6840122744
"21043",197319.021706947
"21045",172287.907708485
"21047",206829.170995938
"21049",43036.6076597037
"21051",265415.110300159
"21053",81122.0302945213
"21055",81432.4458850484
"21057",149833.59131382
"21059",47698.9010373093
"21061",117519.691586351
"21063",81635.7200006473
"21065",132314.281153428
"21067",9232.21961602025
"21069",66250.6040279352
"21071",191465.515443589
"21073",44897.6872232947
"21075",43225.392402154
"21077",29680.1771268293
"21079",33856.176719205
"21081",93626.0129359647
"21083",77890.891015125
"21085",141337.477621334
"21087",57720.9494998048
"21089",147294.82124416
"21091",44223.3761901024
"21093",151423.575432882
"21095",261385.940653816
"21097",32160.5680479997
"21099",108490.869459167
"21101",30507.5760036675
"21103",77631.8296858502
"21105",54137.3839300958
"21107",165909.55782933
"21109",172857.375648911
"21111",55009.8254454217
"21113",24609.3988194423
"21115",136115.630041479
"21117",47533.4752667909
"21119",188476.908869739
"21121",191641.339603035
"21123",46268.7999920002
"21125",172774.738679061
"21127",214993.082260315
"21129",110432.178842779
"21131",235062.219026134
"21133",211494.401355058
"21135",251560.843745147
"21137",62967.6130427362
"21139",116737.045607595
"21141",109005.226193616
"21143",86543.4038797842
"21145",46236.2108982435
"21147",239344.606297569
"21149",32916.4805304114
"21151",80572.4982680816
"21153",168845.262772331
"21155",83069.9952213521
"21157",64325.5013926887
"21159",115815.643533343
"21161",34738.0971623782
"21163",60938.6829235088
"21165",89251.1192626401
"21167",34970.9538862139
"21169",87753.0592356174
"21171",56573.2371008634
"21173",28702.9837965918
"21175",192432.064860603
"21177",154391.117180734
"21179",90077.9853135058
"21181",31693.8067770452
"21183",177753.225811539
"21185",20401.1256084585
"21187",119046.76479838
"21189",94333.1093850752
"21191",101736.118352609
"21193",166903.851369673
"21195",362371.223543331
"21197",81393.8694471879
"21199",204065.821900641
"21201",30731.9823537718
"21203",133444.719039568
"21205",138757.120544346
"21207",90136.6448122924
"21209",45575.3915848204
"21211",52345.6449602866
"21213",15124.993906883
"21215",52781.6159119619
"21217",84900.5656526578
"21219",54624.1640112376
"21221",149446.686426501
"21223",52176.5634799075
"21225",28742.220275573
"21227",88793.700717545
"21229",67409.8217099759
"21231",216228.510646114
"21233",46944.1160592029
"21235",169929.358428506
"21237",112742.828087795
"21239",16819.3076168531
"22001",136907.113407174
"22003",401239.571894769
"22005",69751.5618825613
"22007",114924.80013884
"22009",297153.975953764
"22011",591479.578079131
"22013",460027.325259696
"22015",365735.144521695
"22017",296151.222309099
"22019",281505.90344633
"22021",298667.78097636
"22023",10796.4332013474
"22025",192581.680726572
"22027",415777.187773006
"22029",256411.982701138
"22031",399471.665998782
"22033",128095.918897166
"22035",70635.7825662871
"22037",192418.346454349
"22039",227236.816929601
"22041",109398.126878279
"22043",300316.190776183
"22045",126825.828805526
"22047",322662.810045597
"22049",386183.800003116
"22051",20160.6808098307
"22053",33069.7686823569
"22055",12472.9382479529
"22057",108868.814429126
"22059",345235.647978676
"22061",246558.185605383
"22063",309834.090248541
"22065",169191.640335526
"22067",242600.06466747
"22069",616562.673196323
"22071",4405.85622968652
"22073",243616.050256856
"22075",19439.5498833643
"22077",193667.957231061
"22079",580290.375916399
"22081",166379.029241721
"22083",74972.4017151281
"22085",483636.444260091
"22087",7158.81255237086
"22089",61515.1330467524
"22091",169586.595149381
"22093",89202.3834941986
"22095",60386.4089876889
"22097",242928.461954126
"22099",295561.449746438
"22101",165342.3993397
"22103",295921.204150501
"22105",316988.86878846
"22107",199602.678760925
"22109",90791.2010608634
"22111",451603.551246438
"22113",7839.32614038905
"22115",768193.067707
"22117",318925.854558948
"22119",266097.573180899
"22121",51652.5829721393
"22123",57430.0999570925
"22125",186498.145108343
"22127",575759.667691341
"23001",198025.523092327
"23003",3863171.06414522
"23005",357762.874367545
"23007",1009421.38964562
"23009",895705.073937881
"23011",376156.201339572
"23013",176071.018692723
"23015",199667.562221839
"23017",1249543.91703939
"23019",1937923.41764924
"23021",2450128.96690403
"23023",104898.19012885
"23025",2338698.95028877
"23027",387505.65483129
"23029",1513756.53201916
"23031",463317.421722076
"24001",196821.758004401
"24003",55743.2758667309
"24005",143184.63493331
"24009",74204.7261679797
"24011",51925.2358849285
"24013",45835.2898538192
"24015",74657.8865053055
"24017",160535.253025308
"24019",129976.663537801
"24021",131373.103027971
"24023",257451.770379115
"24025",86154.1837439562
"24027",40239.2332218934
"24029",46666.8996095571
"24031",98074.5462430797
"24033",127519.280032541
"24035",64693.133539055
"24037",133289.387202645
"24039",92173.2778954291
"24041",53903.9983040778
"24043",128138.28596851
"24045",117793.657788769
"24047",136446.685170044
"24510",1536.10410611292
"25001",97709.4917791425
"25003",471526.125705926
"25005",170912.900349331
"25007",25503.4157113773
"25009",129830.884212883
"25011",384144.313364707
"25013",291914.137594757
"25015",210863.937557469
"25017",233427.580099261
"25019",13840.1637950717
"25021",113612.567587485
"25023",210340.73009054
"25027",630720.973663449
"26001",336454.086760989
"26003",549573.146924465
"26005",164887.387323215
"26007",253279.850095819
"26009",160193.117265395
"26011",105620.547743332
"26013",565902.631914374
"26015",125936.568181839
"26017",51985.7695385667
"26019",146946.335567755
"26021",98963.9552333098
"26023",80242.3098295842
"26025",87913.5509244768
"26027",73603.6557409302
"26029",175511.239419542
"26031",353645.226491329
"26033",787821.284753401
"26035",202800.344890482
"26037",38933.5356247096
"26039",295883.740136577
"26041",625098.709839533
"26043",369677.683949878
"26045",69807.7586751005
"26047",211340.552345255
"26049",88165.7923495605
"26051",248622.147367021
"26053",665567.84496969
"26055",217500.370774955
"26057",41839.103777968
"26059",90774.5325733826
"26061",594311.990781336
"26063",87524.9846346901
"26065",64311.7627520824
"26067",86566.6166449312
"26069",225392.67566931
"26071",697075.19639101
"26073",124491.369870279
"26075",124578.640377398
"26077",136254.58046332
"26079",287770.547667
"26081",191168.219959002
"26083",352964.795696588
"26085",371363.603435057
"26087",134994.886530848
"26089",132610.894100677
"26091",70312.6439285033
"26093",89910.3873366282
"26095",524854.724050573
"26097",607202.777550766
"26099",60547.934938481
"26101",230747.968165901
"26103",1077073.48934948
"26105",217445.053012722
"26107",104636.430803577
"26109",529775.383346266
"26111",163124.774218308
"26113",203881.735394359
"26115",54610.4852503975
"26117",154368.755144677
"26119",275755.70971921
"26121",192051.443548103
"26123",341610.736042203
"26125",139768.316563798
"26127",185840.565511464
"26129",203838.658443725
"26131",657268.433609936
"26133",212746.466806753
"26135",329334.962775119
"26137",280657.51930642
"26139",106117.273883611
"26141",293575.439739508
"26143",271368.702369113
"26145",91068.363892575
"26147",124384.969974915
"26149",103311.025160722
"26151",119956.870991945
"26153",582871.62665313
"26155",46131.1344736368
"26157",129241.541511593
"26159",97660.1696671528
"26161",88854.7958602306
"26163",46458.6042025922
"26165",262988.844004289
"27001",851370.820335976
"27003",57492.1582459212
"27005",322839.44827621
"27007",1017616.42059609
"27009",45708.1491844558
"27011",4721.86206290509
"27013",34850.8739903797
"27015",11872.9181269106
"27017",328144.988537282
"27019",14223.7159714414
"27021",853258.896374219
"27023",5382.26328450721
"27025",61753.0986049408
"27027",23826.7624655451
"27029",311853.606895426
"27031",936346.757867655
"27033",5804.68773629384
"27035",372963.399594207
"27037",40769.6517677621
"27039",15324.4964299498
"27041",50317.4315120711
"27043",6772.00064639623
"27045",88061.8999527488
"27047",3319.04493049833
"27049",70935.6352309162
"27051",7421.63031887403
"27053",37271.4892369951
"27055",146943.110697937
"27057",386204.222475068
"27059",71886.9257561111
"27061",1390916.1690058
"27063",10647.6067692931
"27065",154268.92772233
"27067",42431.3004880814
"27069",91620.4035866354
"27071",1738718.91054461
"27073",17768.5579268281
"27075",1283229.26360817
"27077",556876.441003053
"27079",21354.6182684751
"27083",1395.85073396894
"27085",7504.751628886
"27087",114991.522428969
"27089",168550.535140472
"27091",4571.15391419198
"27093",18711.7027532671
"27095",140472.418749404
"27097",233168.794975042
"27099",3443.92087250628
"27101",4579.32675355032
"27103",17811.3201870495
"27107",21449.3341939354
"27109",59798.2991669466
"27111",207608.641670075
"27113",41038.2827898228
"27115",561294.563809268
"27119",73106.2205585263
"27121",18762.7809685909
"27123",2190.77737255094
"27125",31920.7267332934
"27127",9311.65162157884
"27129",13140.8920880055
"27131",44267.5092493152
"27135",282402.021632676
"27137",3203259.82179574
"27139",36355.3665894059
"27141",80391.7319336726
"27143",23519.9366828026
"27145",88381.2652335791
"27147",7774.36054424499
"27149",9185.80980442396
"27151",16717.7701713589
"27153",149894.004092689
"27155",912.726035770776
"27157",82365.3526121344
"27159",116237.361455414
"27161",10531.1990713536
"27163",53021.7441748072
"27165",4214.98365734631
"27167",6322.10785011449
"27169",154666.671481744
"27171",52445.2014669433
"27173",4665.34497719965
"28001",197869.065835369
"28003",157189.350262254
"28005",387062.587891805
"28007",383487.02820383
"28009",197897.838323652
"28011",152143.503804522
"28013",250143.787883645
"28015",304937.656031842
"28017",157240.198663117
"28019",229388.521151305
"28021",247207.829598853
"28023",368455.719970585
"28025",161909.93756878
"28027",73837.6853315552
"28029",414407.525755409
"28031",127574.896360797
"28033",115326.03201815
"28035",208524.717741667
"28037",322224.211736414
"28039",212039.709197649
"28041",402065.037082485
"28043",149762.724827073
"28045",203506.956097274
"28047",275304.776854546
"28049",255300.131524849
"28051",364711.144124158
"28053",62167.1075744321
"28055",143039.595106402
"28057",292512.344069979
"28059",330988.788554778
"28061",323174.664014932
"28063",270842.298865094
"28065",183706.787010778
"28067",297912.098397434
"28069",420525.873246263
"28071",272662.639216623
"28073",222938.898511958
"28075",331967.472619289
"28077",193735.064628395
"28079",295761.990980269
"28081",91524.3025575358
"28083",75105.496062234
"28085",303950.046229157
"28087",135574.653845047
"28089",259852.311235877
"28091",266413.784534207
"28093",250870.971649853
"28095",293965.423302848
"28097",222603.373874479
"28099",299729.611507069
"28101",294735.40834741
"28103",309268.082980152
"28105",241138.142694377
"28107",219738.595666007
"28109",355950.921981154
"28111",356661.780735281
"28113",170830.289958205
"28115",170365.018657729
"28117",171699.761213099
"28119",44744.9029141759
"28121",320170.712122433
"28123",283964.4656247
"28125",114765.074601321
"28127",264713.52619687
"28129",301095.375573876
"28131",241972.608543666
"28133",14723.017393146
"28135",146572.455045636
"28137",120134.796103743
"28139",235199.25685746
"28141",192552.51000325
"28143",78288.9973179887
"28145",113335.096111946
"28147",203322.374546052
"28149",205455.334222012
"28151",55972.4944841482
"28153",404518.701215801
"28155",179258.033873561
"28157",393196.189636958
"28159",290889.679763446
"28161",245169.961373778
"28163",302880.268900845
"29001",95110.8662885272
"29003",29664.0874943683
"29005",40441.2020217801
"29007",56387.006900697
"29009",216560.714264811
"29011",75942.754929703
"29013",111310.370881188
"29015",255826.360927529
"29017",170942.624168365
"29019",181030.715529433
"29021",43699.1632116317
"29023",138640.024382448
"29025",16920.2885028052
"29027",213674.078491954
"29029",255117.747582071
"29031",105968.712886677
"29033",41795.6720880251
"29035",265837.652871962
"29037",114445.338948926
"29039",97034.8927809993
"29041",55041.6208102818
"29043",163484.510818214
"29045",61729.7653054236
"29047",27280.4204783291
"29049",5995.94657210606
"29051",122418.241645125
"29053",68586.227637736
"29055",288366.694559139
"29057",46880.872873707
"29059",175160.895472797
"29061",62024.5071181509
"29063",34550.4549864149
"29065",323447.712228513
"29067",337642.263139174
"29069",14181.9985289115
"29071",276159.341304348
"29073",167509.820484879
"29075",54530.1924600376
"29077",110087.008766366
"29079",29181.5277886177
"29081",79139.6272419289
"29083",113038.445331074
"29085",141358.326334139
"29087",23237.7811376269
"29089",84314.2049483104
"29091",246277.443064006
"29093",296880.871117764
"29095",56270.3510708788
"29097",69140.5879578173
"29099",209246.577694318
"29101",97484.010897506
"29103",48436.0057837277
"29105",257029.531973175
"29107",34298.2114486706
"29109",83314.3552475663
"29111",54042.4667183292
"29113",145440.223033774
"29115",39157.3537258982
"29117",50950.9661837757
"29119",188899.014130724
"29121",88769.0090116281
"29123",217730.464472546
"29125",138248.082379412
"29127",52077.7965716955
"29129",45984.6838800428
"29131",180522.503806329
"29133",20968.5500728833
"29135",46344.7195790895
"29137",120466.483759319
"29139",102493.392159193
"29141",185981.499161658
"29143",29858.8937121624
"29145",110334.765437407
"29147",38423.6971450811
"29149",309687.185750169
"29151",170907.351282338
"29153",277130.83248625
"29155",1731.18135799948
"29157",93636.3614498791
"29159",51393.4759389804
"29161",290770.090232205
"29163",133316.5799233
"29165",44479.8726698613
"29167",119924.787748195
"29169",258262.643576272
"29171",67383.0680030275
"29173",48659.5176558586
"29175",54127.5975316574
"29177",56212.3529589054
"29179",445691.515845378
"29181",302087.073342404
"29183",84073.870041057
"29185",186172.236061721
"29186",189956.295693308
"29187",184438.041192838
"29189",73976.1240715465
"29195",94557.8395547022
"29197",41217.2369685095
"29199",48718.0669159521
"29201",35245.1768887509
"29203",544349.850369786
"29205",69237.1776244947
"29207",52035.6665605175
"29209",177098.59482469
"29211",63583.0414169063
"29213",296158.660752647
"29215",481842.869887975
"29217",92364.0632484264
"29219",152574.069991423
"29221",355504.596135707
"29223",382616.515156596
"29225",128846.215066819
"29227",3166.99483257498
"29229",179312.213386052
"30001",1297482.88634443
"30003",376793.118652998
"30005",133427.892553071
"30007",282164.904154379
"30009",294836.656004851
"30011",106269.832436975
"30013",334884.242885641
"30015",59949.1571002278
"30017",156103.701075519
"30021",29143.1316889802
"30023",280393.596786662
"30027",536883.503128962
"30029",2795754.04748744
"30031",901484.19611767
"30033",180532.913837903
"30035",396797.440211314
"30037",70036.5581395349
"30039",806870.175860284
"30041",33653.9229508197
"30043",643197.411594082
"30045",301194.202503703
"30047",546780.434601973
"30049",1383135.43916222
"30051",7469.36290322581
"30053",2170251.64914093
"30057",905598.937914173
"30059",657657.346041962
"30061",736532.866425807
"30063",1421164.46172738
"30065",315059.738261064
"30067",1051508.64262796
"30069",146678.728811695
"30071",130800.542354286
"30073",136770.696664913
"30075",485977.137235653
"30077",982616.343287434
"30079",21557.300257732
"30081",1190604.04082835
"30083",22136.9736842105
"30085",29164.7884615385
"30087",437244.14468382
"30089",1455670.26761477
"30093",248297.083229327
"30095",260730.762299133
"30097",396235.677407426
"30099",244056.992022624
"30101",6074.86829268293
"30103",100927.180249978
"30105",36225.1209481287
"30107",83380.7432432432
"30109",15909.8591288889
"30111",133387.137531509
"31001",1634.97634440327
"31003",9819.15833947187
"31007",6216.59032971462
"31011",7724.89214149368
"31015",38878.603294482
"31017",16069.9097256675
"31019",19787.7403828638
"31021",17403.2115458654
"31025",13660.9188193072
"31027",7275.08611547791
"31029",1250.71786084186
"31031",49760.7741394058
"31037",14601.3998916069
"31039",12200.3782983117
"31041",43089.810427689
"31043",14419.5549637723
"31045",101599.26381887
"31047",7072.53884880653
"31049",4480.21876197472
"31051",9698.41431504409
"31053",10605.4833143848
"31055",6007.50298553089
"31057",5268.37884658132
"31059",3039.48403591966
"31061",14267.1812537152
"31063",17585.4379943743
"31065",18821.112544716
"31067",4482.44428512701
"31069",8010.1138761546
"31071",5768.29998525835
"31073",597.668449521512
"31083",26649.0597893011
"31087",6539.90537761308
"31089",47027.7449225943
"31091",7691.06664701113
"31093",21989.3517332903
"31095",8859.6030575565
"31097",20025.3130957017
"31099",2036.60346115385
"31101",17678.5848172513
"31103",53072.7508689703
"31107",70292.8569940129
"31109",13661.8247419764
"31111",100370.197963321
"31115",14364.8229329493
"31119",6868.88076923077
"31121",3999.36294755151
"31123",13809.2350499822
"31125",47768.3821400373
"31127",18114.8207836103
"31129",6694.66282227865
"31131",29073.2519987843
"31133",3175.89048331285
"31139",12841.7923120318
"31141",3394.59491089466
"31145",1281.43042432867
"31147",25419.2133081446
"31151",19933.8103322957
"31153",5916.65878715136
"31155",20671.0655642378
"31157",25786.958862712
"31159",13661.3692303425
"31161",51205.3461051504
"31163",8471.12841298651
"31165",42209.961977286
"31167",19815.5909264364
"31169",20807.3222289468
"31171",15812.5489971667
"31173",26055.2050450684
"31175",2154.21848057555
"31177",15807.096026229
"31181",23699.5963971125
"31183",16386.0960115012
"32001",204358.666387051
"32003",409704.922384961
"32005",230581.983904271
"32007",1158074.65799007
"32009",215178.721967873
"32011",486796.446984068
"32013",93033.2612582576
"32015",485573.600122501
"32017",1856818.9966824
"32019",159703.867759925
"32021",471902.572622856
"32023",2009046.6270299
"32027",145387.258133373
"32029",21831.3362068966
"32031",360360.392683522
"32033",2220579.56735571
"32510",38741.8888888889
"33001",206781.932902589
"33003",527127.51350177
"33005",343234.251793673
"33007",1101874.74895335
"33009",934271.95464517
"33011",404502.220342809
"33013",487887.16327358
"33015",244475.154655531
"33017",149234.052202059
"33019",292135.549953994
"34001",194730.842929727
"34003",17558.0739744318
"34005",280609.95000492
"34007",44476.1174948567
"34009",65741.1320253632
"34011",140993.986704062
"34013",8035.73467474508
"34015",72084.3089926985
"34017",1522.19355768953
"34019",85544.5689703953
"34021",40146.290939548
"34023",56566.6440468785
"34025",98933.6145938985
"34027",121843.338613882
"34029",219595.93494912
"34031",82381.0690436163
"34033",60328.4991155535
"34035",47558.2185477933
"34037",228208.019083531
"34039",3611.50199997859
"34041",118047.943154786
"35001",156432.595200847
"35003",2831774.40360066
"35005",725465.481152932
"35006",1519326.88387355
"35007",1034176.50304135
"35011",158153.540892857
"35013",688896.647423053
"35015",627437.825395142
"35017",1135661.60576512
"35019",461175.429080783
"35021",234990.661554083
"35023",256849.355026667
"35025",405469.701596184
"35027",858574.223835266
"35028",47646.6382978723
"35029",308890.894280211
"35031",1297939.15769911
"35033",462956.449982884
"35035",1696678.2880381
"35037",234781.437469636
"35039",2545592.39585865
"35041",8235.35194013304
"35043",939992.962814471
"35045",577678.342526384
"35047",1535901.54473924
"35049",602284.822380395
"35051",549627.207851556
"35053",1039213.60116853
"35055",780871.032675998
"35057",601327.158681091
"35059",261242.596251212
"35061",57819.3678842222
"36001",206621.856232552
"36003",415596.113054915
"36005",12116.5448671533
"36007",277740.179898667
"36009",616313.554060153
"36011",177037.652517442
"36013",353496.430993341
"36015",144890.938874223
"36017",423149.811120174
"36019",502562.446341188
"36021",201996.461240309
"36023",222974.904635913
"36025",724070.088233598
"36027",273215.547866064
"36029",219028.35274722
"36031",1056560.52153429
"36033",856796.949046378
"36035",283729.727806127
"36037",97331.069245003
"36039",361952.141437605
"36041",1074281.7886874
"36043",762860.366574026
"36045",388289.703069014
"36049",552296.236480027
"36051",155587.536348061
"36053",205134.073610696
"36055",115124.925653903
"36057",50804.3717720625
"36059",14127.5627573871
"36061",2815.37330349319
"36063",90566.2409630464
"36065",441422.493950943
"36067",201107.700315154
"36069",197394.013496177
"36071",243017.705840086
"36073",71956.5045654874
"36075",316327.192402884
"36077",366829.002780952
"36079",77928.8908387494
"36083",266324.812045652
"36085",6030.67828084837
"36087",35039.6384446824
"36089",1311926.91617082
"36091",356664.614595795
"36093",93220.510935898
"36095",216659.966218729
"36097",123076.376596948
"36099",57300.8079140769
"36101",515418.097850458
"36103",204720.314265832
"36105",456395.929594635
"36107",136237.049867741
"36109",178831.661458459
"36111",565642.500326285
"36113",483246.614434873
"36115",334409.245010933
"36117",147857.554662587
"36119",124332.115778966
"36121",152454.141536197
"36123",101369.689103726
"37001",133382.738428744
"37003",105527.661908883
"37005",76263.887257884
"37007",223557.985241239
"37009",175937.94968032
"37011",126959.7065799
"37013",350231.913725481
"37015",333228.214453593
"37017",404729.290162921
"37019",424406.488390254
"37021",221663.923702811
"37023",242453.505402026
"37025",92406.9609772142
"37027",239548.052063906
"37029",79705.1598679891
"37031",175369.237790316
"37033",192951.902733237
"37035",84496.9859252369
"37037",274053.349282333
"37039",258892.74009827
"37041",51648.5818469341
"37043",87652.0510348194
"37045",132485.224751871
"37047",371858.906025899
"37049",289448.92652481
"37051",234360.863770215
"37053",40821.5109000878
"37055",160359.790748554
"37057",189710.934099894
"37059",85785.37558319
"37061",270363.934080043
"37063",94528.8965569745
"37065",172696.529733174
"37067",111845.815980066
"37069",201180.033499012
"37071",100698.757837601
"37073",138142.149978579
"37075",164902.344875116
"37077",228149.516004534
"37079",56360.6777105188
"37081",178047.895573932
"37083",289523.288221425
"37085",217538.733116928
"37087",280718.9080403
"37089",163513.787219334
"37091",159998.150172478
"37093",173298.544926121
"37095",235825.853002444
"37097",119779.065965709
"37099",270201.498897858
"37101",232490.50097541
"37103",221319.32606363
"37105",97167.6228832778
"37107",135109.018960626
"37109",78746.3346273352
"37111",232983.77412341
"37113",277801.127960268
"37115",223580.574469695
"37117",221101.904243017
"37119",92651.8375217951
"37121",98060.8916770609
"37123",241187.423094664
"37125",316847.792715047
"37127",184011.076391667
"37129",36093.4020818952
"37131",238286.814982701
"37133",348293.188608123
"37135",135604.563201449
"37137",151567.918733949
"37139",28524.5377766134
"37141",430270.836221107
"37143",72314.4614175752
"37145",140324.976675868
"37147",159992.254579285
"37149",100259.045460506
"37151",292785.703880338
"37153",253072.428058178
"37155",335570.938878717
"37157",250529.231672443
"37159",137661.91680765
"37161",212696.452428253
"37163",256305.62833916
"37165",139402.903913495
"37167",116088.754409539
"37169",205490.614504612
"37171",200117.959130712
"37173",307902.407812654
"37175",219376.335044191
"37177",151023.490586666
"37179",155604.360573155
"37181",105468.456288337
"37183",150668.9138873
"37185",216825.172059319
"37187",110235.291893044
"37189",122639.49385081
"37191",164310.171470401
"37193",342830.846478648
"37195",83132.7308644363
"37197",81186.6149787207
"37199",157484.37402018
"38003",1524.34666409569
"38005",19979.096678234
"38007",74208.9462641646
"38009",17490.3286935483
"38013",4648.39408408969
"38015",5938.70447286774
"38017",6856.83860722368
"38019",37011.921242855
"38025",116103.096945566
"38027",5765.99263629295
"38029",12724.4183514402
"38031",3253.45391971139
"38033",7572.40537918078
"38035",11349.0900427648
"38037",15956.4782610013
"38039",2954.94007319298
"38045",10502.3332987626
"38049",31431.2587162537
"38053",91590.4977180331
"38055",12361.3152831711
"38057",12238.5152684717
"38059",22411.4540282705
"38061",13742.8983497971
"38063",5678.58921695614
"38065",10806.0126523014
"38067",58646.8208302628
"38071",5938.70447286774
"38073",26173.9863410478
"38075",8308.86395484857
"38077",16935.9820103896
"38079",66060.0463826172
"38083",2196.62285861576
"38085",3471.91336322545
"38087",5938.70447286774
"38089",881.535353248015
"38097",11136.4757812771
"38099",15578.5518535744
"38101",14445.3584860036
"38103",5518.28576712002
"38105",13209.5689359422
"39001",234724.356152696
"39003",28233.1137326423
"39005",113851.452685593
"39007",159821.690869263
"39009",247317.212106755
"39011",34290.138624684
"39013",233447.361859845
"39015",82357.7913368809
"39017",77781.7803621865
"39019",108939.853832372
"39021",24721.7371946732
"39023",47021.7945643063
"39025",94327.155212163
"39027",31023.2452938447
"39029",145059.59452989
"39031",179913.740435674
"39033",8637.45001431717
"39035",63412.4440198066
"39037",36004.3958745768
"39039",33594.1624237502
"39041",17299.461501141
"39043",20224.8667477411
"39045",55606.6650682161
"39047",10200.3176765492
"39049",33790.5825856258
"39051",36358.8669639083
"39053",164594.145339588
"39055",131863.172242279
"39057",28460.114315044
"39059",206013.153713411
"39061",90529.6552728005
"39063",23334.084439513
"39065",10939.2113991322
"39067",148084.786997035
"39069",23841.084451005
"39071",90650.1969110207
"39073",242716.684410833
"39075",88270.7028471391
"39077",42176.0677710238
"39079",154321.71027323
"39081",114707.933401925
"39083",88795.6153574125
"39085",69626.9370659733
"39087",238262.073366391
"39089",95527.6983469862
"39091",42878.7815099272
"39093",69750.1059969718
"39095",35125.7541513881
"39097",18783.8823236899
"39099",46393.1974715808
"39101",27057.2264317338
"39103",45725.686340202
"39105",192693.898431298
"39107",1525.26650852374
"39109",27620.8271126965
"39111",164975.770026346
"39113",41672.5522265556
"39115",117016.106459969
"39117",85446.0962632579
"39119",212803.685963784
"39121",142780.664394178
"39123",21876.6054158631
"39125",10704.3311071543
"39127",152145.623376083
"39129",15282.1615366866
"39131",166339.542440161
"39133",112498.301716947
"39135",54442.8861131773
"39137",4682.20884089428
"39139",49059.6221365998
"39141",200867.854748882
"39143",9482.35614404881
"39145",268257.461636377
"39147",30538.0507520605
"39149",19922.9536687887
"39151",53227.3104389374
"39153",94361.7429848626
"39155",207318.305625071
"39157",175958.238295197
"39159",8239.86994450722
"39161",17954.2362344273
"39163",207737.039232243
"39165",61831.3989639289
"39167",252379.486773252
"39169",44032.6261519363
"39171",39764.6091322726
"39173",31707.0991592412
"39175",16273.7194592526
"40001",202615.690488802
"40003",18505.7015504209
"40005",381950.506726135
"40009",130131.761045192
"40011",80008.597574255
"40013",147723.87352705
"40015",96411.8668997825
"40017",49609.3153022676
"40019",160545.704423002
"40021",267618.204626133
"40023",242364.536170336
"40025",42696.3011347236
"40027",112328.308414189
"40029",129617.871512348
"40031",102856.544478668
"40033",59960.2758320827
"40035",42154.2210964838
"40037",340478.902680908
"40039",37173.7272172987
"40041",189877.129184741
"40043",109022.481983264
"40045",33797.4927701981
"40047",15856.0178891236
"40049",168492.544142272
"40051",119411.523247828
"40053",17158.4940851544
"40055",107966.960056792
"40057",54372.0589837214
"40059",6139.03529012078
"40061",172292.532060998
"40063",277367.253138659
"40065",93300.0427315659
"40067",123785.085313449
"40069",194807.059707699
"40071",73687.948785008
"40073",24655.8755096216
"40075",81890.6063437754
"40077",303748.299333908
"40079",670119.895149398
"40081",195933.465377816
"40083",103394.501970421
"40085",157148.001868987
"40087",64097.6471030725
"40089",927449.495818228
"40091",172764.043227754
"40093",92327.4120608186
"40095",92791.3401602372
"40097",133390.402157807
"40099",74122.8836377348
"40101",197457.093093288
"40103",39063.4080136225
"40105",42392.0750887546
"40107",199070.152513602
"40109",131031.638476313
"40111",144613.527693779
"40113",457602.297647961
"40115",49865.9162870982
"40117",113805.435225163
"40119",155473.144703323
"40121",394924.851991103
"40123",195619.299760607
"40125",219061.054501148
"40127",749081.045561479
"40129",68030.8670810515
"40131",85080.4532293836
"40133",204988.699416984
"40135",242982.811764678
"40137",149854.126001492
"40141",54910.4825150907
"40143",94459.4657181207
"40145",115667.434552916
"40147",50951.8363605245
"40149",32635.0537931837
"40151",66135.9563411067
"40153",88784.1313938486
"41001",734700.142350513
"41003",290239.304656507
"41005",860535.42962965
"41007",446721.539577001
"41009",353465.811686521
"41011",883801.335711313
"41013",1039676.64682804
"41015",979727.700336445
"41017",1245488.80403591
"41019",2765748.82515182
"41023",1854462.58704885
"41025",852088.409669883
"41027",267832.094490452
"41029",1494808.8108253
"41031",620522.835105629
"41033",962089.534856715
"41035",2963427.21308607
"41037",1423297.93642116
"41039",2458505.69377615
"41041",529026.558319062
"41043",976475.368659644
"41045",95617.3816530078
"41047",408972.927501409
"41049",227618.11817105
"41051",118589.758259308
"41053",313623.818251487
"41057",611647.237364191
"41059",567929.046215168
"41061",835647.606635272
"41063",968791.331800446
"41065",575029.331136116
"41067",250226.662746363
"41069",535161.172150188
"41071",229405.259545329
"42001",129823.392768976
"42003",150812.491629976
"42005",234880.622459414
"42007",122601.552089142
"42009",356250.661500345
"42011",196317.846939413
"42013",268079.747483007
"42015",408033.488576623
"42017",125867.638085452
"42019",241293.357844842
"42021",267402.93207089
"42023",221523.033088199
"42025",171501.200503803
"42027",556131.887947038
"42029",97276.605456558
"42031",216396.581108032
"42033",585365.515942524
"42035",449626.023696294
"42037",117563.295366973
"42039",270334.685201342
"42041",92016.100401521
"42043",139296.763364051
"42045",4269.81416074354
"42047",483516.870026042
"42049",248203.623375738
"42051",319922.881003923
"42053",281449.789340106
"42055",211156.067438807
"42057",176393.693956284
"42059",237016.014324615
"42061",447070.964053616
"42063",325010.878325618
"42065",282071.784532871
"42067",125847.128345491
"42069",206348.706540899
"42071",86903.8648333462
"42073",105669.265487442
"42075",87523.6654472803
"42077",70392.2398026179
"42079",389738.535209189
"42081",632938.358652689
"42083",533672.632955323
"42085",140276.826634289
"42087",125864.425358769
"42089",283864.816793612
"42091",38928.4706655063
"42093",23320.1544281636
"42095",62166.7012038209
"42097",147440.501399321
"42099",229243.165273089
"42101",7341.11391379431
"42103",297064.69343177
"42105",528866.947554573
"42107",309477.765798633
"42109",111216.039845158
"42111",427833.826402082
"42113",243889.977223946
"42115",314569.608317673
"42117",501274.236771357
"42119",112780.980726278
"42121",282868.80461138
"42123",472221.578234523
"42125",257868.053156696
"42127",356721.99223066
"42129",385360.018130004
"42131",172425.956756964
"42133",115569.257137833
"44001",8720.14678051564
"44003",48205.5265845814
"44005",15292.3854840782
"44007",170561.567358737
"44009",118347.748681015
"45001",260746.071322478
"45003",429278.552514383
"45005",190225.702687004
"45007",194384.189893502
"45009",195474.920098469
"45011",285524.663263558
"45013",129665.738405543
"45015",563736.052660423
"45017",171454.347346247
"45019",282047.864837524
"45021",183540.221846346
"45023",306978.750442323
"45025",369027.365969809
"45027",222246.425650172
"45029",493892.666839329
"45031",161489.61340375
"45033",139106.206854478
"45035",263520.99855198
"45037",233992.386587323
"45039",400660.779650522
"45041",338828.770203179
"45043",422547.608004345
"45045",219556.674169883
"45047",212324.936812991
"45049",248124.325044821
"45051",465973.605642454
"45053",316258.857672376
"45055",341709.738663299
"45057",254580.121839681
"45059",334169.995391283
"45061",121017.320111737
"45063",262726.26446789
"45065",198190.224239389
"45067",220785.319134265
"45069",227832.727811255
"45071",341015.805886765
"45073",247868.537570571
"45075",434060.496341068
"45077",232810.783464993
"45079",305981.332876455
"45081",208160.679496027
"45083",216866.843194558
"45085",276132.040074469
"45087",259496.596002304
"45089",407791.05695395
"45091",263872.241005347
"46005",1012.72527912885
"46007",29382.8856158154
"46009",14063.797030098
"46013",5978.0604055845
"46015",5752.54200020355
"46019",11095.5612384302
"46023",6929.49913118877
"46025",3239.55875826949
"46027",6145.74863013699
"46031",17934.1812167535
"46033",412251.383419047
"46035",4483.54530418838
"46039",3862.55751579783
"46041",11956.120811169
"46045",4091.29487067595
"46047",108929.813534403
"46051",5297.17128150924
"46053",59572.2162356588
"46055",5808.92160154879
"46057",1722.11779521794
"46059",2989.03020279225
"46061",5434.98402979265
"46063",25102.8396734158
"46071",44280.9222692017
"46073",5798.22087342279
"46075",3128.23233971069
"46077",1536.43715753425
"46079",6929.49913118877
"46081",354048.018831243
"46083",5434.98402979265
"46085",4483.54530418838
"46091",7813.19735618974
"46093",84324.9801209954
"46095",18203.9615091759
"46097",1494.51510139613
"46099",3276.37685766393
"46101",1438.13550005089
"46103",428639.469979331
"46105",4483.54530418838
"46109",10236.0873043919
"46111",15685.671266224
"46113",60980.0159635629
"46115",1494.51510139613
"46117",5752.54200020355
"46119",1494.51510139613
"46121",32565.0601469796
"46123",8839.47695289874
"46127",11363.5315627039
"46129",4340.12768260274
"46137",5978.0604055845
"47001",133093.5522821
"47003",100846.992411707
"47005",169781.87373536
"47007",185964.56485343
"47009",255577.274483603
"47011",43233.0744134895
"47013",218028.544637514
"47015",87876.5064704159
"47017",189725.015700531
"47019",139261.384093528
"47021",113973.022884337
"47023",116792.42414568
"47025",140903.156688514
"47027",82820.4567229559
"47029",181033.376388208
"47031",116687.397546575
"47033",10819.964064697
"47035",322471.154671977
"47037",126318.384570758
"47039",160475.834838387
"47041",150759.917360771
"47043",183122.874062917
"47045",51390.2791511341
"47047",229497.416283284
"47049",239680.025367776
"47051",172112.732444272
"47053",62398.2042769764
"47055",223428.064540634
"47057",109245.620449991
"47059",160679.427533096
"47061",175020.464342069
"47063",24411.7635802025
"47065",182115.249438434
"47067",89703.1000133112
"47069",259939.597143372
"47071",268141.145371945
"47073",186049.143374271
"47075",96451.0597466268
"47077",194357.152351463
"47079",174384.354674431
"47081",308118.514950147
"47083",82900.9575040782
"47085",208458.669614359
"47087",131643.797248091
"47089",84288.7455140355
"47091",147259.318729339
"47093",91431.9935430823
"47095",24291.4675402739
"47097",90480.8023749824
"47099",157979.262391817
"47101",157129.823278861
"47103",137557.811596059
"47105",55493.5343664741
"47107",168771.691022633
"47109",229343.250770751
"47111",87499.087497626
"47113",150516.293429634
"47115",267083.006850017
"47117",129920.06979707
"47119",132642.56747222
"47121",64348.8556691101
"47123",253408.557920488
"47125",132481.188754512
"47127",33912.8919689153
"47129",257201.950845577
"47131",91621.32316677
"47133",140599.077283199
"47135",194341.388374933
"47137",66881.8308639343
"47139",212113.754805966
"47141",124540.01998489
"47143",130331.011036458
"47145",176025.534001981
"47147",31960.6072557933
"47149",148802.074418411
"47151",305099.252975281
"47153",125753.126528025
"47155",273490.303321042
"47157",158973.57268634
"47159",101212.291562273
"47161",203001.993270804
"47163",126631.86049265
"47165",90371.7239841335
"47167",51541.4675906398
"47169",40123.9486537127
"47171",109256.317083337
"47173",115911.544856461
"47175",121894.329025205
"47177",105224.942689495
"47179",71583.4145986293
"47181",338928.21189618
"47183",99601.0628554884
"47185",140665.710466539
"47187",143383.919458389
"47189",128938.472165745
"48001",430610.268889012
"48003",405075.159506319
"48005",389918.567315988
"48007",41752.1327440929
"48009",283255.528118091
"48011",144238.074548387
"48013",253190.382383986
"48015",71793.7060748662
"48019",376445.649665767
"48021",210268.697312446
"48023",317878.608767838
"48025",244882.709302825
"48027",210862.178825518
"48029",198051.637201966
"48031",279174.234464235
"48033",275419.435547338
"48035",345854.51794028
"48037",285040.965998799
"48039",240015.831434601
"48041",111202.194698038
"48043",383382.523191339
"48045",213792.804814641
"48047",278963.380984054
"48049",425630.167094527
"48051",126751.178482879
"48053",369780.146965907
"48055",131678.867465498
"48057",77216.2690486408
"48059",416310.656597132
"48061",40428.5080934492
"48063",37078.2098665354
"48067",415405.375999295
"48071",37666.9936401407
"48073",400562.933228253
"48075",103732.750368074
"48077",302208.403731906
"48079",65283.9848607163
"48081",381192.093446146
"48083",493822.79736465
"48085",77132.6284623581
"48087",72911.935390203
"48089",112998.127815192
"48091",167197.942971082
"48093",260296.250438787
"48095",369048.748588699
"48097",139620.304328979
"48099",327716.187672869
"48101",196326.044011781
"48103",279235.440118849
"48105",1511079.68388417
"48107",93739.2957567612
"48109",186298.06764527
"48113",100739.083236538
"48115",29377.7931873223
"48117",32641.9924303581
"48119",36090.9866097943
"48121",108593.067580451
"48123",204864.765890458
"48125",234492.358068441
"48127",450652.757000827
"48129",97451.2778519567
"48131",484408.990187772
"48133",381767.123223026
"48135",302721.816211928
"48137",1001863.27208156
"48139",109026.682096784
"48141",122153.36814951
"48143",318255.558088106
"48145",51060.1958234621
"48147",161536.657219197
"48149",206048.199205582
"48151",186268.633834356
"48153",52768.6556861636
"48155",195651.234869452
"48157",64754.8555052014
"48159",85779.0348511929
"48161",254657.07834141
"48163",366665.916663853
"48165",71768.8062868934
"48167",8294.99156695219
"48169",288046.990319022
"48171",468153.93845526
"48173",271520.238568758
"48175",197062.536840874
"48177",225072.3874935
"48179",26078.5637715882
"48181",205375.511461578
"48183",88437.6125288867
"48185",143877.433287295
"48187",102179.556654482
"48189",1899.63991987561
"48191",192654.527798829
"48193",246390.771865753
"48197",118609.40431715
"48199",489835.863523228
"48201",208739.165633556
"48203",379350.37872262
"48205",6528.39848607163
"48207",215502.187794451
"48209",222028.372656608
"48211",13056.7969721433
"48213",195580.195879624
"48215",209798.289936632
"48217",206715.556021067
"48219",54239.4035119425
"48221",101638.429015711
"48223",176102.907855904
"48225",398414.830359683
"48227",199243.824399556
"48229",231144.668701066
"48231",114697.17503504
"48233",57283.6022543961
"48235",547304.630036225
"48237",407571.601152465
"48239",130255.140457369
"48241",540395.248702992
"48243",280166.598468449
"48245",71894.8662326369
"48247",414149.095613086
"48249",256047.267763757
"48251",69583.2024666905
"48253",121670.687089468
"48255",102425.911730075
"48257",152461.264172501
"48259",245718.269010413
"48261",390922.370263147
"48263",259070.537922962
"48265",495764.758558189
"48267",643161.649001247
"48269",299062.048233524
"48271",353113.215972157
"48273",154552.289051448
"48275",285127.685980637
"48277",166772.09095619
"48279",5879.72375569858
"48281",237781.512844426
"48283",415864.879521853
"48285",206993.112984166
"48287",126450.513385742
"48289",318105.130714837
"48291",406700.742566447
"48293",216941.655389366
"48297",247672.673149445
"48299",443316.532095052
"48301",163837.054569677
"48305",41887.3536847691
"48307",418295.391855192
"48309",120589.326621611
"48311",291071.265734863
"48313",63190.882030327
"48315",216934.206973527
"48317",105762.353470627
"48319",471344.754173162
"48321",66498.5180319158
"48323",397505.203328988
"48325",389787.793168132
"48327",539578.396037859
"48329",229548.355180391
"48331",196880.152537336
"48333",213547.764953147
"48335",210803.515974076
"48337",256673.255874171
"48339",365498.599565483
"48341",16511.4138692907
"48343",65118.9710931809
"48345",267844.678408716
"48347",446933.234573561
"48349",240683.887399938
"48351",543912.276328835
"48353",324442.246373418
"48355",33179.9662678087
"48357",4700.9952954444
"48359",212172.950797328
"48361",115452.683193235
"48363",472393.576131112
"48365",386216.249114544
"48367",165952.494067556
"48371",1395744.47856123
"48373",578394.043666776
"48375",136687.806721935
"48377",145768.038843979
"48379",34995.6727646853
"48381",11980.9847895783
"48383",500097.807837473
"48385",283380.756171736
"48387",320660.479370014
"48389",402770.861638253
"48391",265730.634325899
"48393",14688.8965936612
"48395",171758.928868865
"48397",5622.86547007629
"48399",176951.309977298
"48401",314325.461387315
"48403",279634.75753562
"48405",275507.548424859
"48407",273937.709099786
"48409",70965.1762788841
"48411",502220.708593386
"48413",616104.847313376
"48415",196099.104338019
"48417",460273.589610177
"48419",315625.185159682
"48423",242363.204793183
"48425",74821.6966045341
"48427",187077.413925867
"48429",483114.649704566
"48431",403679.367045215
"48433",357171.343851201
"48435",671386.226361938
"48437",12199.5725521326
"48439",97467.4247363598
"48441",247637.88943482
"48443",580974.012222434
"48445",12213.5498532913
"48447",321344.978241612
"48449",100979.825226542
"48451",461203.49002831
"48453",260987.440613723
"48455",338170.811568363
"48457",527363.417481189
"48459",194368.030130379
"48461",404273.1870434
"48463",555915.844863363
"48465",708741.215717629
"48467",147484.0440812
"48469",184899.085730243
"48471",338901.614159939
"48473",79339.799912421
"48475",302642.697106351
"48477",111605.672838706
"48479",865830.765649895
"48481",42825.3951486224
"48483",10325.2432331875
"48485",123292.888021457
"48487",171979.6904061
"48489",81793.2576909833
"48491",160548.588959636
"48493",201382.902098188
"48495",218558.366952963
"48497",159212.525774655
"48499",257037.573683543
"48501",31009.8928088402
"48503",327994.557134012
"48505",260649.919981998
"48507",451208.546217314
"49001",749107.195728622
"49003",311786.121587402
"49005",289009.84266697
"49007",504318.038306305
"49009",313698.236921921
"49011",18283.7131147541
"49013",1136806.43314299
"49015",635457.995765247
"49017",1627801.97175368
"49019",953293.68186916
"49021",865015.993600315
"49023",459754.793495174
"49025",1356596.59821426
"49027",651303.84532131
"49029",190379.7393501
"49031",233512.674963766
"49033",97511.6054886484
"49035",171038.8325665
"49037",1642072.66955937
"49039",530125.986407032
"49041",648639.430419598
"49043",711597.384299397
"49045",442915.676600649
"49047",984703.705569456
"49049",666829.257524169
"49051",509455.388267986
"49053",764272.818039343
"49055",280656.66679431
"49057",132262.563327715
"50001",304088.52983385
"50003",336511.790792794
"50005",325680.339233554
"50007",214267.595705019
"50009",408470.625944429
"50011",256855.144075465
"50013",14364.5663981207
"50015",269303.556647859
"50017",327704.332887682
"50019",346084.864798985
"50021",445538.817334263
"50023",333028.318609245
"50025",458402.337908908
"50027",482788.145272872
"51001",104921.155048798
"51003",294529.094131364
"51005",252737.855484672
"51007",155590.234280521
"51009",240052.03255194
"51011",128102.040786234
"51015",336656.822298293
"51017",287103.670782359
"51019",288911.504673755
"51021",161685.767622389
"51023",261172.338543676
"51025",262655.169980038
"51027",296251.615874017
"51029",323987.846135493
"51031",226397.246133785
"51033",250983.211532304
"51035",195105.890098121
"51036",93612.9897041001
"51037",213940.938829981
"51041",155503.836564697
"51043",27808.8211991328
"51045",157553.802175788
"51047",100633.818984126
"51049",115652.206425865
"51051",196604.94808795
"51053",236283.57560949
"51057",93668.0686749873
"51059",74827.3132323676
"51061",208289.010354135
"51063",125981.992921506
"51065",97928.4480957814
"51067",261468.165973984
"51069",168674.721275525
"51071",205838.009154253
"51073",88864.5156317041
"51075",109063.379611697
"51077",158240.329399609
"51079",77669.4294079994
"51081",125405.64864906
"51083",375627.873480491
"51085",189541.309853028
"51087",65281.9064700008
"51089",204544.73994328
"51091",231757.971946389
"51093",112152.235491044
"51095",60393.4582171148
"51097",137522.035625594
"51099",75333.3431157823
"51101",111983.69083936
"51103",45592.0508256696
"51105",182956.82854309
"51107",107846.094769996
"51109",200793.094219429
"51111",243174.664669825
"51113",93439.8833089909
"51115",26305.9680129674
"51117",303553.781543769
"51119",49657.6697727824
"51121",168437.496203488
"51125",249988.531418782
"51127",81643.7302780059
"51131",26650.1486165036
"51133",64359.8861191309
"51135",146010.800311362
"51137",140170.862713445
"51139",114229.827127314
"51141",211455.785146391
"51143",402109.242803756
"51145",100620.934639943
"51147",146199.91663952
"51149",107099.689197084
"51153",88231.6697218967
"51155",122824.598677201
"51157",135615.807666123
"51159",79040.5111949329
"51161",94189.6577433443
"51163",294172.599147697
"51165",373857.367997296
"51167",148131.767045669
"51169",257742.175575608
"51171",192706.583136312
"51173",184035.229255321
"51175",250628.280197102
"51177",147708.869204889
"51179",121509.038164383
"51181",141546.041819943
"51183",257535.89826344
"51185",231469.590052728
"51187",80827.8967098557
"51191",199928.788440963
"51193",92167.3831464058
"51195",167948.797760422
"51197",112243.230534163
"51199",43294.9146314479
"51550",94994.0636950627
"51650",1297.09125367873
"51700",5742.49257857733
"51800",175760.941903032
"51810",35676.8459306067
"53003",72983.4144060607
"53007",1238405.40951049
"53009",1049000.6054765
"53011",187745.526480148
"53013",180568.823467557
"53015",626461.001251712
"53017",6007.98478285977
"53019",1231488.46766189
"53023",117831.304644508
"53027",1114328.15543504
"53029",46804.6590902208
"53031",942271.894922938
"53033",872343.266169255
"53035",173619.952559957
"53037",759783.234485487
"53039",568429.630882164
"53041",1298315.24420112
"53043",74449.790394398
"53045",467556.209261857
"53047",2275527.14691559
"53049",549221.089946841
"53051",768164.2879125
"53053",738966.213937971
"53055",84761.7051805425
"53057",757190.987578469
"53059",977670.765482916
"53061",814061.982469377
"53063",423609.749377439
"53065",1243366.16522259
"53067",233999.371602875
"53069",126621.662853343
"53071",15429.5681920204
"53073",834891.316157799
"53075",25668.875919402
"53077",1166151.19174719
"54001",137618.391547939
"54003",99703.442754359
"54005",286368.777075777
"54007",247023.440171911
"54009",54463.2880583514
"54011",114110.626311315
"54013",101204.881374862
"54015",217691.003123847
"54017",155939.791335943
"54019",347505.310522363
"54021",190797.208950401
"54023",249355.070054256
"54025",614219.895687528
"54027",294150.44332997
"54029",31288.6771128777
"54031",328035.825915504
"54033",125102.481487937
"54035",228407.821552701
"54037",32045.6038316946
"54039",281203.35284614
"54041",188282.15008299
"54043",240581.134232154
"54045",304825.595141747
"54047",406667.910883123
"54049",109321.679151482
"54051",170471.244756716
"54053",171765.635141666
"54055",186521.935095811
"54057",157604.112899537
"54059",300147.927702701
"54061",133536.161927644
"54063",139625.270547241
"54065",114209.394728595
"54067",369744.934723831
"54069",44939.2640163952
"54071",390180.475025262
"54073",63839.8031405671
"54075",521409.094858378
"54077",280622.731058196
"54079",175442.644120128
"54081",208900.13277609
"54083",555525.079404639
"54085",257422.17111508
"54087",230411.651410537
"54089",113667.372120564
"54091",51590.8021236467
"54093",196688.224230735
"54095",103623.159530183
"54097",149687.480608761
"54099",274838.561462736
"54101",423671.432831901
"54103",189841.728957523
"54105",110935.260382104
"54107",197202.594815979
"54109",347842.571845242
"55001",241018.639532513
"55003",444804.845260631
"55005",171431.882118681
"55007",807118.346017424
"55009",61893.8254439454
"55011",207528.411918534
"55013",387654.697068666
"55015",35467.6658572355
"55017",273876.627066414
"55019",328614.006907852
"55021",98543.2977239375
"55023",162323.066936334
"55025",104214.558482161
"55027",50506.8166795874
"55029",151535.868433678
"55031",670181.688732611
"55033",220469.455418529
"55035",168972.568829859
"55037",291443.400257673
"55039",43196.0761919019
"55041",574800.57149813
"55043",205839.741023227
"55045",43033.0405228249
"55047",48778.1975408711
"55049",160286.618983779
"55051",448253.347588214
"55053",362458.841812823
"55055",52420.2393732475
"55057",266001.412029959
"55059",18182.136802986
"55061",25075.6320953709
"55063",143159.316805427
"55065",54041.1313052722
"55067",420568.956373198
"55069",422445.002883594
"55071",100069.836201307
"55073",469702.110290749
"55075",719568.919906394
"55077",126632.48623465
"55078",227004.645396319
"55079",11594.118210242
"55081",297230.47498256
"55083",367477.885330764
"55085",604764.233719812
"55087",64988.2366801849
"55089",23697.2017025072
"55091",63948.2600329891
"55093",105518.357228687
"55095",284181.176246774
"55097",181553.32666065
"55099",632240.866707009
"55101",19601.3617943899
"55103",171678.910809658
"55105",68943.8780794269
"55107",412582.443512128
"55109",132343.439738844
"55111",196802.556074572
"55113",647211.516257009
"55115",289983.005638789
"55117",74531.1573256311
"55119",405361.045475385
"55121",160602.509425539
"55123",241527.641887943
"55125",488775.335154442
"55127",50676.2709896587
"55129",392177.583266648
"55131",49425.1842940508
"55133",60614.1363645402
"55135",217983.861082971
"55137",162568.56494926
"55139",29575.3952140399
"55141",240585.42076706
"56001",1036390.73012203
"56003",516851.72169512
"56005",206289.974159308
"56007",1538579.73761531
"56009",499458.019403965
"56011",1051814.53701509
"56013",2010627.36543231
"56015",31070.517595749
"56017",296744.776516273
"56019",853506.622064498
"56021",42436.6082912032
"56023",1418631.97563473
"56025",331445.467065348
"56027",63541.7081152299
"56029",3853401.63315699
"56031",215319.362567872
"56033",670258.942230615
"56035",1537936.85539938
"56037",356813.071876619
"56039",3785893.81693687
"56041",178859.950434757
"56043",209113.179599952
"56045",327516.103083114
